id,title,filtered_words,label
R129,New Report on Election,"['middle', 'present', 'degree', 'suffer', 'long', 'put', 'paper', 'camera', 'true', 'simply', 'cost', 'factor', 'miss', 'experts', 'discuss', 'ongoing', 'developments', 'election']",REAL
R227,New Report on Climate Change,"['quickly', 'heavy', 'chance', 'major', 'particular', 'mean', 'special', 'three', 'tax', 'consider', 'several', 'many', 'suggest', 'program', 'suggest', 'experts', 'discuss', 'ongoing', 'developments', 'climate', 'change']",REAL
F231,Aliens Confirmed by Sources,"['force', 'value', 'see', 'customer', 'knowledge', 'responsibility', 'vote', 'program', 'civil', 'design', 'sport', 'establish', 'security', '—', 'shocking', 'claims', 'aliens', 'surface', 'internet']",FAKE
R066,New Report on Policy,"['water', 'power', 'particularly', 'power', 'south', 'teach', 'strong', 'good', 'see', 'within', 'upon', 'experts', 'discuss', 'ongoing', 'developments', 'policy']",REAL
F095,Mind Control Confirmed by Sources,"['eye', 'record', 'drive', 'dinner', 'pressure', 'me', 'city', 'purpose', 'song', 'spend', 'economic', 'market', 'represent', '—', 'shocking', 'claims', 'mind', 'control', 'surface', 'internet']",FAKE
R174,New Report on Policy,"['necessary', 'enough', 'represent', 'trade', 'treatment', 'outside', 'ball', 'conference', 'control', 'south', 'structure', 'everything', 'despite', 'experts', 'discuss', 'ongoing', 'developments', 'policy']",REAL
R201,New Report on Public Health,"['resource', 'nearly', 'particularly', 'home', 'unit', 'way', 'plan', 'represent', 'decision', 'position', 'girl', 'despite', 'bar', 'black', 'enter', 'piece', 'social', 'similar', 'style', 'section', 'key', 'experts', 'discuss', 'ongoing', 'developments', 'public', 'health']",REAL
R072,New Report on Education,"['seem', 'section', 'health', 'fight', 'major', 'skin', 'article', 'occur', 'sure', 'amount', 'line', 'story', 'wind', 'southern', 'experts', 'discuss', 'ongoing', 'developments', 'education']",REAL
R064,New Report on Research,"['ground', 'authority', 'design', 'model', 'west', 'with', 'agency', 'less', 'our', 'development', 'open', 'understand', 'plan', 'attention', 'line', 'experts', 'discuss', 'ongoing', 'developments', 'research']",REAL
F037,Miracle Drug Confirmed by Sources,"['check', 'radio', 'try', 'yard', 'few', 'ball', 'reflect', 'perhaps', 'cultural', 'play', 'source', 'less', 'blood', 'line', 'entire', 'around', 'mr', 'owner', 'develop', 'water', '—', 'shocking', 'claims', 'miracle', 'drug', 'surface', 'internet']",FAKE
R170,New Report on Technology Breakthrough,"['later', 'deep', 'condition', 'effort', 'market', 'worry', 'head', 'perform', 'teacher', 'certainly', 'quality', 'wide', 'experts', 'discuss', 'ongoing', 'developments', 'technology', 'breakthrough']",REAL
F110,Celebrity Scandal Confirmed by Sources,"['energy', 'capital', 'every', 'early', 'training', 'particular', 'war', 'effort', 'indicate', 'matter', 'side', 'probably', '—', 'shocking', 'claims', 'celebrity', 'scandal', 'surface', 'internet']",FAKE
F048,Secret Cure Confirmed by Sources,"['investment', 'listen', 'never', 'attorney', 'company', 'wind', 'certainly', 'art', '—', 'shocking', 'claims', 'secret', 'cure', 'surface', 'internet']",FAKE
F082,Hoax Confirmed by Sources,"['relationship', 'war', 'somebody', 'need', 'light', 'hospital', 'ready', 'kind', 'interest', 'air', '—', 'shocking', 'claims', 'hoax', 'surface', 'internet']",FAKE
F187,Miracle Drug Confirmed by Sources,"['job', 'building', 'hand', 'whether', 'hope', 'experience', 'receive', '—', 'shocking', 'claims', 'miracle', 'drug', 'surface', 'internet']",FAKE
F027,Miracle Drug Confirmed by Sources,"['data', 'political', 'analysis', 'raise', 'green', 'fight', 'hold', 'ago', 'start', 'space', 'something', 'ok', 'media', 'country', 'lead', 'appear', 'listen', 'bad', 'much', 'writer', 'hold', 'light', '—', 'shocking', 'claims', 'miracle', 'drug', 'surface', 'internet']",FAKE
F202,Hoax Confirmed by Sources,"['special', 'poor', 'miss', 'professional', 'campaign', 'respond', 'factor', 'pattern', '—', 'shocking', 'claims', 'hoax', 'surface', 'internet']",FAKE
F197,Secret Cure Confirmed by Sources,"['rate', 'career', 'talk', 'report', 'team', 'seek', 'almost', 'rate', 'ability', 'region', 'reason', 'candidate', '—', 'shocking', 'claims', 'secret', 'cure', 'surface', 'internet']",FAKE
R128,New Report on Climate Change,"['new', 'team', 'end', 'keep', 'probably', 'stage', 'each', 'board', 'car', 'kitchen', 'light', 'along', 'set', 'loss', 'bit', 'lot', 'wife', 'effect', 'prevent', 'source', 'chair', 'standard', 'rise', 'experts', 'discuss', 'ongoing', 'developments', 'climate', 'change']",REAL
F157,Government Cover-Up Confirmed by Sources,"['kid', 'natural', 'statement', 'rate', 'education', 'political', 'movie', 'act', 'couple', 'minute', 'total', '—', 'shocking', 'claims', 'government', 'cover-up', 'surface', 'internet']",FAKE
F117,Hoax Confirmed by Sources,"['quality', 'executive', 'increase', 'government', 'rate', 'guy', 'write', 'rich', 'west', 'able', 'make', 'state', 'trouble', 'significant', 'rock', 'sound', 'popular', 'politics', 'certain', 'value', 'since', 'bank', '—', 'shocking', 'claims', 'hoax', 'surface', 'internet']",FAKE
F173,Secret Cure Confirmed by Sources,"['movement', 'including', 'story', 'old', 'audience', 'skin', 'institution', '—', 'shocking', 'claims', 'secret', 'cure', 'surface', 'internet']",FAKE
F024,Aliens Confirmed by Sources,"['create', 'sea', 'ability', 'moment', 'style', 'rich', 'theory', 'property', 'democrat', '—', 'shocking', 'claims', 'aliens', 'surface', 'internet']",FAKE
F096,Celebrity Scandal Confirmed by Sources,"['history', 'task', 'prepare', 'many', 'discover', 'turn', 'civil', 'season', 'usually', 'magazine', 'ten', 'former', 'candidate', 'response', 'back', '—', 'shocking', 'claims', 'celebrity', 'scandal', 'surface', 'internet']",FAKE
R247,New Report on Public Health,"['lose', 'turn', 'dog', 'activity', 'eight', 'great', 'realize', 'change', 'year', 'peace', 'hair', 'experts', 'discuss', 'ongoing', 'developments', 'public', 'health']",REAL
F226,Government Cover-Up Confirmed by Sources,"['sometimes', 'billion', 'sit', 'peace', 'various', 'quite', 'plant', 'product', 'ball', 'seem', 'spring', 'notice', 'city', 'deep', 'shake', 'piece', 'left', 'teach', '—', 'shocking', 'claims', 'government', 'cover-up', 'surface', 'internet']",FAKE
F100,Flat Earth Confirmed by Sources,"['program', 'stage', 'present', 'clearly', 'reach', 'professional', 'bit', 'name', 'report', 'group', 'office', '—', 'shocking', 'claims', 'flat', 'earth', 'surface', 'internet']",FAKE
F246,Government Cover-Up Confirmed by Sources,"['song', 'energy', 'sea', 'responsibility', '—', 'shocking', 'claims', 'government', 'cover-up', 'surface', 'internet']",FAKE
F183,Aliens Confirmed by Sources,"['include', 'television', 'politics', 'far', 'wife', 'create', 'product', 'allow', 'laugh', '—', 'shocking', 'claims', 'aliens', 'surface', 'internet']",FAKE
R063,New Report on Policy,"['decide', 'approach', 'value', 'decade', 'walk', 'magazine', 'race', 'similar', 'life', 'order', 'keep', 'safe', 'seek', 'series', 'human', 'trip', 'town', 'many', 'experts', 'discuss', 'ongoing', 'developments', 'policy']",REAL
R005,New Report on Election,"['smile', 'bar', 'want', 'woman', 'experts', 'discuss', 'ongoing', 'developments', 'election']",REAL
R084,New Report on Election,"['space', 'long', 'effect', 'ago', 'program', 'attorney', 'positive', 'everyone', 'career', 'stop', 'similar', 'message', 'through', 'experts', 'discuss', 'ongoing', 'developments', 'election']",REAL
R124,New Report on Education,"['wear', 'game', 'question', 'present', 'affect', 'break', 'teacher', 'interest', 'form', 'experts', 'discuss', 'ongoing', 'developments', 'education']",REAL
R118,New Report on Research,"['public', 'yard', 'together', 'true', 'second', 'nice', 'structure', 'sense', 'mind', 'land', 'last', 'per', 'experts', 'discuss', 'ongoing', 'developments', 'research']",REAL
F001,Aliens Confirmed by Sources,"['book', 'couple', 'middle', 'western', 'fill', 'find', '—', 'shocking', 'claims', 'aliens', 'surface', 'internet']",FAKE
F007,Immortal Jellyfish Confirmed by Sources,"['picture', 'hear', 'town', 'teacher', 'physical', 'military', 'soldier', 'want', 'simple', 'star', 'purpose', 'understand', 'consider', 'break', 'sit', 'join', 'news', 'popular', 'message', 'attack', 'lay', 'impact', 'heart', 'behavior', '—', 'shocking', 'claims', 'immortal', 'jellyfish', 'surface', 'internet']",FAKE
F046,Mind Control Confirmed by Sources,"['land', 'approach', 'fear', 'street', 'religious', '—', 'shocking', 'claims', 'mind', 'control', 'surface', 'internet']",FAKE
R103,New Report on Research,"['popular', 'mind', 'arrive', 'science', 'pick', 'prepare', 'every', 'service', 'cause', 'protect', 'yourself', 'experts', 'discuss', 'ongoing', 'developments', 'research']",REAL
R037,New Report on Budget Report,"['case', 'wear', 'music', 'arm', 'around', 'hundred', 'mean', 'party', 'product', 'past', 'lot', 'peace', 'might', 'experts', 'discuss', 'ongoing', 'developments', 'budget', 'report']",REAL
F193,Secret Cure Confirmed by Sources,"['skin', 'ask', 'building', 'fear', 'floor', 'sort', 'floor', 'court', 'news', 'help', 'benefit', 'hold', 'something', 'class', 'leave', 'necessary', 'police', 'fight', 'say', 'believe', 'modern', 'pick', 'participant', '—', 'shocking', 'claims', 'secret', 'cure', 'surface', 'internet']",FAKE
R166,New Report on Election,"['lead', 'term', 'head', 'blood', 'professional', 'material', 'experts', 'discuss', 'ongoing', 'developments', 'election']",REAL
F017,Immortal Jellyfish Confirmed by Sources,"['police', 'door', 'remain', 'officer', 'another', 'few', 'east', 'size', 'law', 'watch', '—', 'shocking', 'claims', 'immortal', 'jellyfish', 'surface', 'internet']",FAKE
R008,New Report on Economic Growth,"['role', 'process', 'must', 'experts', 'discuss', 'ongoing', 'developments', 'economic', 'growth']",REAL
F071,Celebrity Scandal Confirmed by Sources,"['somebody', 'another', 'reality', 'president', 'international', 'allow', 'everything', 'spend', 'question', '—', 'shocking', 'claims', 'celebrity', 'scandal', 'surface', 'internet']",FAKE
F028,Mind Control Confirmed by Sources,"['strategy', 'drive', 'past', 'support', 'already', 'story', 'direction', 'democrat', '—', 'shocking', 'claims', 'mind', 'control', 'surface', 'internet']",FAKE
F227,Immortal Jellyfish Confirmed by Sources,"['city', 'public', 'relate', 'candidate', 'really', 'mean', 'million', 'property', 'cup', 'believe', 'its', '—', 'shocking', 'claims', 'immortal', 'jellyfish', 'surface', 'internet']",FAKE
R200,New Report on Public Health,"['director', 'brother', 'movie', 'experts', 'discuss', 'ongoing', 'developments', 'public', 'health']",REAL
R225,New Report on Climate Change,"['blue', 'approach', 'president', 'successful', 'final', 'assume', 'federal', 'let', 'pass', 'writer', 'experts', 'discuss', 'ongoing', 'developments', 'climate', 'change']",REAL
R062,New Report on Budget Report,"['yeah', 'work', 'six', 'public', 'product', 'republican', 'much', 'ball', 'protect', 'subject', 'beautiful', 'nothing', 'experts', 'discuss', 'ongoing', 'developments', 'budget', 'report']",REAL
F033,Hoax Confirmed by Sources,"['day', 'go', 'establish', 'reality', 'upon', 'prepare', 'care', 'method', 'people', 'actually', 'attack', 'card', 'area', 'let', '—', 'shocking', 'claims', 'hoax', 'surface', 'internet']",FAKE
F012,Hoax Confirmed by Sources,"['fight', 'resource', 'sell', 'significant', 'character', 'region', 'economic', 'reflect', 'couple', '—', 'shocking', 'claims', 'hoax', 'surface', 'internet']",FAKE
R121,New Report on Research,"['law', 'measure', 'move', 'middle', 'produce', 'case', 'building', 'wall', 'send', 'rich', 'hand', 'person', 'avoid', 'suffer', 'group', 'around', 'fire', 'best', 'may', 'free', 'place', 'couple', 'improve', 'start', 'name', 'experts', 'discuss', 'ongoing', 'developments', 'research']",REAL
F210,Aliens Confirmed by Sources,"['determine', 'imagine', 'start', 'improve', 'cost', 'task', 'work', 'order', 'price', 'degree', 'compare', 'near', 'them', 'instead', 'tell', 'including', 'fill', 'performance', 'ground', 'tv', '—', 'shocking', 'claims', 'aliens', 'surface', 'internet']",FAKE
F151,Hoax Confirmed by Sources,"['maintain', 'chance', 'daughter', 'image', 'eye', 'window', 'create', 'author', 'memory', 'field', 'performance', 'rest', 'artist', 'ready', 'time', 'state', '—', 'shocking', 'claims', 'hoax', 'surface', 'internet']",FAKE
F099,Secret Cure Confirmed by Sources,"['current', 'produce', 'table', 'world', 'might', 'right', 'factor', 'religious', 'authority', 'opportunity', 'fall', 'factor', 'author', '—', 'shocking', 'claims', 'secret', 'cure', 'surface', 'internet']",FAKE
R090,New Report on Technology Breakthrough,"['national', 'hit', 'physical', 'make', 'food', 'trial', 'beyond', 'others', 'capital', 'hold', 'actually', 'experts', 'discuss', 'ongoing', 'developments', 'technology', 'breakthrough']",REAL
R125,New Report on Budget Report,"['director', 'open', 'much', 'rate', 'various', 'write', 'community', 'since', 'station', 'rate', 'account', 'never', 'foreign', 'return', 'energy', 'floor', 'experts', 'discuss', 'ongoing', 'developments', 'budget', 'report']",REAL
R091,New Report on Climate Change,"['respond', 'recognize', 'power', 'music', 'ago', 'many', 'race', 'white', 'position', 'reflect', 'stay', 'huge', 'experts', 'discuss', 'ongoing', 'developments', 'climate', 'change']",REAL
R157,New Report on Climate Change,"['establish', 'seat', 'executive', 'hit', 'case', 'will', 'experts', 'discuss', 'ongoing', 'developments', 'climate', 'change']",REAL
F098,Miracle Drug Confirmed by Sources,"['religious', 'represent', 'deal', 'clear', 'meet', 'property', 'she', 'sort', 'talk', 'capital', 'response', 'present', 'try', 'get', 'far', 'suggest', '—', 'shocking', 'claims', 'miracle', 'drug', 'surface', 'internet']",FAKE
F164,Immortal Jellyfish Confirmed by Sources,"['local', 'man', 'effect', 'event', 'feel', 'management', 'hear', 'it', '—', 'shocking', 'claims', 'immortal', 'jellyfish', 'surface', 'internet']",FAKE
R050,New Report on Economic Growth,"['poor', 'heavy', 'onto', 'respond', 'officer', 'fly', 'young', 'better', 'including', 'everybody', 'mention', 'dog', 'election', 'experts', 'discuss', 'ongoing', 'developments', 'economic', 'growth']",REAL
R249,New Report on Climate Change,"['network', 'truth', 'record', 'defense', 'heavy', 'baby', 'experts', 'discuss', 'ongoing', 'developments', 'climate', 'change']",REAL
R093,New Report on Election,"['station', 'federal', 'drop', 'fish', 'surface', 'green', 'significant', 'region', 'attack', 'alone', 'score', 'rather', 'night', 'experts', 'discuss', 'ongoing', 'developments', 'election']",REAL
R131,New Report on Education,"['society', 'president', 'seat', 'right', 'experts', 'discuss', 'ongoing', 'developments', 'education']",REAL
F107,Flat Earth Confirmed by Sources,"['wish', 'series', 'interesting', 'short', 'impact', 'six', 'education', 'town', 'night', 'dinner', 'stage', 'sister', 'policy', 'have', '—', 'shocking', 'claims', 'flat', 'earth', 'surface', 'internet']",FAKE
F153,Hoax Confirmed by Sources,"['science', 'center', 'despite', 'still', 'rule', 'throw', 'expect', 'order', '—', 'shocking', 'claims', 'hoax', 'surface', 'internet']",FAKE
F091,Flat Earth Confirmed by Sources,"['establish', 'receive', 'agree', 'federal', 'indicate', 'management', 'yes', 'movement', 'teach', 'player', 'moment', 'claim', 'west', '—', 'shocking', 'claims', 'flat', 'earth', 'surface', 'internet']",FAKE
R246,New Report on Economic Growth,"['back', 'add', 'artist', 'left', 'everybody', 'kind', 'better', 'million', 'assume', 'language', 'company', 'improve', 'national', 'stock', 'experts', 'discuss', 'ongoing', 'developments', 'economic', 'growth']",REAL
F004,Secret Cure Confirmed by Sources,"['pretty', 'rule', 'before', 'animal', 'teach', 'ability', 'somebody', 'represent', 'person', 'fall', 'particularly', 'think', 'commercial', 'pay', '—', 'shocking', 'claims', 'secret', 'cure', 'surface', 'internet']",FAKE
F220,Celebrity Scandal Confirmed by Sources,"['common', 'option', 'either', 'specific', 'feel', 'for', 'blue', 'make', 'read', 'car', 'role', 'pm', 'tax', '—', 'shocking', 'claims', 'celebrity', 'scandal', 'surface', 'internet']",FAKE
F121,Hoax Confirmed by Sources,"['seek', 'similar', 'open', 'try', 'policy', 'blood', 'wind', 'shoulder', 'eat', 'later', 'anyone', 'issue', 'deal', 'second', '—', 'shocking', 'claims', 'hoax', 'surface', 'internet']",FAKE
F245,Mind Control Confirmed by Sources,"['smile', 'hand', 'purpose', 'even', 'door', 'yard', 'act', 'painting', 'lead', 'book', 'soldier', 'write', 'room', '—', 'shocking', 'claims', 'mind', 'control', 'surface', 'internet']",FAKE
R035,New Report on Climate Change,"['major', 'take', 'stop', 'affect', 'picture', 'experts', 'discuss', 'ongoing', 'developments', 'climate', 'change']",REAL
R024,New Report on Education,"['information', 'treatment', 'chair', 'successful', 'quite', 'machine', 'member', 'american', 'true', 'ready', 'politics', 'son', 'position', 'leg', 'experts', 'discuss', 'ongoing', 'developments', 'education']",REAL
F079,Miracle Drug Confirmed by Sources,"['say', 'kind', 'season', 'mean', 'executive', 'expert', 'major', 'growth', 'start', '—', 'shocking', 'claims', 'miracle', 'drug', 'surface', 'internet']",FAKE
R094,New Report on Policy,"['major', 'born', 'data', 'management', 'cause', 'alone', 'industry', 'example', 'type', 'claim', 'kind', 'five', 'late', 'hear', 'require', 'somebody', 'experts', 'discuss', 'ongoing', 'developments', 'policy']",REAL
R040,New Report on Policy,"['feel', 'strategy', 'later', 'sit', 'east', 'experts', 'discuss', 'ongoing', 'developments', 'policy']",REAL
F170,Immortal Jellyfish Confirmed by Sources,"['southern', 'defense', 'hold', 'great', 'chance', 'debate', 'democrat', 'face', 'today', 'artist', '—', 'shocking', 'claims', 'immortal', 'jellyfish', 'surface', 'internet']",FAKE
F130,Immortal Jellyfish Confirmed by Sources,"['despite', 'official', 'use', 'effect', 'without', 'car', 'theory', 'mind', 'american', 'continue', 'long', 'group', 'nature', 'everyone', 'drive', '—', 'shocking', 'claims', 'immortal', 'jellyfish', 'surface', 'internet']",FAKE
R085,New Report on Economic Growth,"['avoid', 'notice', 'course', 'whole', 'experts', 'discuss', 'ongoing', 'developments', 'economic', 'growth']",REAL
R054,New Report on Budget Report,"['wrong', 'side', 'already', 'media', 'game', 'heavy', 'month', 'husband', 'wide', 'gun', 'indeed', 'pretty', 'sit', 'bad', 'experts', 'discuss', 'ongoing', 'developments', 'budget', 'report']",REAL
R047,New Report on Technology Breakthrough,"['civil', 'civil', 'phone', 'though', 'blue', 'model', 'method', 'seek', 'experts', 'discuss', 'ongoing', 'developments', 'technology', 'breakthrough']",REAL
R199,New Report on Economic Growth,"['activity', 'top', 'occur', 'economy', 'important', 'treat', 'often', 'social', 'interest', 'experts', 'discuss', 'ongoing', 'developments', 'economic', 'growth']",REAL
F062,Miracle Drug Confirmed by Sources,"['third', 'modern', 'arm', 'involve', 'way', 'detail', '—', 'shocking', 'claims', 'miracle', 'drug', 'surface', 'internet']",FAKE
R244,New Report on Technology Breakthrough,"['decade', 'create', 'woman', 'party', 'about', 'way', 'behavior', 'develop', 'responsibility', 'travel', 'floor', 'former', 'experts', 'discuss', 'ongoing', 'developments', 'technology', 'breakthrough']",REAL
R107,New Report on Election,"['system', 'well', 'parent', 'answer', 'ready', 'know', 'pm', 'page', 'challenge', 'marriage', 'yet', 'experts', 'discuss', 'ongoing', 'developments', 'election']",REAL
F148,Aliens Confirmed by Sources,"['ready', 'least', 'ok', 'network', 'chance', 'mother', 'table', '—', 'shocking', 'claims', 'aliens', 'surface', 'internet']",FAKE
F023,Mind Control Confirmed by Sources,"['speech', 'operation', 'bring', 'employee', 'american', 'evidence', 'save', 'firm', 'without', 'conference', '—', 'shocking', 'claims', 'mind', 'control', 'surface', 'internet']",FAKE
R075,New Report on Budget Report,"['lay', 'arrive', 'industry', 'line', 'whose', 'seven', 'carry', 'air', 'group', 'whatever', 'inside', 'show', 'music', 'experts', 'discuss', 'ongoing', 'developments', 'budget', 'report']",REAL
R220,New Report on Public Health,"['though', 'example', 'trial', 'major', 'specific', 'although', 'high', 'rate', 'method', 'office', 'give', 'experts', 'discuss', 'ongoing', 'developments', 'public', 'health']",REAL
R099,New Report on Economic Growth,"['style', 'social', 'life', 'attorney', 'guess', 'coach', 'work', 'manager', 'card', 'civil', 'least', 'south', 'treatment', 'ten', 'experts', 'discuss', 'ongoing', 'developments', 'economic', 'growth']",REAL
F066,Flat Earth Confirmed by Sources,"['center', 'onto', 'building', 'owner', 'brother', 'training', 'full', 'task', 'vote', 'indeed', 'certain', 'development', 'rule', 'laugh', 'population', 'community', 'win', 'edge', 'station', 'cultural', '—', 'shocking', 'claims', 'flat', 'earth', 'surface', 'internet']",FAKE
F060,Flat Earth Confirmed by Sources,"['pattern', 'rock', 'heart', 'responsibility', 'claim', 'skin', 'still', 'interesting', 'local', 'director', 'particularly', '—', 'shocking', 'claims', 'flat', 'earth', 'surface', 'internet']",FAKE
F022,Government Cover-Up Confirmed by Sources,"['return', 'play', 'eye', 'record', 'view', 'lead', 'fact', 'her', 'white', 'matter', 'create', 'political', 'travel', 'low', 'hand', 'true', '—', 'shocking', 'claims', 'government', 'cover-up', 'surface', 'internet']",FAKE
F127,Mind Control Confirmed by Sources,"['environmental', 'bar', 'major', 'head', 'cut', 'member', 'keep', 'create', 'central', 'explain', '—', 'shocking', 'claims', 'mind', 'control', 'surface', 'internet']",FAKE
R212,New Report on Education,"['safe', 'color', 'would', 'offer', 'ten', 'another', 'believe', 'experts', 'discuss', 'ongoing', 'developments', 'education']",REAL
F119,Mind Control Confirmed by Sources,"['table', 'statement', 'page', 'painting', 'room', 'occur', 'could', 'significant', 'society', 'according', 'mention', 'public', '—', 'shocking', 'claims', 'mind', 'control', 'surface', 'internet']",FAKE
F103,Hoax Confirmed by Sources,"['design', 'since', 'thank', 'speak', 'audience', 'wear', 'game', 'price', 'officer', 'arrive', 'heavy', 'term', 'religious', 'foot', 'question', 'stock', 'glass', 'reach', 'yard', 'enter', 'region', 'compare', 'rock', '—', 'shocking', 'claims', 'hoax', 'surface', 'internet']",FAKE
F191,Mind Control Confirmed by Sources,"['race', 'run', 'discuss', 'meet', 'page', 'maybe', 'week', 'plant', 'measure', 'prove', 'situation', 'pattern', 'hand', 'available', 'nation', '—', 'shocking', 'claims', 'mind', 'control', 'surface', 'internet']",FAKE
F002,Mind Control Confirmed by Sources,"['real', 'full', 'prevent', 'policy', 'plant', 'check', 'win', 'positive', 'professional', 'operation', 'candidate', 'one', 'institution', 'president', 'college', 'lot', 'expect', 'help', 'newspaper', 'movement', 'similar', '—', 'shocking', 'claims', 'mind', 'control', 'surface', 'internet']",FAKE
R155,New Report on Election,"['age', 'common', 'stock', 'glass', 'yard', 'government', 'serve', 'dinner', 'add', 'concern', 'tree', 'allow', 'top', 'range', 'accept', 'way', 'yet', 'trip', 'occur', 'wear', 'baby', 'relationship', 'pass', 'experts', 'discuss', 'ongoing', 'developments', 'election']",REAL
R006,New Report on Technology Breakthrough,"['operation', 'exist', 'matter', 'answer', 'gas', 'foot', 'institution', 'three', 'experts', 'discuss', 'ongoing', 'developments', 'technology', 'breakthrough']",REAL
F086,Government Cover-Up Confirmed by Sources,"['read', 'everything', 'growth', 'a', 'laugh', 'response', 'voice', 'spring', 'house', 'arrive', 'player', 'without', 'store', 'bed', '—', 'shocking', 'claims', 'government', 'cover-up', 'surface', 'internet']",FAKE
R168,New Report on Election,"['word', 'avoid', 'shake', 'source', 'season', 'indeed', 'fill', 'hotel', 'indeed', 'rich', 'experts', 'discuss', 'ongoing', 'developments', 'election']",REAL
R077,New Report on Public Health,"['ask', 'stock', 'cultural', 'still', 'physical', 'note', 'nearly', 'impact', 'set', 'kid', 'fast', 'base', 'society', 'weight', 'five', 'probably', 'make', 'series', 'experts', 'discuss', 'ongoing', 'developments', 'public', 'health']",REAL
F209,Hoax Confirmed by Sources,"['gun', 'think', 'drop', 'age', 'own', 'account', 'newspaper', 'fight', 'economy', 'decide', 'consumer', '—', 'shocking', 'claims', 'hoax', 'surface', 'internet']",FAKE
R236,New Report on Public Health,"['address', 'trip', 'discussion', 'service', 'stand', 'blue', 'wide', 'coach', 'number', 'account', 'experts', 'discuss', 'ongoing', 'developments', 'public', 'health']",REAL
F186,Aliens Confirmed by Sources,"['kitchen', 'cell', 'news', 'strong', 'space', 'nearly', 'employee', 'billion', 'bar', 'court', 'total', 'enjoy', 'project', 'area', 'family', '—', 'shocking', 'claims', 'aliens', 'surface', 'internet']",FAKE
R243,New Report on Public Health,"['democrat', 'low', 'none', 'book', 'education', 'center', 'detail', 'training', 'board', 'experts', 'discuss', 'ongoing', 'developments', 'public', 'health']",REAL
F094,Immortal Jellyfish Confirmed by Sources,"['loss', 'name', 'foot', 'forget', 'hundred', 'someone', 'goal', 'piece', 'account', 'lawyer', 'allow', 'moment', 'star', 'grow', 'modern', 'citizen', 'chance', 'next', 'speak', 'right', 'somebody', '—', 'shocking', 'claims', 'immortal', 'jellyfish', 'surface', 'internet']",FAKE
R032,New Report on Economic Growth,"['claim', 'important', 'performance', 'exactly', 'find', 'recent', 'scientist', 'road', 'tend', 'high', 'common', 'language', 'industry', 'strategy', 'without', 'experts', 'discuss', 'ongoing', 'developments', 'economic', 'growth']",REAL
R033,New Report on Education,"['give', 'nation', 'part', 'do', 'memory', 'attention', 'food', 'way', 'set', 'despite', 'chair', 'individual', 'card', 'certainly', 'experts', 'discuss', 'ongoing', 'developments', 'education']",REAL
R045,New Report on Technology Breakthrough,"['however', 'food', 'trouble', 'compare', 'sign', 'friend', 'experts', 'discuss', 'ongoing', 'developments', 'technology', 'breakthrough']",REAL
R116,New Report on Education,"['white', 'police', 'almost', 'republican', 'important', 'short', 'employee', 'do', 'experts', 'discuss', 'ongoing', 'developments', 'education']",REAL
F056,Celebrity Scandal Confirmed by Sources,"['democrat', 'yes', 'none', 'information', 'weight', 'book', 'watch', 'thank', 'board', 'federal', 'well', 'describe', 'sure', 'especially', 'nature', 'baby', 'after', '—', 'shocking', 'claims', 'celebrity', 'scandal', 'surface', 'internet']",FAKE
R043,New Report on Policy,"['letter', 'reduce', 'gun', 'something', 'follow', 'show', 'affect', 'stand', 'subject', 'fund', 'care', 'reflect', 'admit', 'behind', 'experts', 'discuss', 'ongoing', 'developments', 'policy']",REAL
R145,New Report on Economic Growth,"['great', 'improve', 'food', 'together', 'face', 'reduce', 'government', 'glass', 'bad', 'discuss', 'answer', 'skill', 'beyond', 'experts', 'discuss', 'ongoing', 'developments', 'economic', 'growth']",REAL
F200,Secret Cure Confirmed by Sources,"['special', 'figure', 'model', 'culture', 'board', 'treatment', 'early', 'church', 'serve', 'center', 'represent', 'improve', 'oil', 'quite', 'since', 'often', 'different', 'food', 'hour', 'range', 'cut', '—', 'shocking', 'claims', 'secret', 'cure', 'surface', 'internet']",FAKE
F034,Celebrity Scandal Confirmed by Sources,"['walk', 'bill', 'serious', 'partner', 'sell', 'plan', 'road', 'develop', 'cause', '—', 'shocking', 'claims', 'celebrity', 'scandal', 'surface', 'internet']",FAKE
F149,Secret Cure Confirmed by Sources,"['ahead', 'issue', 'yes', 'law', 'me', 'guy', 'help', 'number', 'exist', 'head', '—', 'shocking', 'claims', 'secret', 'cure', 'surface', 'internet']",FAKE
F051,Secret Cure Confirmed by Sources,"['job', 'short', 'wrong', 'clear', 'know', 'western', 'thing', 'outside', 'authority', 'tax', 'build', 'office', 'traditional', 'report', 'admit', 'choose', 'economy', 'source', 'rather', 'develop', '—', 'shocking', 'claims', 'secret', 'cure', 'surface', 'internet']",FAKE
F089,Flat Earth Confirmed by Sources,"['north', 'life', 'almost', 'drive', 'question', 'process', 'material', 'person', 'commercial', 'reduce', 'new', 'animal', 'collection', 'fast', 'third', 'anything', 'else', 'american', 'model', 'office', 'science', 'arrive', 'seat', '—', 'shocking', 'claims', 'flat', 'earth', 'surface', 'internet']",FAKE
F135,Flat Earth Confirmed by Sources,"['born', 'better', 'painting', 'difficult', 'manage', 'industry', 'change', 'face', 'memory', 'summer', 'magazine', 'want', 'blood', 'fill', 'few', '—', 'shocking', 'claims', 'flat', 'earth', 'surface', 'internet']",FAKE
F088,Government Cover-Up Confirmed by Sources,"['build', 'pattern', 'north', 'might', 'subject', 'born', 'cultural', 'north', 'generation', 'probably', 'simple', 'party', 'speech', 'end', 'week', '—', 'shocking', 'claims', 'government', 'cover-up', 'surface', 'internet']",FAKE
R010,New Report on Election,"['project', 'special', 'clearly', 'start', 'foreign', 'boy', 'party', 'thing', 'less', 'culture', 'wife', 'many', 'food', 'high', 'general', 'experts', 'discuss', 'ongoing', 'developments', 'election']",REAL
R211,New Report on Policy,"['sell', 'continue', 'forget', 'music', 'old', 'already', 'include', 'company', 'capital', 'time', 'experts', 'discuss', 'ongoing', 'developments', 'policy']",REAL
F204,Miracle Drug Confirmed by Sources,"['history', 'deal', 'ahead', 'weight', 'step', 'card', 'seem', 'show', 'side', 'sense', 'need', '—', 'shocking', 'claims', 'miracle', 'drug', 'surface', 'internet']",FAKE
F168,Miracle Drug Confirmed by Sources,"['decision', 'bring', 'section', 'new', 'total', 'work', 'really', 'adult', 'kind', 'better', '—', 'shocking', 'claims', 'miracle', 'drug', 'surface', 'internet']",FAKE
R011,New Report on Public Health,"['method', 'night', 'maintain', 'role', 'father', 'another', 'dark', 'project', 'also', 'pressure', 'though', 'consumer', 'no', 'minute', 'democratic', 'current', 'experts', 'discuss', 'ongoing', 'developments', 'public', 'health']",REAL
R232,New Report on Climate Change,"['understand', 'safe', 'social', 'instead', 'experts', 'discuss', 'ongoing', 'developments', 'climate', 'change']",REAL
R042,New Report on Public Health,"['thank', 'growth', 'like', 'mouth', 'population', 'maybe', 'two', 'every', 'experts', 'discuss', 'ongoing', 'developments', 'public', 'health']",REAL
F182,Hoax Confirmed by Sources,"['capital', 'reality', 'include', 'manage', 'dinner', 'deep', 'care', 'project', 'return', 'industry', 'member', 'realize', 'anything', 'father', 'little', 'statement', 'technology', 'drive', 'various', 'area', 'west', '—', 'shocking', 'claims', 'hoax', 'surface', 'internet']",FAKE
F036,Miracle Drug Confirmed by Sources,"['security', 'strategy', 'although', 'city', 'act', 'put', 'age', 'trade', 'stage', 'first', 'value', 'everybody', 'region', '—', 'shocking', 'claims', 'miracle', 'drug', 'surface', 'internet']",FAKE
F068,Secret Cure Confirmed by Sources,"['task', 'one', 'carry', 'offer', 'lawyer', 'training', 'test', 'education', 'word', 'enough', '—', 'shocking', 'claims', 'secret', 'cure', 'surface', 'internet']",FAKE
R015,New Report on Election,"['hour', 'arrive', 'prepare', 'deal', 'since', 'simple', 'bit', 'matter', 'camera', 'experts', 'discuss', 'ongoing', 'developments', 'election']",REAL
R147,New Report on Climate Change,"['agree', 'idea', 'positive', 'structure', 'people', 'area', 'opportunity', 'mission', 'station', 'knowledge', 'experts', 'discuss', 'ongoing', 'developments', 'climate', 'change']",REAL
F198,Government Cover-Up Confirmed by Sources,"['police', 'audience', 'rate', 'heavy', 'music', 'bring', 'involve', 'share', 'base', 'fish', 'find', 'necessary', '—', 'shocking', 'claims', 'government', 'cover-up', 'surface', 'internet']",FAKE
R081,New Report on Climate Change,"['yes', 'part', 'special', 'put', 'quickly', 'apply', 'remain', 'view', 'hand', 'must', 'action', 'really', 'occur', 'discover', 'couple', 'experts', 'discuss', 'ongoing', 'developments', 'climate', 'change']",REAL
F050,Aliens Confirmed by Sources,"['smile', 'arrive', 'school', 'mother', 'pick', 'collection', 'protect', 'bill', 'yeah', 'amount', 'action', 'visit', 'simply', 'leader', '—', 'shocking', 'claims', 'aliens', 'surface', 'internet']",FAKE
F162,Celebrity Scandal Confirmed by Sources,"['four', 'yes', 'bag', 'less', 'tv', 'entire', 'record', 'happen', 'life', 'example', 'response', 'opportunity', 'computer', 'like', 'prove', 'war', 'try', 'first', '—', 'shocking', 'claims', 'celebrity', 'scandal', 'surface', 'internet']",FAKE
R028,New Report on Technology Breakthrough,"['go', 'capital', 'policy', 'sister', 'score', 'strong', 'tough', 'near', 'condition', 'heavy', 'one', 'century', 'television', 'head', 'score', 'yard', 'experts', 'discuss', 'ongoing', 'developments', 'technology', 'breakthrough']",REAL
R195,New Report on Budget Report,"['skin', 'stage', 'explain', 'player', 'rise', 'nice', 'read', 'bed', 'voice', 'since', 'improve', 'ability', 'forget', 'threat', 'sense', 'experts', 'discuss', 'ongoing', 'developments', 'budget', 'report']",REAL
F116,Aliens Confirmed by Sources,"['media', 'thing', 'would', 'politics', 'method', 'role', 'week', 'money', 'tonight', '—', 'shocking', 'claims', 'aliens', 'surface', 'internet']",FAKE
R018,New Report on Research,"['wish', 'alone', 'edge', 'hair', 'condition', 'baby', 'understand', 'defense', 'no', 'experts', 'discuss', 'ongoing', 'developments', 'research']",REAL
F073,Immortal Jellyfish Confirmed by Sources,"['describe', 'hundred', 'task', 'offer', 'start', 'final', 'likely', 'evening', 'gas', 'join', 'responsibility', 'standard', '—', 'shocking', 'claims', 'immortal', 'jellyfish', 'surface', 'internet']",FAKE
F059,Miracle Drug Confirmed by Sources,"['simply', 'alone', 'task', 'huge', 'travel', 'parent', 'standard', 'else', 'quickly', 'stock', '—', 'shocking', 'claims', 'miracle', 'drug', 'surface', 'internet']",FAKE
R078,New Report on Budget Report,"['personal', 'stage', 'blue', 'buy', 'threat', 'record', 'notice', 'write', 'allow', 'sound', 'experts', 'discuss', 'ongoing', 'developments', 'budget', 'report']",REAL
F216,Secret Cure Confirmed by Sources,"['star', 'result', 'area', 'heavy', 'us', 'upon', 'vote', 'protect', 'draw', 'enough', 'race', 'surface', 'pay', 'anyone', 'miss', 'school', 'employee', '—', 'shocking', 'claims', 'secret', 'cure', 'surface', 'internet']",FAKE
F206,Celebrity Scandal Confirmed by Sources,"['goal', 'dark', 'tax', 'one', 'arrive', 'hour', '—', 'shocking', 'claims', 'celebrity', 'scandal', 'surface', 'internet']",FAKE
R036,New Report on Research,"['short', 'paper', 'provide', 'take', 'present', 'significant', 'minute', 'thing', 'soldier', 'least', 'apply', 'finally', 'difficult', 'woman', 'experts', 'discuss', 'ongoing', 'developments', 'research']",REAL
F104,Aliens Confirmed by Sources,"['develop', 'little', 'former', 'economic', 'information', 'number', 'product', 'much', 'sound', 'write', 'rich', 'almost', 'however', 'if', '—', 'shocking', 'claims', 'aliens', 'surface', 'internet']",FAKE
F000,Hoax Confirmed by Sources,"['raise', 'thousand', 'bring', 'goal', 'popular', 'open', 'job', 'wall', 'know', 'oil', 'share', '—', 'shocking', 'claims', 'hoax', 'surface', 'internet']",FAKE
R136,New Report on Education,"['design', 'feel', 'wonder', 'must', 'box', 'listen', 'say', 'special', 'dark', 'yard', 'open', 'their', 'experts', 'discuss', 'ongoing', 'developments', 'education']",REAL
F019,Immortal Jellyfish Confirmed by Sources,"['soon', 'measure', 'green', 'statement', 'federal', 'step', 'suffer', 'treat', 'his', 'foot', 'north', 'relate', 'fear', '—', 'shocking', 'claims', 'immortal', 'jellyfish', 'surface', 'internet']",FAKE
R012,New Report on Technology Breakthrough,"['quickly', 'court', 'course', 'start', 'argue', 'response', 'other', 'expect', 'concern', 'event', 'dark', 'morning', 'eye', 'participant', 'keep', 'network', 'establish', 'subject', 'foreign', 'sure', 'mrs', 'cell', 'place', 'read', 'four', 'experts', 'discuss', 'ongoing', 'developments', 'technology', 'breakthrough']",REAL
R052,New Report on Education,"['job', 'move', 'girl', 'authority', 'unit', 'always', 'way', 'probably', 'meet', 'experts', 'discuss', 'ongoing', 'developments', 'education']",REAL
R123,New Report on Climate Change,"['international', 'life', 'forward', 'job', 'often', 'raise', 'could', 'security', 'cultural', 'people', 'enough', 'land', 'us', 'shake', 'get', 'wrong', 'response', 'experts', 'discuss', 'ongoing', 'developments', 'climate', 'change']",REAL
F040,Government Cover-Up Confirmed by Sources,"['year', 'let', 'force', 'record', 'case', 'blue', 'especially', 'throughout', 'weight', 'tonight', 'window', 'campaign', 'daughter', 'account', 'someone', 'single', 'still', 'behavior', 'first', 'example', '—', 'shocking', 'claims', 'government', 'cover-up', 'surface', 'internet']",FAKE
R160,New Report on Climate Change,"['left', 'speak', 'apply', 'congress', 'game', 'unit', 'friend', 'understand', 'writer', 'campaign', 'drug', 'fall', 'bar', 'central', 'experts', 'discuss', 'ongoing', 'developments', 'climate', 'change']",REAL
F067,Immortal Jellyfish Confirmed by Sources,"['court', 'shoulder', 'long', 'available', 'sport', 'may', 'either', 'result', 'section', '—', 'shocking', 'claims', 'immortal', 'jellyfish', 'surface', 'internet']",FAKE
R069,New Report on Research,"['training', 'pick', 'congress', 'drop', 'prevent', 'ago', 'rich', 'stop', 'skill', 'president', 'town', 'describe', 'republican', 'car', 'study', 'beautiful', 'experts', 'discuss', 'ongoing', 'developments', 'research']",REAL
F160,Mind Control Confirmed by Sources,"['worker', 'big', 'wife', 'know', 'history', 'pick', 'worker', 'official', 'house', 'catch', '—', 'shocking', 'claims', 'mind', 'control', 'surface', 'internet']",FAKE
F053,Hoax Confirmed by Sources,"['throughout', 'apply', 'wide', 'involve', 'least', 'compare', 'team', 'glass', 'quality', 'south', 'summer', '—', 'shocking', 'claims', 'hoax', 'surface', 'internet']",FAKE
R074,New Report on Education,"['heavy', 'pressure', 'theory', 'seem', 'prevent', 'movement', 'visit', 'ever', 'approach', 'whose', 'experts', 'discuss', 'ongoing', 'developments', 'education']",REAL
R007,New Report on Election,"['issue', 'mrs', 'training', 'author', 'military', 'one', 'money', 'international', 'professor', 'activity', 'experts', 'discuss', 'ongoing', 'developments', 'election']",REAL
R119,New Report on Climate Change,"['happy', 'partner', 'agency', 'participant', 'human', 'window', 'region', 'level', 'claim', 'reflect', 'where', 'experts', 'discuss', 'ongoing', 'developments', 'climate', 'change']",REAL
R087,New Report on Budget Report,"['party', 'green', 'executive', 'expert', 'true', 'agreement', 'eight', 'seek', 'experts', 'discuss', 'ongoing', 'developments', 'budget', 'report']",REAL
F145,Miracle Drug Confirmed by Sources,"['pattern', 'economic', 'lot', 'fund', 'charge', 'piece', 'now', 'maybe', 'rate', 'win', 'avoid', 'send', 'return', 'population', 'condition', 'partner', 'still', 'many', '—', 'shocking', 'claims', 'miracle', 'drug', 'surface', 'internet']",FAKE
R065,New Report on Budget Report,"['defense', 'idea', 'price', 'current', 'perhaps', 'woman', 'task', 'theory', 'time', 'cultural', 'range', 'morning', 'challenge', 'model', 'growth', 'hear', 'free', 'experts', 'discuss', 'ongoing', 'developments', 'budget', 'report']",REAL
R208,New Report on Budget Report,"['visit', 'contain', 'maybe', 'huge', 'condition', 'participant', 'large', 'result', 'girl', 'mission', 'professional', 'partner', 'find', 'experts', 'discuss', 'ongoing', 'developments', 'budget', 'report']",REAL
R048,New Report on Budget Report,"['tree', 'responsibility', 'term', 'wonder', 'serious', 'seem', 'listen', 'recognize', 'whose', 'true', 'push', 'grow', 'speak', 'admit', 'experts', 'discuss', 'ongoing', 'developments', 'budget', 'report']",REAL
F076,Aliens Confirmed by Sources,"['within', 'month', 'word', 'floor', 'south', '—', 'shocking', 'claims', 'aliens', 'surface', 'internet']",FAKE
R019,New Report on Policy,"['far', 'daughter', 'institution', 'education', 'relate', 'young', 'tree', 'per', 'marriage', 'player', 'without', 'ability', 'appear', 'current', 'experts', 'discuss', 'ongoing', 'developments', 'policy']",REAL
F115,Immortal Jellyfish Confirmed by Sources,"['adult', 'common', 'serious', 'read', 'thing', 'grow', 'agent', 'least', 'dinner', 'term', '—', 'shocking', 'claims', 'immortal', 'jellyfish', 'surface', 'internet']",FAKE
R031,New Report on Education,"['point', 'example', 'start', 'church', 'short', 'knowledge', 'bill', 'say', 'debate', 'system', 'return', 'others', 'spring', 'around', 'owner', 'experts', 'discuss', 'ongoing', 'developments', 'education']",REAL
R190,New Report on Research,"['way', 'else', 'follow', 'summer', 'wrong', 'experts', 'discuss', 'ongoing', 'developments', 'research']",REAL
F057,Mind Control Confirmed by Sources,"['interesting', 'history', 'break', 'property', 'edge', 'matter', 'business', 'commercial', '—', 'shocking', 'claims', 'mind', 'control', 'surface', 'internet']",FAKE
F158,Immortal Jellyfish Confirmed by Sources,"['current', 'protect', 'soldier', 'act', 'government', 'chance', 'ago', 'process', 'defense', 'later', 'defense', '—', 'shocking', 'claims', 'immortal', 'jellyfish', 'surface', 'internet']",FAKE
F234,Flat Earth Confirmed by Sources,"['player', 'early', 'face', 'president', 'interest', 'former', 'box', 'laugh', 'agency', 'low', 'model', 'newspaper', 'teach', 'last', '—', 'shocking', 'claims', 'flat', 'earth', 'surface', 'internet']",FAKE
F155,Flat Earth Confirmed by Sources,"['one', 'happy', 'hot', 'exist', 'event', 'discover', 'save', 'sure', 'evidence', 'population', 'sure', '—', 'shocking', 'claims', 'flat', 'earth', 'surface', 'internet']",FAKE
F106,Flat Earth Confirmed by Sources,"['drop', 'record', 'reach', 'kitchen', 'use', 'step', 'rule', 'rich', 'training', 'teach', 'pretty', 'early', 'serve', '—', 'shocking', 'claims', 'flat', 'earth', 'surface', 'internet']",FAKE
R051,New Report on Policy,"['speak', 'yeah', 'order', 'garden', 'perform', 'outside', 'apply', 'chance', 'book', 'catch', 'physical', 'language', 'term', 'song', 'event', 'guy', 'imagine', 'experts', 'discuss', 'ongoing', 'developments', 'policy']",REAL
R203,New Report on Education,"['significant', 'upon', 'computer', 'word', 'leg', 'past', 'front', 'reflect', 'eight', 'experts', 'discuss', 'ongoing', 'developments', 'education']",REAL
F063,Secret Cure Confirmed by Sources,"['discuss', 'line', 'magazine', 'born', 'give', 'main', 'walk', 'later', 'out', 'company', 'father', 'house', 'goal', 'person', 'phone', 'social', 'run', 'seven', 'customer', 'somebody', '—', 'shocking', 'claims', 'secret', 'cure', 'surface', 'internet']",FAKE
R080,New Report on Policy,"['authority', 'relate', 'lot', 'student', 'here', 'threat', 'another', 'owner', 'almost', 'soldier', 'ready', 'benefit', 'pressure', 'answer', 'experts', 'discuss', 'ongoing', 'developments', 'policy']",REAL
R226,New Report on Public Health,"['edge', 'hand', 'sense', 'see', 'represent', 'behavior', 'mother', 'article', 'read', 'data', 'itself', 'plan', 'right', 'garden', 'make', 'develop', 'everything', 'daughter', 'news', 'step', 'today', 'experts', 'discuss', 'ongoing', 'developments', 'public', 'health']",REAL
F144,Hoax Confirmed by Sources,"['walk', 'pattern', 'explain', 'mrs', 'interesting', 'test', 'player', 'eight', '—', 'shocking', 'claims', 'hoax', 'surface', 'internet']",FAKE
F241,Flat Earth Confirmed by Sources,"['heart', 'strong', 'whether', 'beyond', 'color', 'sign', 'laugh', 'identify', '—', 'shocking', 'claims', 'flat', 'earth', 'surface', 'internet']",FAKE
R150,New Report on Election,"['business', 'note', 'attorney', 'room', 'never', 'agree', 'home', 'next', 'experts', 'discuss', 'ongoing', 'developments', 'election']",REAL
R153,New Report on Research,"['want', 'enjoy', 'true', 'institution', 'study', 'admit', 'wrong', 'story', 'system', 'price', 'maintain', 'scientist', 'which', 'experts', 'discuss', 'ongoing', 'developments', 'research']",REAL
F175,Hoax Confirmed by Sources,"['less', 'nearly', 'every', 'mother', 'store', 'word', 'member', 'fly', 'someone', '—', 'shocking', 'claims', 'hoax', 'surface', 'internet']",FAKE
F161,Immortal Jellyfish Confirmed by Sources,"['continue', 'low', 'new', 'defense', 'strategy', 'draw', 'manage', 'range', 'help', 'involve', 'probably', 'painting', 'explain', 'serve', 'blue', 'teach', 'change', 'item', 'memory', '—', 'shocking', 'claims', 'immortal', 'jellyfish', 'surface', 'internet']",FAKE
F147,Secret Cure Confirmed by Sources,"['rule', 'base', 'group', 'look', 'traditional', '—', 'shocking', 'claims', 'secret', 'cure', 'surface', 'internet']",FAKE
F018,Secret Cure Confirmed by Sources,"['risk', 'scene', 'difference', 'read', 'interesting', 'thousand', 'according', 'government', 'provide', 'listen', 'right', 'easy', 'civil', 'easy', 'consider', 'ago', 'particular', 'course', 'successful', 'wife', '—', 'shocking', 'claims', 'secret', 'cure', 'surface', 'internet']",FAKE
F211,Celebrity Scandal Confirmed by Sources,"['scientist', 'growth', 'old', 'effect', 'think', 'seven', 'management', '—', 'shocking', 'claims', 'celebrity', 'scandal', 'surface', 'internet']",FAKE
R117,New Report on Research,"['maybe', 'tree', 'main', 'great', 'act', 'special', 'chance', 'piece', 'matter', 'experts', 'discuss', 'ongoing', 'developments', 'research']",REAL
F016,Aliens Confirmed by Sources,"['worker', 'evening', 'bring', 'expect', 'name', 'likely', 'suggest', 'community', 'measure', 'evening', 'determine', 'tonight', 'manage', 'support', 'produce', 'education', 'it', 'morning', 'best', 'campaign', '—', 'shocking', 'claims', 'aliens', 'surface', 'internet']",FAKE
F029,Flat Earth Confirmed by Sources,"['bar', 'campaign', 'resource', 'rise', 'far', 'matter', 'health', 'threat', 'keep', 'something', 'upon', 'hospital', '—', 'shocking', 'claims', 'flat', 'earth', 'surface', 'internet']",FAKE
F205,Celebrity Scandal Confirmed by Sources,"['natural', 'decide', 'produce', 'record', 'factor', 'education', 'them', '—', 'shocking', 'claims', 'celebrity', 'scandal', 'surface', 'internet']",FAKE
R112,New Report on Economic Growth,"['chair', 'education', 'suggest', 'begin', 'clearly', 'policy', 'contain', 'within', 'test', 'exist', 'individual', 'authority', 'why', 'experts', 'discuss', 'ongoing', 'developments', 'economic', 'growth']",REAL
F218,Government Cover-Up Confirmed by Sources,"['local', 'song', 'use', 'deal', 'everybody', 'risk', 'position', 'agree', 'already', 'mean', '—', 'shocking', 'claims', 'government', 'cover-up', 'surface', 'internet']",FAKE
R187,New Report on Education,"['make', 'instead', 'old', 'score', 'peace', 'thing', 'trade', 'size', 'debate', 'listen', 'camera', 'source', 'bill', 'hospital', 'experts', 'discuss', 'ongoing', 'developments', 'education']",REAL
F087,Celebrity Scandal Confirmed by Sources,"['author', 'enter', 'tree', 'use', 'participant', 'sense', 'represent', 'task', 'church', 'wait', 'last', 'shake', 'half', 'place', 'woman', '—', 'shocking', 'claims', 'celebrity', 'scandal', 'surface', 'internet']",FAKE
R171,New Report on Education,"['fall', 'fact', 'character', 'write', 'another', 'mrs', 'language', 'wife', 'people', 'yourself', 'experts', 'discuss', 'ongoing', 'developments', 'education']",REAL
R113,New Report on Technology Breakthrough,"['receive', 'series', 'future', 'newspaper', 'detail', 'five', 'despite', 'race', 'thought', 'experts', 'discuss', 'ongoing', 'developments', 'technology', 'breakthrough']",REAL
R222,New Report on Public Health,"['like', 'contain', 'necessary', 'property', 'fish', 'stop', 'simple', 'late', 'piece', 'republican', 'together', 'few', 'turn', 'land', 'check', 'thus', 'experts', 'discuss', 'ongoing', 'developments', 'public', 'health']",REAL
F233,Secret Cure Confirmed by Sources,"['use', 'buy', 'anyone', 'evidence', 'similar', 'school', 'nice', 'discussion', 'military', '—', 'shocking', 'claims', 'secret', 'cure', 'surface', 'internet']",FAKE
R223,New Report on Climate Change,"['shake', 'time', 'official', 'over', 'method', 'level', 'particularly', 'effort', 'record', 'experts', 'discuss', 'ongoing', 'developments', 'climate', 'change']",REAL
F224,Secret Cure Confirmed by Sources,"['letter', 'eat', 'treat', 'white', 'bed', 'trouble', 'price', 'west', 'suggest', 'everybody', 'race', '—', 'shocking', 'claims', 'secret', 'cure', 'surface', 'internet']",FAKE
R181,New Report on Climate Change,"['improve', 'next', 'cost', 'order', 'ask', 'forward', 'cut', 'leg', 'tree', 'attorney', 'fly', 'road', 'defense', 'reality', 'experts', 'discuss', 'ongoing', 'developments', 'climate', 'change']",REAL
R056,New Report on Public Health,"['debate', 'generation', 'chair', 'recently', 'need', 'analysis', 'magazine', 'still', 'member', 'feeling', 'far', 'participant', 'matter', 'plant', 'year', 'experts', 'discuss', 'ongoing', 'developments', 'public', 'health']",REAL
R110,New Report on Education,"['develop', 'teach', 'matter', 'answer', 'gas', 'back', 'woman', 'present', 'old', 'sometimes', 'three', 'hard', 'experts', 'discuss', 'ongoing', 'developments', 'education']",REAL
R219,New Report on Education,"['understand', 'buy', 'if', 'college', 'difficult', 'fill', 'friend', 'mean', 'base', 'campaign', 'generation', 'ten', 'husband', 'majority', 'hope', 'lead', 'fly', 'environmental', 'cultural', 'candidate', 'experts', 'discuss', 'ongoing', 'developments', 'education']",REAL
R224,New Report on Education,"['design', 'large', 'short', 'discussion', 'everything', 'candidate', 'recognize', 'box', 'house', 'smile', 'ready', 'hospital', 'contain', 'bring', 'push', 'short', 'trip', 'experts', 'discuss', 'ongoing', 'developments', 'education']",REAL
F178,Immortal Jellyfish Confirmed by Sources,"['including', 'form', 'clear', 'skill', 'everyone', 'hotel', 'old', 'whether', 'test', 'interesting', 'answer', 'clear', 'tv', '—', 'shocking', 'claims', 'immortal', 'jellyfish', 'surface', 'internet']",FAKE
F074,Secret Cure Confirmed by Sources,"['quality', 'light', 'manage', 'also', 'thing', 'suffer', 'education', 'pretty', '—', 'shocking', 'claims', 'secret', 'cure', 'surface', 'internet']",FAKE
R034,New Report on Budget Report,"['memory', 'certain', 'represent', 'natural', 'human', 'receive', 'individual', 'chair', 'budget', 'hit', 'thus', 'chair', 'experts', 'discuss', 'ongoing', 'developments', 'budget', 'report']",REAL
R095,New Report on Policy,"['force', 'business', 'miss', 'early', 'answer', 'outside', 'voice', 'whose', 'recently', 'analysis', 'experts', 'discuss', 'ongoing', 'developments', 'policy']",REAL
F011,Aliens Confirmed by Sources,"['production', 'hundred', 'force', 'recent', 'movie', 'possible', 'medical', 'join', 'full', 'election', 'past', 'sense', '—', 'shocking', 'claims', 'aliens', 'surface', 'internet']",FAKE
R162,New Report on Policy,"['likely', 'technology', 'one', 'including', 'federal', 'clear', 'wrong', 'possible', 'war', 'participant', 'read', 'maybe', 'experts', 'discuss', 'ongoing', 'developments', 'policy']",REAL
R218,New Report on Election,"['serious', 'answer', 'above', 'act', 'institution', 'need', 'thing', 'experts', 'discuss', 'ongoing', 'developments', 'election']",REAL
F136,Miracle Drug Confirmed by Sources,"['member', 'free', 'charge', 'apply', 'easy', 'forward', 'concern', 'every', 'entire', 'big', 'degree', 'friend', 'wife', 'speech', 'edge', '—', 'shocking', 'claims', 'miracle', 'drug', 'surface', 'internet']",FAKE
R108,New Report on Economic Growth,"['training', 'ahead', 'size', 'too', 'stuff', 'stay', 'three', 'difference', 'collection', 'experts', 'discuss', 'ongoing', 'developments', 'economic', 'growth']",REAL
R186,New Report on Research,"['impact', 'actually', 'audience', 'sport', 'eat', 'address', 'region', 'drive', 'live', 'environment', 'want', 'experts', 'discuss', 'ongoing', 'developments', 'research']",REAL
R248,New Report on Technology Breakthrough,"['use', 'face', 'drug', 'or', 'letter', 'anyone', 'business', 'officer', 'arrive', 'experts', 'discuss', 'ongoing', 'developments', 'technology', 'breakthrough']",REAL
F045,Immortal Jellyfish Confirmed by Sources,"['difference', 'program', 'bag', 'good', 'control', 'scene', 'success', 'garden', 'any', 'else', 'tree', 'house', 'tv', '—', 'shocking', 'claims', 'immortal', 'jellyfish', 'surface', 'internet']",FAKE
F092,Secret Cure Confirmed by Sources,"['much', 'score', 'decide', 'campaign', 'reveal', 'young', 'money', 'paper', 'music', 'value', 'role', 'matter', 'character', '—', 'shocking', 'claims', 'secret', 'cure', 'surface', 'internet']",FAKE
R100,New Report on Technology Breakthrough,"['skill', 'watch', 'kitchen', 'son', 'team', 'star', 'official', 'wife', 'deep', 'region', 'fly', 'democratic', 'particular', 'experts', 'discuss', 'ongoing', 'developments', 'technology', 'breakthrough']",REAL
F075,Miracle Drug Confirmed by Sources,"['democratic', 'free', 'worker', 'present', 'accept', 'difference', 'far', '—', 'shocking', 'claims', 'miracle', 'drug', 'surface', 'internet']",FAKE
R059,New Report on Technology Breakthrough,"['water', 'study', 'senior', 'affect', 'middle', 'voice', 'technology', 'term', 'experts', 'discuss', 'ongoing', 'developments', 'technology', 'breakthrough']",REAL
F213,Hoax Confirmed by Sources,"['soon', 'enter', 'lot', 'future', 'occur', 'fish', 'base', 'hot', 'cause', 'push', 'pattern', 'activity', 'either', 'base', 'big', 'national', 'never', 'yeah', '—', 'shocking', 'claims', 'hoax', 'surface', 'internet']",FAKE
R233,New Report on Education,"['statement', 'improve', 'wrong', 'attention', 'group', 'experts', 'discuss', 'ongoing', 'developments', 'education']",REAL
F072,Mind Control Confirmed by Sources,"['later', 'religious', 'election', 'avoid', 'full', 'human', 'sound', 'spend', 'amount', 'left', 'himself', 'level', 'middle', 'wall', 'include', 'clearly', 'commercial', 'believe', 'industry', 'institution', 'boy', 'cause', '—', 'shocking', 'claims', 'mind', 'control', 'surface', 'internet']",FAKE
R184,New Report on Budget Report,"['value', 'direction', 'threat', 'industry', 'eight', 'garden', 'order', 'fish', 'hundred', 'want', 'exactly', 'soldier', 'well', 'system', 'hotel', 'father', 'network', 'experts', 'discuss', 'ongoing', 'developments', 'budget', 'report']",REAL
F134,Secret Cure Confirmed by Sources,"['week', 'want', 'bad', 'forward', 'speech', 'lawyer', 'tell', 'process', 'moment', 'guess', '—', 'shocking', 'claims', 'secret', 'cure', 'surface', 'internet']",FAKE
R096,New Report on Research,"['remember', 'city', 'small', 'factor', 'those', 'cover', 'age', 'affect', 'subject', 'north', 'red', 'goal', 'owner', 'home', 'option', 'experts', 'discuss', 'ongoing', 'developments', 'research']",REAL
R020,New Report on Policy,"['office', 'family', 'congress', 'inside', 'part', 'everybody', 'south', 'last', 'again', 'experts', 'discuss', 'ongoing', 'developments', 'policy']",REAL
R067,New Report on Policy,"['catch', 'low', 'executive', 'president', 'voice', 'production', 'finish', 'team', 'stock', 'effort', 'use', 'security', 'able', 'television', 'law', 'experts', 'discuss', 'ongoing', 'developments', 'policy']",REAL
R215,New Report on Education,"['window', 'understand', 'science', 'local', 'type', 'personal', 'hot', 'candidate', 'experts', 'discuss', 'ongoing', 'developments', 'education']",REAL
R127,New Report on Policy,"['federal', 'treatment', 'senior', 'teach', 'hair', 'knowledge', 'lawyer', 'simply', 'across', 'far', 'interesting', 'common', 'experts', 'discuss', 'ongoing', 'developments', 'policy']",REAL
R235,New Report on Technology Breakthrough,"['response', 'service', 'mention', 'military', 'quickly', 'place', 'produce', 'person', 'business', 'arrive', 'resource', 'raise', 'light', 'method', 'summer', 'physical', 'soon', 'government', 'experts', 'discuss', 'ongoing', 'developments', 'technology', 'breakthrough']",REAL
R163,New Report on Climate Change,"['discussion', 'beat', 'experts', 'discuss', 'ongoing', 'developments', 'climate', 'change']",REAL
R002,New Report on Education,"['compare', 'civil', 'threat', 'movie', 'they', 'follow', 'table', 'staff', 'man', 'discuss', 'serious', 'artist', 'experts', 'discuss', 'ongoing', 'developments', 'education']",REAL
R021,New Report on Education,"['firm', 'certainly', 'rock', 'seat', 'she', 'federal', 'business', 'deal', 'road', 'agreement', 'stay', 'prove', 'trip', 'call', 'experts', 'discuss', 'ongoing', 'developments', 'education']",REAL
R013,New Report on Technology Breakthrough,"['dog', 'single', 'ten', 'whether', 'glass', 'least', 'turn', 'population', 'various', 'recently', 'fish', 'star', 'financial', 'hotel', 'everybody', 'method', 'nothing', 'class', 'experts', 'discuss', 'ongoing', 'developments', 'technology', 'breakthrough']",REAL
F195,Flat Earth Confirmed by Sources,"['finally', 'purpose', 'including', 'customer', 'deep', 'back', '—', 'shocking', 'claims', 'flat', 'earth', 'surface', 'internet']",FAKE
R101,New Report on Research,"['staff', 'say', 'national', 'stock', 'prepare', 'product', 'foot', 'bag', 'set', 'fly', 'audience', 'family', 'offer', 'experts', 'discuss', 'ongoing', 'developments', 'research']",REAL
R055,New Report on Research,"['better', 'occur', 'whole', 'certainly', 'national', 'unit', 'piece', 'something', 'improve', 'hot', 'experts', 'discuss', 'ongoing', 'developments', 'research']",REAL
F190,Secret Cure Confirmed by Sources,"['return', 'keep', 'stage', 'answer', 'staff', 'boy', 'before', 'arm', 'according', 'friend', 'seven', '—', 'shocking', 'claims', 'secret', 'cure', 'surface', 'internet']",FAKE
R004,New Report on Education,"['fire', 'traditional', 'card', 'phone', 'democratic', 'ball', 'minute', 'loss', 'window', 'worry', 'police', 'good', 'experts', 'discuss', 'ongoing', 'developments', 'education']",REAL
F080,Celebrity Scandal Confirmed by Sources,"['simple', 'value', 'yeah', 'common', 'reality', '—', 'shocking', 'claims', 'celebrity', 'scandal', 'surface', 'internet']",FAKE
F049,Hoax Confirmed by Sources,"['political', 'official', 'old', 'argue', 'listen', 'within', 'true', 'issue', 'development', 'president', 'ball', 'certainly', 'check', 'administration', 'very', '—', 'shocking', 'claims', 'hoax', 'surface', 'internet']",FAKE
F184,Secret Cure Confirmed by Sources,"['manage', 'sell', 'cause', 'see', 'popular', 'share', 'threat', 'follow', 'mission', 'authority', 'away', 'believe', '—', 'shocking', 'claims', 'secret', 'cure', 'surface', 'internet']",FAKE
F030,Secret Cure Confirmed by Sources,"['goal', 'baby', 'race', 'lot', 'require', 'relationship', 'single', 'instead', 'affect', 'imagine', 'project', 'bit', 'discover', 'feeling', 'whatever', '—', 'shocking', 'claims', 'secret', 'cure', 'surface', 'internet']",FAKE
R213,New Report on Budget Report,"['sort', 'compare', 'staff', 'leg', 'according', 'international', 'professor', 'establish', 'possible', 'experts', 'discuss', 'ongoing', 'developments', 'budget', 'report']",REAL
F128,Immortal Jellyfish Confirmed by Sources,"['choose', 'explain', 'also', 'power', 'give', 'win', 'like', 'agency', 'body', 'although', 'sense', 'rich', 'rock', 'short', 'behind', '—', 'shocking', 'claims', 'immortal', 'jellyfish', 'surface', 'internet']",FAKE
R231,New Report on Policy,"['prevent', 'church', 'day', 'send', 'say', 'free', 'boy', 'must', 'throw', 'current', 'treat', 'best', 'various', 'anyone', 'back', 'experts', 'discuss', 'ongoing', 'developments', 'policy']",REAL
R061,New Report on Technology Breakthrough,"['real', 'beautiful', 'happen', 'seat', 'writer', 'catch', 'room', 'partner', 'hear', 'entire', 'tax', 'investment', 'party', 'year', 'experts', 'discuss', 'ongoing', 'developments', 'technology', 'breakthrough']",REAL
R137,New Report on Education,"['green', 'save', 'money', 'protect', 'enter', 'ahead', 'exactly', 'wait', 'argue', 'certainly', 'staff', 'race', 'put', 'would', 'experts', 'discuss', 'ongoing', 'developments', 'education']",REAL
R185,New Report on Technology Breakthrough,"['future', 'pretty', 'important', 'society', 'site', 'perhaps', 'amount', 'experience', 'suffer', 'economy', 'skill', 'old', 'safe', 'experts', 'discuss', 'ongoing', 'developments', 'technology', 'breakthrough']",REAL
R204,New Report on Technology Breakthrough,"['must', 'must', 'future', 'give', 'effect', 'performance', 'available', 'security', 'we', 'write', 'west', 'position', 'discuss', 'experts', 'discuss', 'ongoing', 'developments', 'technology', 'breakthrough']",REAL
F217,Immortal Jellyfish Confirmed by Sources,"['important', 'government', 'yet', 'fish', 'quickly', 'home', 'team', 'address', 'role', 'measure', 'almost', 'voice', 'time', 'sister', 'fact', 'note', 'program', 'series', '—', 'shocking', 'claims', 'immortal', 'jellyfish', 'surface', 'internet']",FAKE
F176,Miracle Drug Confirmed by Sources,"['easy', 'grow', 'media', 'measure', 'prove', 'blue', 'know', 'nature', 'mission', 'another', 'development', 'gas', 'market', 'commercial', 'ten', 'hotel', 'music', 'rule', 'house', 'build', 'most', '—', 'shocking', 'claims', 'miracle', 'drug', 'surface', 'internet']",FAKE
R245,New Report on Technology Breakthrough,"['subject', 'sister', 'though', 'national', 'inside', 'news', 'grow', 'exactly', 'staff', 'event', 'mrs', 'concern', 'along', 'suddenly', 'guy', 'experts', 'discuss', 'ongoing', 'developments', 'technology', 'breakthrough']",REAL
R104,New Report on Election,"['street', 'play', 'serve', 'head', 'country', 'property', 'majority', 'positive', 'bank', 'account', 'single', 'education', 'every', 'travel', 'lead', 'chair', 'experts', 'discuss', 'ongoing', 'developments', 'election']",REAL
F156,Flat Earth Confirmed by Sources,"['wife', 'cover', 'something', 'side', 'represent', 'next', 'everything', 'dark', 'smile', 'within', 'writer', '—', 'shocking', 'claims', 'flat', 'earth', 'surface', 'internet']",FAKE
R194,New Report on Election,"['establish', 'manage', 'election', 'word', 'red', 'whatever', 'tree', 'let', 'score', 'manager', 'suggest', 'experts', 'discuss', 'ongoing', 'developments', 'election']",REAL
R161,New Report on Technology Breakthrough,"['yeah', 'gas', 'east', 'vote', 'part', 'five', 'company', 'thus', 'minute', 'degree', 'past', 'key', 'question', 'central', 'think', 'mouth', 'bag', 'seek', 'degree', 'occur', 'experts', 'discuss', 'ongoing', 'developments', 'technology', 'breakthrough']",REAL
F113,Immortal Jellyfish Confirmed by Sources,"['hundred', 'ahead', 'throughout', 'traditional', 'six', 'main', 'fly', 'which', '—', 'shocking', 'claims', 'immortal', 'jellyfish', 'surface', 'internet']",FAKE
F150,Hoax Confirmed by Sources,"['month', 'manage', 'parent', 'news', 'grow', 'describe', 'it', 'scene', 'easy', 'also', 'like', 'detail', 'race', 'appear', 'return', 'place', 'hold', 'state', '—', 'shocking', 'claims', 'hoax', 'surface', 'internet']",FAKE
F047,Miracle Drug Confirmed by Sources,"['know', 'vote', 'expert', 'claim', 'course', 'drug', 'republican', '—', 'shocking', 'claims', 'miracle', 'drug', 'surface', 'internet']",FAKE
F008,Hoax Confirmed by Sources,"['around', 'generation', 'take', 'present', 'response', 'attention', 'all', 'role', 'poor', 'box', 'development', '—', 'shocking', 'claims', 'hoax', 'surface', 'internet']",FAKE
F229,Aliens Confirmed by Sources,"['meet', 'mention', 'government', 'new', 'me', 'growth', 'husband', 'east', 'system', 'tree', '—', 'shocking', 'claims', 'aliens', 'surface', 'internet']",FAKE
R001,New Report on Research,"['spend', 'list', 'court', 'quite', 'business', 'worker', 'purpose', 'democrat', 'practice', 'sit', 'send', 'market', 'customer', 'thought', 'standard', 'experts', 'discuss', 'ongoing', 'developments', 'research']",REAL
R241,New Report on Public Health,"['health', 'stuff', 'top', 'at', 'follow', 'future', 'recently', 'mr', 'beautiful', 'use', 'experts', 'discuss', 'ongoing', 'developments', 'public', 'health']",REAL
R198,New Report on Climate Change,"['size', 'measure', 'back', 'choose', 'call', 'perform', 'score', 'experts', 'discuss', 'ongoing', 'developments', 'climate', 'change']",REAL
R229,New Report on Research,"['road', 'character', 'kind', 'grow', 'cover', 'represent', 'tend', 'experts', 'discuss', 'ongoing', 'developments', 'research']",REAL
R205,New Report on Public Health,"['model', 'probably', 'front', 'daughter', 'foreign', 'stay', 'drive', 'loss', 'force', 'improve', 'light', 'experts', 'discuss', 'ongoing', 'developments', 'public', 'health']",REAL
F123,Celebrity Scandal Confirmed by Sources,"['reality', 'probably', 'increase', 'produce', 'data', 'move', 'enough', 'market', 'customer', 'owner', 'effect', 'writer', 'statement', 'far', 'nothing', 'long', 'someone', 'let', 'state', '—', 'shocking', 'claims', 'celebrity', 'scandal', 'surface', 'internet']",FAKE
F043,Celebrity Scandal Confirmed by Sources,"['space', 'back', 'store', 'artist', 'effort', 'describe', 'someone', 'family', 'moment', 'develop', 'account', 'toward', 'development', 'science', 'beat', 'war', 'line', '—', 'shocking', 'claims', 'celebrity', 'scandal', 'surface', 'internet']",FAKE
F097,Celebrity Scandal Confirmed by Sources,"['environmental', 'attack', 'side', 'specific', 'list', 'ever', 'take', 'public', 'religious', 'space', '—', 'shocking', 'claims', 'celebrity', 'scandal', 'surface', 'internet']",FAKE
R014,New Report on Research,"['blue', 'start', 'affect', 'mention', 'popular', 'main', 'eye', 'smile', 'baby', 'shoulder', 'discussion', 'campaign', 'blue', 'experts', 'discuss', 'ongoing', 'developments', 'research']",REAL
F005,Flat Earth Confirmed by Sources,"['charge', 'town', 'truth', 'allow', 'scene', 'walk', '—', 'shocking', 'claims', 'flat', 'earth', 'surface', 'internet']",FAKE
R234,New Report on Research,"['effect', 'benefit', 'various', 'various', 'risk', 'realize', 'third', 'individual', 'mean', 'person', 'focus', 'follow', 'support', 'experts', 'discuss', 'ongoing', 'developments', 'research']",REAL
F143,Aliens Confirmed by Sources,"['class', 'teach', 'perhaps', 'same', 'set', 'west', 'security', 'tonight', 'something', 'reflect', 'laugh', 'bring', '—', 'shocking', 'claims', 'aliens', 'surface', 'internet']",FAKE
R073,New Report on Economic Growth,"['force', 'exactly', 'large', 'stand', 'item', 'experts', 'discuss', 'ongoing', 'developments', 'economic', 'growth']",REAL
R239,New Report on Education,"['black', 'letter', 'cover', 'director', 'anyone', 'perhaps', 'weight', 'space', 'service', 'buy', 'world', 'fight', 'experts', 'discuss', 'ongoing', 'developments', 'education']",REAL
F181,Aliens Confirmed by Sources,"['arm', 'despite', 'tell', 'interesting', 'seek', 'those', 'almost', 'former', 'police', 'skill', '—', 'shocking', 'claims', 'aliens', 'surface', 'internet']",FAKE
R138,New Report on Election,"['production', 'may', 'either', 'voice', 'attorney', 'american', 'plan', 'guy', 'senior', 'probably', 'great', 'soon', 'test', 'land', 'rest', 'experts', 'discuss', 'ongoing', 'developments', 'election']",REAL
R172,New Report on Economic Growth,"['today', 'truth', 'career', 'exist', 'appear', 'light', 'scientist', 'free', 'anything', 'begin', 'new', 'organization', 'keep', 'tv', 'experts', 'discuss', 'ongoing', 'developments', 'economic', 'growth']",REAL
R143,New Report on Policy,"['life', 'none', 'board', 'hit', 'seven', 'year', 'dark', 'administration', 'year', 'moment', 'experts', 'discuss', 'ongoing', 'developments', 'policy']",REAL
F166,Mind Control Confirmed by Sources,"['imagine', 'anything', 'expect', 'away', 'half', 'rich', 'cost', 'need', 'election', 'may', 'image', 'push', 'allow', 'local', 'television', 'produce', 'threat', 'beat', 'toward', 'behavior', '—', 'shocking', 'claims', 'mind', 'control', 'surface', 'internet']",FAKE
R003,New Report on Budget Report,"['large', 'building', 'share', 'east', 'nation', 'trip', 'even', 'side', 'stuff', 'option', 'current', 'year', 'experts', 'discuss', 'ongoing', 'developments', 'budget', 'report']",REAL
R167,New Report on Climate Change,"['important', 'defense', 'one', 'beat', 'degree', 'kid', 'per', 'crime', 'laugh', 'compare', 'experts', 'discuss', 'ongoing', 'developments', 'climate', 'change']",REAL
R183,New Report on Climate Change,"['record', 'movie', 'consider', 'oil', 'modern', 'campaign', 'face', 'scientist', 'skill', 'never', 'including', 'experts', 'discuss', 'ongoing', 'developments', 'climate', 'change']",REAL
R238,New Report on Technology Breakthrough,"['likely', 'ten', 'drug', 'force', 'father', 'skill', 'pressure', 'enough', 'new', 'experts', 'discuss', 'ongoing', 'developments', 'technology', 'breakthrough']",REAL
R041,New Report on Election,"['cost', 'owner', 'management', 'report', 'pressure', 'wind', 'growth', 'authority', 'research', 'brother', 'pay', 'take', 'conference', 'general', 'order', 'present', 'face', 'challenge', 'city', 'experts', 'discuss', 'ongoing', 'developments', 'election']",REAL
F237,Government Cover-Up Confirmed by Sources,"['sport', 'government', 'class', 'low', 'tell', 'dog', 'civil', 'dream', 'decision', 'believe', 'according', '—', 'shocking', 'claims', 'government', 'cover-up', 'surface', 'internet']",FAKE
R086,New Report on Research,"['standard', 'father', 'cell', 'military', 'involve', 'require', 'song', 'peace', 'reality', 'experts', 'discuss', 'ongoing', 'developments', 'research']",REAL
R240,New Report on Policy,"['important', 'station', 'institution', 'lay', 'close', 'question', 'city', 'history', 'cut', 'high', 'trial', 'people', 'size', 'shoulder', 'parent', 'experts', 'discuss', 'ongoing', 'developments', 'policy']",REAL
R133,New Report on Public Health,"['throw', 'alone', 'eye', 'official', 'special', 'door', 'begin', 'station', 'perhaps', 'without', 'article', 'hair', 'eight', 'low', 'experts', 'discuss', 'ongoing', 'developments', 'public', 'health']",REAL
F044,Hoax Confirmed by Sources,"['option', 'property', 'though', 'program', 'much', 'often', 'kind', 'marriage', 'court', 'bit', 'increase', 'feeling', 'anything', 'even', '—', 'shocking', 'claims', 'hoax', 'surface', 'internet']",FAKE
F125,Government Cover-Up Confirmed by Sources,"['become', 'tonight', 'list', 'reason', 'study', 'perform', 'office', 'get', 'much', 'development', '—', 'shocking', 'claims', 'government', 'cover-up', 'surface', 'internet']",FAKE
F165,Secret Cure Confirmed by Sources,"['pattern', 'meet', 'parent', 'question', 'market', 'arm', 'involve', 'human', 'sort', 'marriage', 'note', 'cut', 'available', '—', 'shocking', 'claims', 'secret', 'cure', 'surface', 'internet']",FAKE
F137,Flat Earth Confirmed by Sources,"['service', 'fill', 'reality', 'task', 'turn', 'bed', 'choose', 'seat', 'friend', 'few', 'old', 'mean', 'learn', '—', 'shocking', 'claims', 'flat', 'earth', 'surface', 'internet']",FAKE
R088,New Report on Research,"['half', 'always', 'inside', 'serious', 'activity', 'news', 'democrat', 'population', 'home', 'simple', 'stop', 'generation', 'person', 'away', 'send', 'head', 'born', 'save', 'hard', 'send', 'occur', 'my', 'experts', 'discuss', 'ongoing', 'developments', 'research']",REAL
R169,New Report on Technology Breakthrough,"['movement', 'apply', 'major', 'reduce', 'customer', 'among', 'might', 'someone', 'already', 'practice', 'conference', 'part', 'change', 'experts', 'discuss', 'ongoing', 'developments', 'technology', 'breakthrough']",REAL
R193,New Report on Technology Breakthrough,"['north', 'range', 'anything', 'young', 'third', 'might', 'explain', 'picture', 'say', 'name', 'institution', 'expect', 'situation', 'person', 'very', 'experts', 'discuss', 'ongoing', 'developments', 'technology', 'breakthrough']",REAL
F247,Mind Control Confirmed by Sources,"['watch', 'program', 'say', 'citizen', 'shake', 'area', 'nature', 'air', 'mother', 'without', 'pass', 'house', 'call', 'project', 'daughter', 'guess', 'rather', 'baby', 'cup', 'argue', '—', 'shocking', 'claims', 'mind', 'control', 'surface', 'internet']",FAKE
R179,New Report on Technology Breakthrough,"['listen', 'watch', 'ten', 'every', 'case', 'recently', 'green', 'experts', 'discuss', 'ongoing', 'developments', 'technology', 'breakthrough']",REAL
F138,Immortal Jellyfish Confirmed by Sources,"['management', 'test', 'mother', 'check', 'television', 'environmental', 'hand', 'southern', 'yet', 'community', 'these', '—', 'shocking', 'claims', 'immortal', 'jellyfish', 'surface', 'internet']",FAKE
R017,New Report on Policy,"['attention', 'return', 'per', 'section', 'process', 'important', 'hotel', 'fact', 'character', 'everyone', 'hit', 'likely', 'news', 'travel', 'thought', 'large', 'experts', 'discuss', 'ongoing', 'developments', 'policy']",REAL
F090,Mind Control Confirmed by Sources,"['five', 'democratic', 'different', 'question', 'reflect', 'prove', 'particular', 'letter', 'nice', 'city', 'various', 'station', 'sometimes', 'get', 'reality', 'usually', 'parent', '—', 'shocking', 'claims', 'mind', 'control', 'surface', 'internet']",FAKE
F222,Mind Control Confirmed by Sources,"['style', 'listen', 'camera', 'personal', 'stop', 'price', 'require', 'power', 'stay', 'turn', 'similar', 'whom', '—', 'shocking', 'claims', 'mind', 'control', 'surface', 'internet']",FAKE
R114,New Report on Climate Change,"['light', 'four', 'instead', 'opportunity', 'mrs', 'sort', 'magazine', 'experts', 'discuss', 'ongoing', 'developments', 'climate', 'change']",REAL
F235,Celebrity Scandal Confirmed by Sources,"['professional', 'set', 'issue', 'according', 'usually', 'either', 'good', 'seek', 'wife', 'get', 'become', 'different', 'side', 'build', 'anyone', 'affect', 'student', 'body', '—', 'shocking', 'claims', 'celebrity', 'scandal', 'surface', 'internet']",FAKE
F185,Hoax Confirmed by Sources,"['research', 'woman', 'girl', 'nation', 'for', '—', 'shocking', 'claims', 'hoax', 'surface', 'internet']",FAKE
F221,Flat Earth Confirmed by Sources,"['first', 'program', 'effect', 'law', 'four', 'democrat', 'finally', 'officer', 'serve', 'rest', 'writer', 'its', '—', 'shocking', 'claims', 'flat', 'earth', 'surface', 'internet']",FAKE
F054,Secret Cure Confirmed by Sources,"['drug', 'without', 'compare', 'democratic', 'level', 'different', 'paper', 'camera', 'leave', 'power', 'behind', 'when', '—', 'shocking', 'claims', 'secret', 'cure', 'surface', 'internet']",FAKE
R000,New Report on Public Health,"['really', 'attorney', 'board', 'detail', 'join', 'subject', 'expert', 'five', 'experts', 'discuss', 'ongoing', 'developments', 'public', 'health']",REAL
R178,New Report on Budget Report,"['condition', 'expect', 'deep', 'single', 'experience', 'east', 'building', 'hear', 'election', 'experts', 'discuss', 'ongoing', 'developments', 'budget', 'report']",REAL
F006,Hoax Confirmed by Sources,"['involve', 'sell', 'role', 'member', 'collection', 'artist', 'friend', 'respond', 'sit', '—', 'shocking', 'claims', 'hoax', 'surface', 'internet']",FAKE
F174,Secret Cure Confirmed by Sources,"['state', 'wonder', 'lot', 'address', 'head', 'successful', 'relationship', 'individual', 'high', '—', 'shocking', 'claims', 'secret', 'cure', 'surface', 'internet']",FAKE
R009,New Report on Election,"['scientist', 'star', 'billion', 'game', 'popular', 'gun', 'style', 'continue', 'difference', 'traditional', 'be', 'experts', 'discuss', 'ongoing', 'developments', 'election']",REAL
R122,New Report on Economic Growth,"['catch', 'campaign', 'charge', 'black', 'store', 'throw', 'memory', 'whatever', 'care', 'yard', 'old', 'experts', 'discuss', 'ongoing', 'developments', 'economic', 'growth']",REAL
F189,Immortal Jellyfish Confirmed by Sources,"['day', 'reduce', 'night', 'collection', 'stock', 'support', 'away', 'vote', 'sell', 'reduce', 'tough', 'might', 'rest', 'six', 'pass', '—', 'shocking', 'claims', 'immortal', 'jellyfish', 'surface', 'internet']",FAKE
R146,New Report on Technology Breakthrough,"['purpose', 'design', 'letter', 'maybe', 'market', 'respond', 'reflect', 'experts', 'discuss', 'ongoing', 'developments', 'technology', 'breakthrough']",REAL
R022,New Report on Climate Change,"['center', 'add', 'firm', 'certainly', 'doctor', 'soon', 'run', 'beat', 'born', 'leg', 'teacher', 'become', 'management', 'mind', 'experts', 'discuss', 'ongoing', 'developments', 'climate', 'change']",REAL
F177,Aliens Confirmed by Sources,"['defense', 'argue', 'late', 'lot', 'various', 'grow', 'good', 'century', 'bed', 'risk', 'face', 'list', 'argue', 'determine', 'bag', 'draw', '—', 'shocking', 'claims', 'aliens', 'surface', 'internet']",FAKE
F021,Secret Cure Confirmed by Sources,"['somebody', 'option', 'news', 'brother', 'son', 'management', 'interest', 'bank', 'prepare', 'tree', 'nothing', 'ready', '—', 'shocking', 'claims', 'secret', 'cure', 'surface', 'internet']",FAKE
R039,New Report on Economic Growth,"['around', 'worker', 'clear', 'move', 'beyond', 'herself', 'appear', 'south', 'two', 'nation', 'daughter', 'view', 'trouble', 'able', 'significant', 'experts', 'discuss', 'ongoing', 'developments', 'economic', 'growth']",REAL
F061,Miracle Drug Confirmed by Sources,"['rise', 'answer', 'top', 'better', 'fish', 'learn', 'either', 'product', 'life', 'top', 'suddenly', '—', 'shocking', 'claims', 'miracle', 'drug', 'surface', 'internet']",FAKE
R057,New Report on Technology Breakthrough,"['across', 'bring', 'compare', 'although', 'experts', 'discuss', 'ongoing', 'developments', 'technology', 'breakthrough']",REAL
F154,Immortal Jellyfish Confirmed by Sources,"['believe', 'course', 'official', 'month', 'service', 'management', 'travel', 'rate', 'adult', 'party', 'account', 'necessary', 'second', 'ability', 'minute', 'different', 'attention', 'hundred', 'action', 'participant', '—', 'shocking', 'claims', 'immortal', 'jellyfish', 'surface', 'internet']",FAKE
F052,Mind Control Confirmed by Sources,"['fast', 'piece', 'defense', 'field', 'century', 'north', 'teach', 'treatment', 'establish', 'front', '—', 'shocking', 'claims', 'mind', 'control', 'surface', 'internet']",FAKE
F124,Flat Earth Confirmed by Sources,"['win', 'nice', 'so', 'nice', 'officer', 'three', '—', 'shocking', 'claims', 'flat', 'earth', 'surface', 'internet']",FAKE
R071,New Report on Budget Report,"['live', 'town', 'night', 'represent', 'material', 'event', 'consumer', 'music', 'democrat', 'daughter', 'realize', 'assume', 'environmental', 'american', 'though', 'type', 'ball', 'not', 'experts', 'discuss', 'ongoing', 'developments', 'budget', 'report']",REAL
R152,New Report on Budget Report,"['truth', 'time', 'his', 'class', 'call', 'teacher', 'sign', 'rest', 'write', 'operation', 'practice', 'similar', 'door', 'late', 'leave', 'structure', 'experts', 'discuss', 'ongoing', 'developments', 'budget', 'report']",REAL
F038,Mind Control Confirmed by Sources,"['congress', 'wall', 'analysis', 'month', 'design', 'share', 'take', 'agency', 'begin', 'avoid', 'apply', 'alone', 'among', 'region', 'deep', 'cultural', '—', 'shocking', 'claims', 'mind', 'control', 'surface', 'internet']",FAKE
F101,Immortal Jellyfish Confirmed by Sources,"['coach', 'protect', 'avoid', '—', 'shocking', 'claims', 'immortal', 'jellyfish', 'surface', 'internet']",FAKE
F203,Celebrity Scandal Confirmed by Sources,"['month', 'teach', 'several', 'feeling', 'anyone', 'occur', 'edge', 'go', 'american', 'concern', '—', 'shocking', 'claims', 'celebrity', 'scandal', 'surface', 'internet']",FAKE
F192,Government Cover-Up Confirmed by Sources,"['produce', 'possible', 'subject', 'pass', 'meet', 'voice', 'low', 'mouth', 'business', 'war', 'where', '—', 'shocking', 'claims', 'government', 'cover-up', 'surface', 'internet']",FAKE
R189,New Report on Climate Change,"['run', 'much', 'term', 'choose', 'address', 'hair', 'benefit', 'professor', 'among', 'really', 'organization', 'light', 'ago', 'impact', 'middle', 'experts', 'discuss', 'ongoing', 'developments', 'climate', 'change']",REAL
R098,New Report on Election,"['public', 'mr', 'establish', 'individual', 'future', 'five', 'write', 'weight', 'join', 'issue', 'sit', 'fear', 'officer', 'mind', 'site', 'use', 'president', 'late', 'experts', 'discuss', 'ongoing', 'developments', 'election']",REAL
R149,New Report on Economic Growth,"['tend', 'candidate', 'choose', 'knowledge', 'public', 'hear', 'lay', 'experts', 'discuss', 'ongoing', 'developments', 'economic', 'growth']",REAL
R046,New Report on Education,"['huge', 'turn', 'family', 'light', 'stand', 'yeah', 'stay', 'culture', 'fear', 'floor', 'baby', 'site', 'year', 'offer', 'send', 'early', 'experts', 'discuss', 'ongoing', 'developments', 'education']",REAL
F055,Hoax Confirmed by Sources,"['yes', 'participant', 'between', 'stuff', 'town', 'product', 'someone', 'item', 'fear', 'stuff', 'mission', 'let', 'long', 'step', 'standard', '—', 'shocking', 'claims', 'hoax', 'surface', 'internet']",FAKE
F159,Flat Earth Confirmed by Sources,"['board', 'business', 'value', 'true', 'change', 'budget', 'something', 'class', 'open', 'data', 'test', '—', 'shocking', 'claims', 'flat', 'earth', 'surface', 'internet']",FAKE
F083,Secret Cure Confirmed by Sources,"['test', 'natural', 'sing', 'middle', 'home', 'we', 'security', 'probably', '—', 'shocking', 'claims', 'secret', 'cure', 'surface', 'internet']",FAKE
R109,New Report on Education,"['near', 'true', 'idea', 'pull', 'late', 'church', 'feeling', 'mouth', 'course', 'various', 'effort', 'wear', 'certainly', 'feeling', 'lay', 'authority', 'experts', 'discuss', 'ongoing', 'developments', 'education']",REAL
R102,New Report on Climate Change,"['radio', 'author', 'behind', 'daughter', 'program', 'include', 'stage', 'bag', 'right', 'realize', 'something', 'experts', 'discuss', 'ongoing', 'developments', 'climate', 'change']",REAL
R060,New Report on Election,"['happy', 'military', 'standard', 'window', 'heart', 'story', 'success', 'sea', 'value', 'stop', 'approach', 'plan', 'only', 'experts', 'discuss', 'ongoing', 'developments', 'election']",REAL
F085,Secret Cure Confirmed by Sources,"['religious', 'brother', 'maintain', 'religious', 'issue', 'glass', 'part', 'travel', 'middle', 'benefit', 'floor', 'program', 'want', 'life', 'project', 'character', 'thus', 'yeah', 'style', '—', 'shocking', 'claims', 'secret', 'cure', 'surface', 'internet']",FAKE
F188,Hoax Confirmed by Sources,"['meeting', 'us', 'real', 'want', 'station', 'responsibility', 'letter', 'go', 'make', 'open', 'despite', 'entire', 'management', 'south', 'always', 'almost', '—', 'shocking', 'claims', 'hoax', 'surface', 'internet']",FAKE
F131,Hoax Confirmed by Sources,"['room', 'eye', 'smile', 'coach', 'machine', 'figure', 'let', 'show', 'kid', 'piece', 'cold', 'technology', 'ability', 'adult', 'quite', '—', 'shocking', 'claims', 'hoax', 'surface', 'internet']",FAKE
R202,New Report on Public Health,"['party', 'list', 'simple', 'perhaps', 'doctor', 'put', 'bar', 'we', 'experts', 'discuss', 'ongoing', 'developments', 'public', 'health']",REAL
F111,Celebrity Scandal Confirmed by Sources,"['claim', 'night', 'stock', 'serious', 'a', 'benefit', 'without', 'pass', 'power', 'there', '—', 'shocking', 'claims', 'celebrity', 'scandal', 'surface', 'internet']",FAKE
R151,New Report on Policy,"['effort', 'employee', 'issue', 'into', 'happy', 'let', 'building', 'effect', 'organization', 'mission', 'imagine', 'pressure', 'experts', 'discuss', 'ongoing', 'developments', 'policy']",REAL
F058,Government Cover-Up Confirmed by Sources,"['manage', 'throw', 'human', 'month', 'treatment', 'magazine', 'situation', 'often', 'expert', 'five', '—', 'shocking', 'claims', 'government', 'cover-up', 'surface', 'internet']",FAKE
R164,New Report on Education,"['upon', 'buy', 'today', 'continue', 'sing', 'eye', 'six', 'experts', 'discuss', 'ongoing', 'developments', 'education']",REAL
F242,Celebrity Scandal Confirmed by Sources,"['national', 'since', 'discover', 'matter', 'already', 'sit', 'pull', 'together', 'growth', 'whose', 'even', '—', 'shocking', 'claims', 'celebrity', 'scandal', 'surface', 'internet']",FAKE
F064,Mind Control Confirmed by Sources,"['spring', 'organization', 'either', 'beat', 'note', 'structure', 'focus', 'happy', 'defense', 'hold', 'determine', 'tonight', '—', 'shocking', 'claims', 'mind', 'control', 'surface', 'internet']",FAKE
R228,New Report on Education,"['yeah', 'final', 'reveal', 'pressure', 'standard', 'experts', 'discuss', 'ongoing', 'developments', 'education']",REAL
R210,New Report on Economic Growth,"['speak', 'song', 'knowledge', 'billion', 'available', 'year', 'industry', 'special', 'cell', 'become', 'majority', 'make', 'feeling', 'hit', 'type', 'several', 'teacher', 'left', 'note', 'increase', 'night', 'experts', 'discuss', 'ongoing', 'developments', 'economic', 'growth']",REAL
R156,New Report on Policy,"['someone', 'budget', 'current', 'section', 'field', 'already', 'think', 'experts', 'discuss', 'ongoing', 'developments', 'policy']",REAL
R192,New Report on Climate Change,"['cold', 'manage', 'growth', 'eat', 'drop', 'clear', 'discuss', 'perhaps', 'daughter', 'sense', 'pattern', 'day', 'maintain', 'season', 'loss', 'quickly', 'nothing', 'million', 'prevent', 'character', 'experts', 'discuss', 'ongoing', 'developments', 'climate', 'change']",REAL
F102,Government Cover-Up Confirmed by Sources,"['positive', 'buy', 'central', 'anything', 'democrat', 'model', 'hundred', 'product', 'phone', 'act', '—', 'shocking', 'claims', 'government', 'cover-up', 'surface', 'internet']",FAKE
R237,New Report on Election,"['little', 'teach', 'plan', 'rather', 'outside', 'wide', 'reach', 'every', 'figure', 'analysis', 'perform', 'benefit', 'accept', 'suggest', 'feeling', 'figure', 'bad', 'glass', 'pull', 'experts', 'discuss', 'ongoing', 'developments', 'election']",REAL
F015,Immortal Jellyfish Confirmed by Sources,"['figure', 'item', 'recent', 'box', 'coach', 'end', 'film', 'walk', 'call', 'reach', 'someone', 'process', 'civil', 'see', 'quite', 'huge', 'interview', '—', 'shocking', 'claims', 'immortal', 'jellyfish', 'surface', 'internet']",FAKE
F020,Celebrity Scandal Confirmed by Sources,"['heavy', 'manager', 'away', 'turn', 'despite', 'study', 'red', 'technology', 'mind', 'speech', 'leave', 'beat', 'style', 'read', 'add', 'bill', '—', 'shocking', 'claims', 'celebrity', 'scandal', 'surface', 'internet']",FAKE
R083,New Report on Election,"['reflect', 'though', 'young', 'economy', 'agent', 'floor', 'grow', 'art', 'such', 'experts', 'discuss', 'ongoing', 'developments', 'election']",REAL
F035,Hoax Confirmed by Sources,"['question', 'enjoy', 'sit', 'improve', 'exist', 'full', 'occur', 'way', 'husband', 'back', '—', 'shocking', 'claims', 'hoax', 'surface', 'internet']",FAKE
R082,New Report on Budget Report,"['type', 'enjoy', 'section', 'together', 'message', 'role', 'suddenly', 'picture', 'travel', 'experts', 'discuss', 'ongoing', 'developments', 'budget', 'report']",REAL
F114,Mind Control Confirmed by Sources,"['talk', 'major', 'leader', 'value', '—', 'shocking', 'claims', 'mind', 'control', 'surface', 'internet']",FAKE
F179,Secret Cure Confirmed by Sources,"['population', 'born', 'cause', 'quite', 'specific', 'pressure', 'design', 'number', 'page', 'art', 'individual', 'evidence', 'one', 'member', '—', 'shocking', 'claims', 'secret', 'cure', 'surface', 'internet']",FAKE
F026,Celebrity Scandal Confirmed by Sources,"['life', 'kid', 'yes', 'capital', 'ready', 'represent', 'say', 'clearly', 'continue', 'represent', 'fast', 'change', '—', 'shocking', 'claims', 'celebrity', 'scandal', 'surface', 'internet']",FAKE
R217,New Report on Election,"['democratic', 'inside', 'sort', 'growth', 'hundred', 'else', 'training', 'language', 'source', 'become', 'line', 'federal', 'six', 'support', 'four', 'walk', 'offer', 'experts', 'discuss', 'ongoing', 'developments', 'election']",REAL
F009,Celebrity Scandal Confirmed by Sources,"['fact', 'tonight', 'sometimes', 'hear', 'most', 'hour', 'possible', 'run', 'cause', 'remain', 'everything', 'later', 'energy', 'summer', 'series', '—', 'shocking', 'claims', 'celebrity', 'scandal', 'surface', 'internet']",FAKE
F240,Aliens Confirmed by Sources,"['nature', 'financial', 'edge', 'conference', 'shake', 'soon', 'consumer', 'take', '—', 'shocking', 'claims', 'aliens', 'surface', 'internet']",FAKE
R216,New Report on Research,"['direction', 'require', 'kitchen', 'experience', 'use', 'color', 'within', 'task', 'anyone', 'her', 'experts', 'discuss', 'ongoing', 'developments', 'research']",REAL
F129,Flat Earth Confirmed by Sources,"['democrat', 'decide', 'real', 'box', 'certainly', 'body', 'doctor', 'join', 'give', 'high', 'indeed', 'generation', 'clearly', 'nature', '—', 'shocking', 'claims', 'flat', 'earth', 'surface', 'internet']",FAKE
R197,New Report on Education,"['treatment', 'field', 'several', 'position', 'peace', 'today', 'police', 'rise', 'experts', 'discuss', 'ongoing', 'developments', 'education']",REAL
F142,Government Cover-Up Confirmed by Sources,"['late', 'wrong', 'even', 'leader', 'close', 'reach', 'parent', 'front', 'follow', 'others', '—', 'shocking', 'claims', 'government', 'cover-up', 'surface', 'internet']",FAKE
R140,New Report on Climate Change,"['generation', 'avoid', 'throughout', 'deal', 'impact', 'dark', 'own', 'security', 'age', 'down', 'experts', 'discuss', 'ongoing', 'developments', 'climate', 'change']",REAL
R165,New Report on Budget Report,"['tree', 'party', 'yet', 'meet', 'experts', 'discuss', 'ongoing', 'developments', 'budget', 'report']",REAL
R139,New Report on Education,"['however', 'interview', 'south', 'majority', 'already', 'paper', 'drug', 'south', 'painting', 'experts', 'discuss', 'ongoing', 'developments', 'education']",REAL
F232,Hoax Confirmed by Sources,"['building', 'hand', 'community', 'major', 'thus', 'mind', 'money', 'product', 'attention', 'glass', 'future', 'environmental', 'audience', 'foot', 'class', 'firm', 'structure', 'news', 'dinner', 'husband', 'tv', '—', 'shocking', 'claims', 'hoax', 'surface', 'internet']",FAKE
F108,Celebrity Scandal Confirmed by Sources,"['particularly', 'yeah', 'drug', 'put', 'media', 'catch', 'spring', 'always', 'simply', 'attorney', 'finish', 'somebody', 'condition', 'congress', 'material', '—', 'shocking', 'claims', 'celebrity', 'scandal', 'surface', 'internet']",FAKE
F167,Celebrity Scandal Confirmed by Sources,"['education', 'plant', 'carry', 'meeting', 'wife', 'life', 'eight', 'item', 'common', 'thousand', 'generation', 'stay', 'think', 'follow', '—', 'shocking', 'claims', 'celebrity', 'scandal', 'surface', 'internet']",FAKE
R242,New Report on Research,"['car', 'price', 'soon', 'possible', 'require', 'along', 'wait', 'together', 'experts', 'discuss', 'ongoing', 'developments', 'research']",REAL
F133,Immortal Jellyfish Confirmed by Sources,"['issue', 'talk', 'stage', 'strong', 'model', 'rest', 'total', 'commercial', 'include', 'end', 'former', 'rate', 'song', 'family', 'across', 'space', 'reflect', '—', 'shocking', 'claims', 'immortal', 'jellyfish', 'surface', 'internet']",FAKE
F025,Flat Earth Confirmed by Sources,"['possible', 'campaign', 'history', '—', 'shocking', 'claims', 'flat', 'earth', 'surface', 'internet']",FAKE
F093,Immortal Jellyfish Confirmed by Sources,"['successful', 'each', 'evening', 'evidence', 'seek', 'interview', 'trip', 'section', '—', 'shocking', 'claims', 'immortal', 'jellyfish', 'surface', 'internet']",FAKE
F236,Government Cover-Up Confirmed by Sources,"['side', 'increase', 'mrs', 'cup', 'assume', '—', 'shocking', 'claims', 'government', 'cover-up', 'surface', 'internet']",FAKE
F069,Flat Earth Confirmed by Sources,"['bank', 'buy', 'black', '—', 'shocking', 'claims', 'flat', 'earth', 'surface', 'internet']",FAKE
F219,Flat Earth Confirmed by Sources,"['debate', 'various', 'white', 'bag', 'look', 'key', 'knowledge', 'ability', 'light', 'truth', 'per', 'behavior', 'field', 'certain', 'middle', 'suffer', 'maybe', 'sell', 'create', '—', 'shocking', 'claims', 'flat', 'earth', 'surface', 'internet']",FAKE
R079,New Report on Election,"['third', 'law', 'fly', 'nice', 'easy', 'single', 'reality', 'wide', 'exist', 'process', 'quickly', 'feeling', 'southern', 'good', 'experts', 'discuss', 'ongoing', 'developments', 'election']",REAL
F042,Hoax Confirmed by Sources,"['office', 'son', 'prepare', 'enter', 'debate', 'source', 'avoid', 'recognize', 'consumer', 'pass', 'exist', 'return', 'including', 'name', 'skin', 'style', 'leg', 'test', 'exist', 'mother', 'purpose', '—', 'shocking', 'claims', 'hoax', 'surface', 'internet']",FAKE
R154,New Report on Budget Report,"['type', 'heavy', 'factor', 'minute', 'production', 'exactly', 'teacher', 'seat', 'power', 'moment', 'get', 'so', 'experts', 'discuss', 'ongoing', 'developments', 'budget', 'report']",REAL
R089,New Report on Public Health,"['least', 'reality', 'crime', 'threat', 'grow', 'social', 'author', 'degree', 'follow', 'eat', 'court', 'field', 'leg', 'thus', 'recognize', 'experts', 'discuss', 'ongoing', 'developments', 'public', 'health']",REAL
R038,New Report on Public Health,"['assume', 'collection', 'official', 'full', 'cut', 'big', 'human', 'may', 'experts', 'discuss', 'ongoing', 'developments', 'public', 'health']",REAL
R053,New Report on Economic Growth,"['around', 'plan', 'everybody', 'remain', 'project', 'feel', 'response', 'set', 'test', 'life', 'table', 'share', 'explain', 'particularly', 'indicate', 'message', 'experts', 'discuss', 'ongoing', 'developments', 'economic', 'growth']",REAL
F201,Hoax Confirmed by Sources,"['daughter', 'attorney', 'everyone', 'nothing', 'important', 'hand', 'institution', 'people', 'threat', '—', 'shocking', 'claims', 'hoax', 'surface', 'internet']",FAKE
F013,Secret Cure Confirmed by Sources,"['attention', 'country', 'huge', 'total', 'story', 'despite', '—', 'shocking', 'claims', 'secret', 'cure', 'surface', 'internet']",FAKE
R023,New Report on Policy,"['couple', 'wish', 'accept', 'visit', 'tv', 'church', 'affect', 'example', 'lose', 'protect', 'actually', 'toward', 'class', 'us', 'throughout', 'back', 'go', 'experts', 'discuss', 'ongoing', 'developments', 'policy']",REAL
R068,New Report on Technology Breakthrough,"['second', 'possible', 'run', 'collection', 'song', 'provide', 'low', 'dog', 'policy', 'win', 'share', 'color', 'table', 'rule', 'mean', 'away', 'able', 'experts', 'discuss', 'ongoing', 'developments', 'technology', 'breakthrough']",REAL
F065,Hoax Confirmed by Sources,"['nothing', 'everybody', 'size', 'central', 'eye', 'face', 'tonight', 'total', 'follow', 'prepare', 'key', 'second', 'research', '—', 'shocking', 'claims', 'hoax', 'surface', 'internet']",FAKE
F239,Celebrity Scandal Confirmed by Sources,"['civil', 'matter', 'seem', 'turn', 'radio', 'family', 'fly', 'drive', 'likely', 'type', 'dream', 'put', 'think', 'name', '—', 'shocking', 'claims', 'celebrity', 'scandal', 'surface', 'internet']",FAKE
F084,Miracle Drug Confirmed by Sources,"['college', 'image', 'computer', 'anyone', '—', 'shocking', 'claims', 'miracle', 'drug', 'surface', 'internet']",FAKE
R120,New Report on Election,"['beyond', 'nice', 'travel', 'human', 'cup', 'must', 'pick', 'consider', 'strong', 'activity', 'until', 'experts', 'discuss', 'ongoing', 'developments', 'election']",REAL
F207,Government Cover-Up Confirmed by Sources,"['main', 'occur', 'research', 'shake', 'first', 'pass', 'specific', 'order', 'piece', 'thus', 'book', 'machine', 'yard', 'sense', 'follow', '—', 'shocking', 'claims', 'government', 'cover-up', 'surface', 'internet']",FAKE
R158,New Report on Economic Growth,"['family', 'next', 'despite', 'author', 'name', 'process', 'decade', 'within', 'commercial', 'experts', 'discuss', 'ongoing', 'developments', 'economic', 'growth']",REAL
R097,New Report on Technology Breakthrough,"['require', 'general', 'full', 'claim', 'practice', 'something', 'attack', 'friend', 'dark', 'require', 'director', 'strategy', 'talk', 'company', 'experts', 'discuss', 'ongoing', 'developments', 'technology', 'breakthrough']",REAL
R092,New Report on Technology Breakthrough,"['help', 'prepare', 'store', 'magazine', 'memory', 'edge', 'evening', 'actually', 'cause', 'discussion', 'past', 'campaign', 'pattern', 'watch', 'reason', 'experts', 'discuss', 'ongoing', 'developments', 'technology', 'breakthrough']",REAL
F172,Hoax Confirmed by Sources,"['resource', 'brother', 'development', 'tree', 'staff', 'clear', 'impact', 'difference', 'interest', 'common', 'carry', '—', 'shocking', 'claims', 'hoax', 'surface', 'internet']",FAKE
R182,New Report on Economic Growth,"['fire', 'newspaper', 'relationship', 'mother', 'reduce', 'teach', 'serious', 'experts', 'discuss', 'ongoing', 'developments', 'economic', 'growth']",REAL
F014,Secret Cure Confirmed by Sources,"['company', 'serious', 'still', 'force', 'nation', 'central', 'difficult', 'main', 'cold', 'significant', '—', 'shocking', 'claims', 'secret', 'cure', 'surface', 'internet']",FAKE
R230,New Report on Election,"['authority', 'someone', 'pull', 'glass', 'phone', 'lay', 'about', 'behind', 'guess', 'plan', 'big', 'represent', 'social', 'class', 'forward', 'kid', 'experts', 'discuss', 'ongoing', 'developments', 'election']",REAL
F223,Government Cover-Up Confirmed by Sources,"['trouble', 'fear', 'land', 'official', 'available', 'wide', 'establish', 'despite', 'serve', 'rise', 'support', 'go', 'even', '—', 'shocking', 'claims', 'government', 'cover-up', 'surface', 'internet']",FAKE
R221,New Report on Policy,"['everyone', 'town', 'man', 'everybody', 'experts', 'discuss', 'ongoing', 'developments', 'policy']",REAL
R173,New Report on Climate Change,"['hospital', 'protect', 'worker', 'inside', 'bring', 'three', 'experts', 'discuss', 'ongoing', 'developments', 'climate', 'change']",REAL
F249,Immortal Jellyfish Confirmed by Sources,"['talk', 'simple', 'institution', 'type', 'prove', '—', 'shocking', 'claims', 'immortal', 'jellyfish', 'surface', 'internet']",FAKE
F112,Government Cover-Up Confirmed by Sources,"['language', 'campaign', 'reason', 'simple', 'social', 'but', 'look', 'measure', 'oil', 'however', 'use', 'sell', '—', 'shocking', 'claims', 'government', 'cover-up', 'surface', 'internet']",FAKE
R058,New Report on Budget Report,"['person', 'child', 'throw', 'protect', 'church', 'shoulder', 'particularly', 'office', 'property', 'act', 'land', 'speak', 'happy', 'everybody', 'anything', 'pay', 'experts', 'discuss', 'ongoing', 'developments', 'budget', 'report']",REAL
R159,New Report on Economic Growth,"['ball', 'cell', 'improve', 'give', 'student', 'social', 'apply', 'test', 'rest', 'foot', 'late', 'guess', 'draw', 'experts', 'discuss', 'ongoing', 'developments', 'economic', 'growth']",REAL
R029,New Report on Economic Growth,"['like', 'whatever', 'commercial', 'reach', 'book', 'far', 'city', 'big', 'player', 'experts', 'discuss', 'ongoing', 'developments', 'economic', 'growth']",REAL
R126,New Report on Research,"['commercial', 'interest', 'possible', 'either', 'painting', 'federal', 'threat', 'table', 'relate', 'character', 'summer', 'development', 'buy', 'hot', 'character', 'keep', 'step', 'experts', 'discuss', 'ongoing', 'developments', 'research']",REAL
R132,New Report on Education,"['miss', 'door', 'analysis', 'box', 'face', 'pm', 'mouth', 'experts', 'discuss', 'ongoing', 'developments', 'education']",REAL
R025,New Report on Election,"['case', 'develop', 'somebody', 'attack', 'voice', 'ready', 'wonder', 'prove', 'spring', 'trouble', 'air', 'college', 'hope', 'personal', 'stand', 'fire', 'ahead', 'use', 'bed', 'experts', 'discuss', 'ongoing', 'developments', 'election']",REAL
F214,Secret Cure Confirmed by Sources,"['without', 'use', 'responsibility', 'still', 'military', 'street', 'beat', 'evening', 'local', 'according', 'drug', 'check', 'present', 'manager', 'area', 'maybe', 'line', 'news', 'effort', '—', 'shocking', 'claims', 'secret', 'cure', 'surface', 'internet']",FAKE
R177,New Report on Policy,"['control', 'run', 'response', 'cost', 'crime', 'address', 'sort', 'mission', 'challenge', 'yes', 'officer', 'development', 'kid', 'customer', 'another', 'beyond', 'approach', 'experts', 'discuss', 'ongoing', 'developments', 'policy']",REAL
R196,New Report on Budget Report,"['trade', 'run', 'picture', 'establish', 'part', 'account', 'ask', 'look', 'experts', 'discuss', 'ongoing', 'developments', 'budget', 'report']",REAL
R135,New Report on Budget Report,"['seek', 'push', 'culture', 'arrive', 'special', 'official', 'either', 'morning', 'opportunity', 'sing', 'experts', 'discuss', 'ongoing', 'developments', 'budget', 'report']",REAL
F152,Government Cover-Up Confirmed by Sources,"['ten', 'different', 'floor', 'process', 'sound', 'class', 'theory', 'guess', 'turn', 'watch', 'morning', 'mother', 'better', 'rather', 'activity', 'explain', 'fly', 'effort', 'relationship', '—', 'shocking', 'claims', 'government', 'cover-up', 'surface', 'internet']",FAKE
F180,Secret Cure Confirmed by Sources,"['officer', 'level', 'republican', 'second', 'young', 'share', 'year', 'game', 'administration', 'skill', 'late', 'leader', 'per', 'specific', 'sound', 'third', 'smile', 'history', 'participant', 'win', 'month', '—', 'shocking', 'claims', 'secret', 'cure', 'surface', 'internet']",FAKE
F003,Secret Cure Confirmed by Sources,"['energy', 'result', 'begin', 'energy', 'way', 'kind', 'simple', 'recent', 'dark', 'cut', 'chair', 'ok', 'buy', '—', 'shocking', 'claims', 'secret', 'cure', 'surface', 'internet']",FAKE
F244,Celebrity Scandal Confirmed by Sources,"['recent', 'network', 'yes', 'image', 'listen', 'item', 'record', 'american', 'early', '—', 'shocking', 'claims', 'celebrity', 'scandal', 'surface', 'internet']",FAKE
F194,Immortal Jellyfish Confirmed by Sources,"['also', 'offer', 'open', 'movie', 'general', 'current', '—', 'shocking', 'claims', 'immortal', 'jellyfish', 'surface', 'internet']",FAKE
R044,New Report on Policy,"['wear', 'heavy', 'company', 'every', 'until', 'experts', 'discuss', 'ongoing', 'developments', 'policy']",REAL
R141,New Report on Economic Growth,"['leader', 'true', 'structure', 'pick', 'six', 'ground', 'training', 'experts', 'discuss', 'ongoing', 'developments', 'economic', 'growth']",REAL
R188,New Report on Climate Change,"['edge', 'red', 'party', 'leave', 'cold', 'stuff', 'hear', 'reflect', 'oil', 'whether', 'two', 'experts', 'discuss', 'ongoing', 'developments', 'climate', 'change']",REAL
F010,Aliens Confirmed by Sources,"['allow', 'yet', 'protect', 'style', 'effect', 'table', 'lot', 'gun', 'bad', 'inside', 'statement', 'drug', 'understand', 'event', '—', 'shocking', 'claims', 'aliens', 'surface', 'internet']",FAKE
R106,New Report on Economic Growth,"['day', 'step', 'situation', 'quickly', 'everybody', 'day', 'star', 'western', 'tough', 'seat', 'receive', 'cover', 'experts', 'discuss', 'ongoing', 'developments', 'economic', 'growth']",REAL
R049,New Report on Research,"['cell', 'player', 'current', 'ahead', 'hit', 'experts', 'discuss', 'ongoing', 'developments', 'research']",REAL
R144,New Report on Budget Report,"['approach', 'event', 'religious', 'bring', 'first', 'better', 'treat', 'environment', 'add', 'great', 'experts', 'discuss', 'ongoing', 'developments', 'budget', 'report']",REAL
F199,Celebrity Scandal Confirmed by Sources,"['threat', 'behavior', 'respond', 'save', 'citizen', 'theory', 'commercial', 'page', 'seem', '—', 'shocking', 'claims', 'celebrity', 'scandal', 'surface', 'internet']",FAKE
F215,Secret Cure Confirmed by Sources,"['consider', 'arrive', 'material', 'city', 'together', 'source', 'chance', 'look', 'question', 'part', 'beyond', 'human', 'attack', 'about', '—', 'shocking', 'claims', 'secret', 'cure', 'surface', 'internet']",FAKE
R176,New Report on Economic Growth,"['position', 'study', 'small', 'congress', 'make', 'anyone', 'house', 'room', 'movement', 'kid', 'peace', 'worry', 'economy', 'stop', 'rich', 'among', 'laugh', 'appear', 'experts', 'discuss', 'ongoing', 'developments', 'economic', 'growth']",REAL
F105,Hoax Confirmed by Sources,"['letter', 'despite', 'simple', 'people', 'establish', 'western', 'expert', 'building', 'site', '—', 'shocking', 'claims', 'hoax', 'surface', 'internet']",FAKE
F031,Miracle Drug Confirmed by Sources,"['science', 'data', 'doctor', 'suffer', 'onto', 'hard', 'game', 'significant', 'surface', 'health', 'to', 'still', 'ability', 'different', 'boy', 'wind', 'two', 'recognize', 'great', 'sport', 'owner', 'debate', 'station', 'event', '—', 'shocking', 'claims', 'miracle', 'drug', 'surface', 'internet']",FAKE
R206,New Report on Research,"['question', 'strong', 'fall', 'peace', 'experts', 'discuss', 'ongoing', 'developments', 'research']",REAL
F238,Secret Cure Confirmed by Sources,"['thank', 'music', 'value', 'put', 'history', 'interview', 'customer', 'clear', 'result', 'husband', 'throughout', 'determine', 'call', 'behind', 'determine', 'financial', 'water', '—', 'shocking', 'claims', 'secret', 'cure', 'surface', 'internet']",FAKE
R027,New Report on Climate Change,"['reason', 'beat', 'month', 'indicate', 'whether', 'check', 'keep', 'school', 'film', 'marriage', 'bring', 'lot', 'experts', 'discuss', 'ongoing', 'developments', 'climate', 'change']",REAL
F169,Government Cover-Up Confirmed by Sources,"['speak', 'area', 'might', 'admit', 'identify', 'easy', 'result', 'staff', 'civil', 'impact', 'student', 'effort', 'whole', 'together', 'produce', 'its', '—', 'shocking', 'claims', 'government', 'cover-up', 'surface', 'internet']",FAKE
F208,Aliens Confirmed by Sources,"['something', 'tree', 'pretty', 'environment', 'option', 'security', 'improve', 'them', '—', 'shocking', 'claims', 'aliens', 'surface', 'internet']",FAKE
F212,Miracle Drug Confirmed by Sources,"['direction', 'may', 'information', 'heart', 'pull', 'hit', 'town', 'wrong', 'cause', 'thousand', 'democrat', 'food', 'guy', 'professional', 'claim', 'scientist', 'law', 'fact', 'cell', '—', 'shocking', 'claims', 'miracle', 'drug', 'surface', 'internet']",FAKE
F032,Hoax Confirmed by Sources,"['stuff', 'style', 'toward', 'positive', 'station', 'benefit', 'south', 'special', 'end', 'authority', '—', 'shocking', 'claims', 'hoax', 'surface', 'internet']",FAKE
F109,Hoax Confirmed by Sources,"['friend', 'start', 'call', 'protect', 'important', 'teach', 'serious', 'near', '—', 'shocking', 'claims', 'hoax', 'surface', 'internet']",FAKE
R111,New Report on Policy,"['debate', 'order', 'perhaps', 'per', 'must', 'story', 'family', 'individual', 'assume', 'defense', 'matter', 'else', 'third', 'unit', 'experts', 'discuss', 'ongoing', 'developments', 'policy']",REAL
F078,Aliens Confirmed by Sources,"['nature', 'painting', 'beyond', 'protect', 'image', 'bar', 'first', 'board', 'because', 'protect', 'behind', 'prepare', 'dream', 'guy', 'specific', 'control', 'might', '—', 'shocking', 'claims', 'aliens', 'surface', 'internet']",FAKE
R105,New Report on Budget Report,"['shake', 'hand', 'begin', 'plant', 'soldier', 'situation', 'nearly', 'fund', 'experts', 'discuss', 'ongoing', 'developments', 'budget', 'report']",REAL
F196,Government Cover-Up Confirmed by Sources,"['tough', 'national', 'life', 'popular', 'send', 'station', 'bed', 'hot', 'buy', 'career', '—', 'shocking', 'claims', 'government', 'cover-up', 'surface', 'internet']",FAKE
F118,Immortal Jellyfish Confirmed by Sources,"['end', 'travel', 'front', 'approach', 'relationship', 'three', 'citizen', 'walk', 'focus', 'economic', 'many', 'either', 'region', 'despite', 'drug', 'local', 'particular', 'establish', 'ago', 'dream', 'side', '—', 'shocking', 'claims', 'immortal', 'jellyfish', 'surface', 'internet']",FAKE
F077,Secret Cure Confirmed by Sources,"['better', 'pattern', 'analysis', 'dark', 'grow', 'practice', 'city', 'body', 'prove', 'possible', 'raise', '—', 'shocking', 'claims', 'secret', 'cure', 'surface', 'internet']",FAKE
F070,Government Cover-Up Confirmed by Sources,"['population', 'strong', 'experience', 'professional', 'visit', 'born', 'though', 'wrong', 'far', 'statement', 'pattern', 'result', 'page', 'economy', 'spring', 'account', 'hot', 'safe', 'memory', '—', 'shocking', 'claims', 'government', 'cover-up', 'surface', 'internet']",FAKE
F041,Immortal Jellyfish Confirmed by Sources,"['lose', 'true', 'begin', 'red', 'issue', 'fish', 'couple', 'society', 'next', 'cup', 'hundred', 'perform', 'short', 'task', 'defense', 'they', '—', 'shocking', 'claims', 'immortal', 'jellyfish', 'surface', 'internet']",FAKE
R026,New Report on Policy,"['action', 'visit', 'effect', 'defense', 'church', 'her', 'leave', 'return', 'business', 'model', 'especially', 'blue', 'experts', 'discuss', 'ongoing', 'developments', 'policy']",REAL
R207,New Report on Policy,"['service', 'become', 'gas', 'name', 'provide', 'dream', 'really', 'example', 'strategy', 'recent', 'experts', 'discuss', 'ongoing', 'developments', 'policy']",REAL
F163,Secret Cure Confirmed by Sources,"['audience', 'peace', 'small', 'bad', 'staff', 'traditional', 'federal', 'certainly', 'south', 'value', 'gun', 'society', 'behind', 'action', 'open', 'practice', 'surface', '—', 'shocking', 'claims', 'secret', 'cure', 'surface', 'internet']",FAKE
F171,Government Cover-Up Confirmed by Sources,"['key', 'ahead', 'special', 'without', 'worry', 'buy', 'cup', 'million', 'development', 'pass', 'case', 'painting', 'tend', 'choose', '—', 'shocking', 'claims', 'government', 'cover-up', 'surface', 'internet']",FAKE
F139,Immortal Jellyfish Confirmed by Sources,"['open', 'power', 'eat', 'development', 'state', 'follow', 'score', 'participant', 'night', 'give', 'wear', 'land', 'service', 'serious', 'appear', 'worker', 'protect', 'artist', 'majority', 'religious', '—', 'shocking', 'claims', 'immortal', 'jellyfish', 'surface', 'internet']",FAKE
F120,Miracle Drug Confirmed by Sources,"['news', 'long', 'board', 'beyond', 'check', 'wish', 'process', 'common', 'language', 'current', 'despite', 'color', 'before', '—', 'shocking', 'claims', 'miracle', 'drug', 'surface', 'internet']",FAKE
F146,Mind Control Confirmed by Sources,"['later', 'however', 'save', 'win', 'discover', 'price', 'performance', 'accept', 'recognize', '—', 'shocking', 'claims', 'mind', 'control', 'surface', 'internet']",FAKE
R115,New Report on Research,"['check', 'smile', 'involve', 'box', 'successful', 'thought', 'others', 'risk', 'office', 'ball', 'close', 'watch', 'unit', 'western', 'mother', 'quality', 'trouble', 'decision', 'bring', 'raise', 'space', 'congress', 'experts', 'discuss', 'ongoing', 'developments', 'research']",REAL
F039,Aliens Confirmed by Sources,"['return', 'loss', 'focus', 'two', 'need', 'others', 'quickly', 'lose', 'long', 'sometimes', 'save', '—', 'shocking', 'claims', 'aliens', 'surface', 'internet']",FAKE
F225,Hoax Confirmed by Sources,"['act', 'reach', 'training', 'health', 'successful', 'deal', 'choose', 'successful', 'republican', 'speech', 'approach', 'opportunity', 'personal', 'agent', 'build', 'choose', 'space', '—', 'shocking', 'claims', 'hoax', 'surface', 'internet']",FAKE
F140,Aliens Confirmed by Sources,"['consumer', 'much', 'white', 'edge', 'treat', 'recognize', 'partner', 'else', 'drug', 'great', 'young', 'sell', 'law', '—', 'shocking', 'claims', 'aliens', 'surface', 'internet']",FAKE
F122,Mind Control Confirmed by Sources,"['learn', 'heavy', 'trial', 'usually', 'land', 'young', 'cell', 'color', 'occur', 'move', 'really', 'understand', 'seek', 'either', 'child', 'provide', '—', 'shocking', 'claims', 'mind', 'control', 'surface', 'internet']",FAKE
R070,New Report on Budget Report,"['performance', 'republican', 'idea', 'us', 'us', 'born', 'type', 'support', 'science', 'act', 'few', 'experts', 'discuss', 'ongoing', 'developments', 'budget', 'report']",REAL
F248,Celebrity Scandal Confirmed by Sources,"['write', 'indicate', 'avoid', 'read', 'include', 'attorney', 'hear', 'hot', 'pay', 'protect', 'pattern', 'memory', 'figure', 'suffer', 'home', 'audience', 'under', '—', 'shocking', 'claims', 'celebrity', 'scandal', 'surface', 'internet']",FAKE
R016,New Report on Technology Breakthrough,"['room', 'artist', 'value', 'maybe', 'real', 'mr', 'leave', 'experts', 'discuss', 'ongoing', 'developments', 'technology', 'breakthrough']",REAL
R148,New Report on Technology Breakthrough,"['mrs', 'rather', 'evidence', 'painting', 'magazine', 'five', 'detail', 'read', 'be', 'already', 'drop', 'save', 'minute', 'experts', 'discuss', 'ongoing', 'developments', 'technology', 'breakthrough']",REAL
R142,New Report on Budget Report,"['available', 'real', 'hot', 'option', 'man', 'production', 'purpose', 'animal', 'kind', 'agency', 'congress', 'protect', 'experts', 'discuss', 'ongoing', 'developments', 'budget', 'report']",REAL
F141,Miracle Drug Confirmed by Sources,"['indeed', 'arm', 'information', 'society', 'nice', 'moment', 'hour', '—', 'shocking', 'claims', 'miracle', 'drug', 'surface', 'internet']",FAKE
R076,New Report on Technology Breakthrough,"['government', 'head', 'business', 'professor', 'item', 'want', 'early', 'room', 'bad', 'really', 'experts', 'discuss', 'ongoing', 'developments', 'technology', 'breakthrough']",REAL
R180,New Report on Budget Report,"['single', 'risk', 'less', 'method', 'girl', 'finally', 'hold', 'inside', 'where', 'experts', 'discuss', 'ongoing', 'developments', 'budget', 'report']",REAL
F126,Aliens Confirmed by Sources,"['congress', 'floor', 'hour', 'interview', 'read', 'detail', 'material', 'feel', 'challenge', 'information', 'standard', 'compare', 'such', '—', 'shocking', 'claims', 'aliens', 'surface', 'internet']",FAKE
R134,New Report on Economic Growth,"['drug', 'party', 'glass', 'color', 'set', 'center', 'include', 'course', 'break', 'strategy', 'owner', 'sing', 'people', 'past', 'last', 'strategy', 'way', 'experts', 'discuss', 'ongoing', 'developments', 'economic', 'growth']",REAL
F132,Mind Control Confirmed by Sources,"['campaign', 'note', 'sit', 'common', 'they', 'must', 'wall', 'job', 'think', 'road', 'religious', 'former', 'feel', 'natural', 'feeling', 'past', 'though', 'free', '—', 'shocking', 'claims', 'mind', 'control', 'surface', 'internet']",FAKE
F230,Immortal Jellyfish Confirmed by Sources,"['new', 'worry', 'mr', 'democrat', 'page', 'population', 'notice', 'certainly', 'real', 'choose', 'reality', 'real', 'include', 'yes', 'administration', 'vote', 'speak', 'among', 'seek', 'report', 'guy', '—', 'shocking', 'claims', 'immortal', 'jellyfish', 'surface', 'internet']",FAKE
F243,Aliens Confirmed by Sources,"['blood', 'impact', 'hold', 'war', 'treat', 'later', 'environment', 'laugh', 'anyone', 'every', 'front', 'school', 'soon', 'over', '—', 'shocking', 'claims', 'aliens', 'surface', 'internet']",FAKE
R191,New Report on Budget Report,"['series', 'wind', 'popular', 'oil', 'night', 'despite', 'live', 'environmental', 'sound', 'sport', 'child', 'buy', 'experts', 'discuss', 'ongoing', 'developments', 'budget', 'report']",REAL
R130,New Report on Public Health,"['either', 'major', 'kitchen', 'left', 'imagine', 'go', 'attack', 'compare', 'wonder', 'thought', 'must', 'entire', 'father', 'during', 'experts', 'discuss', 'ongoing', 'developments', 'public', 'health']",REAL
F081,Mind Control Confirmed by Sources,"['decade', 'apply', 'treat', 'last', 'seem', 'success', 'gun', 'thought', 'whose', 'different', 'yard', '—', 'shocking', 'claims', 'mind', 'control', 'surface', 'internet']",FAKE
R209,New Report on Technology Breakthrough,"['heart', 'thousand', 'middle', 'note', 'better', 'government', 'finish', 'particularly', 'lawyer', 'yet', 'model', 'avoid', 'involve', 'experts', 'discuss', 'ongoing', 'developments', 'technology', 'breakthrough']",REAL
F228,Hoax Confirmed by Sources,"['car', 'others', 'sort', 'water', 'forward', 'camera', 'different', 'key', 'dark', 'pretty', 'push', 'answer', 'religious', 'anyone', 'man', 'tax', 'company', '—', 'shocking', 'claims', 'hoax', 'surface', 'internet']",FAKE
R030,New Report on Budget Report,"['scene', 'international', 'whether', 'nice', 'theory', 'assume', 'writer', 'despite', 'tax', 'person', 'site', 'sister', 'mission', 'decide', 'experts', 'discuss', 'ongoing', 'developments', 'budget', 'report']",REAL
R214,New Report on Education,"['entire', 'threat', 'pass', 'also', 'key', 'investment', 'everyone', 'experts', 'discuss', 'ongoing', 'developments', 'education']",REAL
R175,New Report on Economic Growth,"['hit', 'tell', 'phone', 'federal', 'dark', 'treat', 'wrong', 'benefit', 'day', 'same', 'another', 'tax', 'beyond', 'suggest', 'main', 'exist', 'experts', 'discuss', 'ongoing', 'developments', 'economic', 'growth']",REAL
