id,filtered_words,features,label_index
R129,"middle,present,degree,suffer,long,put,paper,camera,true,simply,cost,factor,miss,experts,discuss,ongoing,developments,election","71:4.424847,130:3.818711,132:2.720099,135:3.508556,188:2.527727,462:0.691153,490:4.270696,506:0.679272,561:3.272167,614:0.675343,642:3.818711,650:2.432416,687:0.679272,690:4.424847,871:2.720099,878:3.818711,904:4.019382,943:3.326234",1.0
R227,"quickly,heavy,chance,major,particular,mean,special,three,tax,consider,several,many,suggest,program,suggest,experts,discuss,ongoing,developments,climate,change","55:2.884402,58:3.731699,188:2.527727,227:4.607168,312:2.750870,346:3.326234,387:2.661258,391:2.527727,462:0.691153,506:0.679272,573:3.731699,587:4.019382,614:0.675343,687:0.679272,816:5.917019,821:2.720099,909:2.997730,925:3.326234,949:3.220874,984:3.651657",1.0
F231,"force,value,see,customer,knowledge,responsibility,vote,program,civil,design,sport,establish,security,—,shocking,claims,aliens,surface,internet","214:3.444017,278:4.270696,281:0.675343,338:0.691153,354:3.508556,391:2.527727,403:2.958510,413:3.272167,502:3.508556,503:0.691153,573:3.731699,593:3.818711,634:2.997730,650:2.432416,716:0.671429,850:0.679272,864:4.137165,922:3.272167,923:3.577549",0.0
R066,"water,power,particularly,power,south,teach,strong,good,see,within,upon,experts,discuss,ongoing,developments,policy","56:6.888035,142:2.478936,168:4.270696,354:3.508556,355:4.019382,443:3.272167,462:0.691153,506:0.679272,522:3.444017,589:4.424847,614:0.675343,687:0.679272,735:3.577549,816:2.958510,817:3.220874",1.0
F095,"eye,record,drive,dinner,pressure,me,city,purpose,song,spend,economic,market,represent,—,shocking,claims,mind,control,surface,internet","89:3.125564,144:2.387965,184:2.605688,208:2.661258,240:4.270696,281:0.675343,325:3.508556,338:0.691153,341:3.326234,347:3.081112,350:2.997730,353:3.914021,369:4.830312,495:3.444017,503:0.691153,657:3.326234,661:3.914021,716:0.671429,717:3.508556,850:0.679272",0.0
R174,"necessary,enough,represent,trade,treatment,outside,ball,conference,control,south,structure,everything,despite,experts,discuss,ongoing,developments,policy","15:2.920769,142:2.478936,156:4.137165,208:2.661258,301:3.038552,419:4.607168,462:0.691153,492:3.444017,506:0.679272,568:3.577549,614:0.675343,657:3.326234,687:0.679272,717:3.508556,748:4.270696,816:2.958510,979:3.577549,996:3.125564",1.0
R201,"resource,nearly,particularly,home,unit,way,plan,represent,decision,position,girl,despite,bar,black,enter,piece,social,similar,style,section,key,experts,discuss,ongoing,developments,public,health","0:3.577549,29:4.424847,46:4.019382,123:3.914021,131:4.137165,133:2.815409,193:4.607168,301:3.038552,332:3.272167,335:3.508556,339:4.137165,365:4.137165,391:2.527727,435:4.019382,443:3.272167,462:0.691153,506:0.679272,614:0.675343,670:4.424847,687:0.679272,717:3.508556,770:2.815409,805:2.849310,823:3.914021,866:3.731699,948:3.818711,968:3.081112",1.0
R072,"seem,section,health,fight,major,skin,article,occur,sure,amount,line,story,wind,southern,experts,discuss,ongoing,developments,education","58:3.731699,182:3.444017,222:4.137165,462:0.691153,506:0.679272,526:3.172084,530:2.246314,558:3.577549,588:3.731699,614:0.675343,687:0.679272,702:3.818711,743:3.818711,805:2.849310,821:2.720099,833:4.270696,855:3.383393,921:2.304583,968:3.081112",1.0
R064,"ground,authority,design,model,west,with,agency,less,our,development,open,understand,plan,attention,line,experts,discuss,ongoing,developments,research","85:3.125564,102:3.731699,123:3.914021,144:2.387965,165:4.270696,176:3.731699,182:3.444017,195:4.270696,432:2.782619,462:0.691153,487:7.463399,506:0.679272,614:0.675343,650:2.432416,687:0.679272,765:4.270696,783:3.326234,871:2.720099,922:3.272167",1.0
F037,"check,radio,try,yard,few,ball,reflect,perhaps,cultural,play,source,less,blood,line,entire,around,mr,owner,develop,water,—,shocking,claims,miracle,drug,surface,internet","53:3.914021,86:4.830312,173:3.731699,182:3.444017,195:4.270696,197:4.137165,233:4.019382,241:3.220874,256:2.884402,259:2.432416,281:0.675343,321:3.651657,338:0.691153,359:4.424847,424:3.818711,492:3.444017,503:0.691153,589:4.424847,647:3.444017,693:3.125564,716:0.671429,721:4.019382,824:3.914021,850:0.679272,860:2.720099,901:3.914021,960:4.270696",0.0
R170,"later,deep,condition,effort,market,worry,head,perform,teacher,certainly,quality,wide,experts,discuss,ongoing,developments,technology,breakthrough","20:2.553044,64:3.914021,98:3.444017,328:3.731699,343:3.651657,462:0.691153,481:2.478936,506:1.358544,560:3.914021,614:0.675343,657:3.326234,673:3.651657,687:0.679272,708:3.125564,726:3.818711,762:4.137165,836:3.444017",1.0
F110,"energy,capital,every,early,training,particular,war,effort,indicate,matter,side,probably,—,shocking,claims,celebrity,scandal,surface,internet","92:4.019382,281:0.675343,297:3.220874,307:4.424847,338:0.691153,402:3.577549,485:2.997730,486:2.661258,503:0.691153,538:3.731699,541:4.137165,681:2.661258,716:0.671429,719:4.137165,726:3.818711,781:3.914021,850:0.679272,921:2.304583,984:3.651657",0.0
F048,"investment,listen,never,attorney,company,wind,certainly,art,—,shocking,claims,secret,cure,surface,internet","281:1.350685,338:0.691153,429:3.818711,503:0.691153,558:3.577549,562:4.830312,673:3.651657,716:0.671429,747:2.553044,850:0.679272,853:3.444017,854:4.830312,892:2.553044,942:3.914021",0.0
F082,"relationship,war,somebody,need,light,hospital,ready,kind,interest,air,—,shocking,claims,hoax,surface,internet","44:3.220874,70:3.220874,88:4.607168,89:3.125564,260:4.137165,281:0.675343,338:0.691153,377:2.605688,503:0.691153,537:4.270696,557:3.383393,716:0.671429,719:4.137165,720:3.272167,850:0.679272,930:3.914021",0.0
F187,"job,building,hand,whether,hope,experience,receive,—,shocking,claims,miracle,drug,surface,internet","0:3.577549,256:2.884402,281:0.675343,338:0.691153,406:3.577549,423:3.731699,503:0.691153,557:3.383393,617:3.125564,635:3.383393,716:0.671429,850:0.679272,852:3.914021,860:2.720099",0.0
F027,"data,political,analysis,raise,green,fight,hold,ago,start,space,something,ok,media,country,lead,appear,listen,bad,much,writer,hold,light,—,shocking,claims,miracle,drug,surface,internet","182:3.444017,188:2.527727,209:3.383393,256:2.884402,281:0.675343,296:4.137165,338:0.691153,356:4.137165,389:6.888035,429:3.818711,503:0.691153,524:3.508556,526:3.172084,527:3.172084,551:4.270696,645:4.137165,695:3.731699,716:0.671429,720:3.272167,826:3.731699,850:0.679272,860:2.720099,870:4.830312,896:4.019382,906:4.019382,935:3.914021,956:3.731699,996:3.125564",0.0
F202,"special,poor,miss,professional,campaign,respond,factor,pattern,—,shocking,claims,hoax,surface,internet","55:2.884402,71:4.424847,103:4.019382,155:4.019382,281:0.675343,338:0.691153,377:2.605688,500:4.270696,503:0.691153,561:3.272167,617:3.125564,675:3.508556,716:0.671429,850:0.679272",0.0
F197,"rate,career,talk,report,team,seek,almost,rate,ability,region,reason,candidate,—,shocking,claims,secret,cure,surface,internet","159:3.383393,171:3.172084,253:7.828042,281:0.675343,338:0.691153,358:3.731699,468:3.577549,503:0.691153,505:2.605688,566:4.019382,681:2.661258,716:0.671429,747:2.553044,850:0.679272,892:2.553044,925:3.326234,930:3.914021,944:3.326234",0.0
R128,"new,team,end,keep,probably,stage,each,board,car,kitchen,light,along,set,loss,bit,lot,wife,effect,prevent,source,chair,standard,rise,experts,discuss,ongoing,developments,climate,change","21:3.383393,30:3.577549,252:3.038552,297:3.220874,324:3.651657,329:4.270696,342:3.444017,387:2.661258,453:4.270696,454:2.849310,462:0.691153,468:3.577549,506:0.679272,585:4.019382,594:3.172084,614:0.675343,674:4.270696,681:2.661258,687:0.679272,720:3.272167,721:4.019382,756:3.383393,816:2.958510,821:2.720099,840:4.424847,885:5.117994,943:3.326234,967:2.958510,989:3.731699",1.0
F157,"kid,natural,statement,rate,education,political,movie,act,couple,minute,total,—,shocking,claims,government,cover-up,surface,internet","253:3.914021,259:2.432416,279:4.270696,281:0.675343,338:0.691153,357:4.019382,439:4.270696,503:0.691153,530:2.246314,702:3.818711,716:0.671429,723:3.577549,813:2.997730,817:3.220874,850:0.679272,928:3.444017,935:3.914021,988:3.731699",0.0
F117,"quality,executive,increase,government,rate,guy,write,rich,west,able,make,state,trouble,significant,rock,sound,popular,politics,certain,value,since,bank,—,shocking,claims,hoax,surface,internet","85:3.125564,94:4.019382,148:3.272167,166:3.383393,212:3.818711,253:3.914021,259:2.432416,281:0.675343,287:4.137165,288:4.607168,338:0.691153,377:2.605688,403:2.958510,445:3.172084,496:4.607168,503:0.691153,506:0.679272,525:3.577549,552:3.914021,574:4.424847,716:0.671429,808:3.651657,850:0.679272,887:3.914021,909:2.997730,963:3.577549,966:4.424847,982:4.607168",0.0
F173,"movement,including,story,old,audience,skin,institution,—,shocking,claims,secret,cure,surface,internet","83:3.818711,243:3.383393,281:0.675343,294:4.270696,312:2.750870,334:4.019382,338:0.691153,503:0.691153,716:0.671429,747:2.553044,833:4.270696,850:0.679272,855:3.383393,892:2.553044",0.0
F024,"create,sea,ability,moment,style,rich,theory,property,democrat,—,shocking,claims,aliens,surface,internet","0:3.577549,212:3.818711,234:3.577549,281:0.675343,338:0.691153,401:3.444017,404:3.038552,468:3.577549,503:0.691153,617:3.125564,650:2.432416,681:2.661258,716:0.671429,733:4.019382,850:0.679272",0.0
F096,"history,task,prepare,many,discover,turn,civil,season,usually,magazine,ten,former,candidate,response,back,—,shocking,claims,celebrity,scandal,surface,internet","85:3.125564,160:3.272167,170:3.577549,188:2.527727,281:0.675343,286:3.508556,338:0.691153,358:7.463399,413:3.272167,430:3.914021,445:3.172084,451:3.081112,486:2.661258,503:0.691153,543:2.605688,593:3.818711,716:0.671429,850:0.679272,886:3.508556,921:2.304583,990:4.607168",0.0
R247,"lose,turn,dog,activity,eight,great,realize,change,year,peace,hair,experts,discuss,ongoing,developments,public,health","110:3.651657,387:2.661258,422:4.607168,462:0.691153,482:4.137165,506:0.679272,564:3.220874,582:4.424847,614:0.675343,664:3.651657,687:0.679272,697:3.125564,750:3.444017,770:2.815409,805:2.849310,886:3.508556,899:3.818711",1.0
F226,"sometimes,billion,sit,peace,various,quite,plant,product,ball,seem,spring,notice,city,deep,shake,piece,left,teach,—,shocking,claims,government,cover-up,surface,internet","56:3.444017,133:2.815409,180:3.914021,244:3.508556,258:3.577549,259:2.432416,281:0.675343,338:0.691153,447:2.849310,492:3.444017,495:3.444017,503:0.691153,522:3.444017,525:3.577549,588:3.731699,644:4.137165,647:3.444017,662:4.270696,697:3.125564,716:0.671429,762:4.137165,813:2.997730,850:0.679272,869:3.508556,946:3.444017",0.0
F100,"program,stage,present,clearly,reach,professional,bit,name,report,group,office,—,shocking,claims,flat,earth,surface,internet","15:2.920769,30:3.577549,130:3.818711,155:4.019382,238:3.731699,281:0.675343,338:0.691153,344:3.731699,386:4.019382,503:0.691153,505:2.605688,573:3.731699,676:2.782619,716:0.671429,766:4.270696,850:0.679272,918:3.038552,989:3.731699",0.0
F246,"song,energy,sea,responsibility,—,shocking,claims,government,cover-up,surface,internet","259:2.432416,281:0.675343,307:4.424847,338:0.691153,350:2.997730,502:3.508556,503:0.691153,617:3.125564,716:0.671429,813:2.997730,850:0.679272",0.0
F183,"include,television,politics,far,wife,create,product,allow,laugh,—,shocking,claims,aliens,surface,internet","21:3.383393,98:3.444017,158:3.818711,281:0.675343,338:0.691153,404:3.038552,447:2.849310,503:0.691153,650:2.432416,713:3.508556,716:0.671429,835:4.019382,850:0.679272,887:3.914021,953:3.914021",0.0
R063,"decide,approach,value,decade,walk,magazine,race,similar,life,order,keep,safe,seek,series,human,trip,town,many,experts,discuss,ongoing,developments,policy","30:3.577549,46:4.019382,95:3.914021,142:4.957873,171:3.172084,188:2.527727,226:3.272167,293:3.172084,303:3.508556,403:2.958510,413:3.272167,454:2.849310,462:0.691153,463:4.137165,477:3.444017,506:0.679272,594:3.172084,614:0.675343,642:3.818711,687:0.679272,715:3.651657,782:4.137165",1.0
R005,"smile,bar,want,woman,experts,discuss,ongoing,developments,election","132:2.720099,332:3.272167,462:0.691153,506:0.679272,563:4.137165,614:0.675343,687:0.679272,712:3.125564,713:3.508556",1.0
R084,"space,long,effect,ago,program,attorney,positive,everyone,career,stop,similar,message,through,experts,discuss,ongoing,developments,election","1:4.270696,46:4.019382,132:2.720099,188:2.527727,324:3.651657,385:3.818711,462:0.691153,506:0.679272,573:3.731699,614:0.675343,687:0.679272,715:3.651657,796:4.019382,853:3.444017,893:4.137165,896:4.019382,904:4.019382,930:3.914021",1.0
R124,"wear,game,question,present,affect,break,teacher,interest,form,experts,discuss,ongoing,developments,education","55:2.884402,70:3.220874,130:3.818711,462:0.691153,506:0.679272,530:2.246314,581:3.818711,614:0.675343,621:5.117994,668:4.607168,687:0.679272,708:3.125564,947:3.220874,975:4.137165",1.0
R118,"public,yard,together,true,second,nice,structure,sense,mind,land,last,per,experts,discuss,ongoing,developments,research","148:3.272167,184:2.605688,188:2.527727,256:2.884402,298:4.137165,312:2.750870,370:3.272167,424:3.818711,432:2.782619,447:2.849310,462:0.691153,506:0.679272,614:0.675343,687:0.679272,770:2.815409,989:3.731699,996:3.125564",1.0
F001,"book,couple,middle,western,fill,find,—,shocking,claims,aliens,surface,internet","281:0.675343,338:0.691153,393:4.137165,503:0.691153,510:4.607168,524:3.508556,650:2.432416,702:3.818711,716:0.671429,727:4.270696,850:0.679272,878:3.818711",0.0
F007,"picture,hear,town,teacher,physical,military,soldier,want,simple,star,purpose,understand,consider,break,sit,join,news,popular,message,attack,lay,impact,heart,behavior,—,shocking,claims,immortal,jellyfish,surface,internet","66:2.527727,89:3.125564,141:4.137165,148:3.272167,170:3.577549,281:0.675343,312:2.750870,338:0.691153,433:2.920769,475:3.220874,481:2.478936,487:3.731699,503:0.691153,649:3.577549,668:4.607168,693:3.125564,708:3.125564,712:3.125564,715:7.303313,716:0.671429,735:3.577549,808:3.651657,842:3.818711,850:0.679272,876:2.579020,877:4.137165,913:3.272167,946:3.444017,952:4.270696,972:3.914021",0.0
F046,"land,approach,fear,street,religious,—,shocking,claims,mind,control,surface,internet","95:3.914021,148:3.272167,184:2.605688,208:2.661258,281:0.675343,293:3.172084,338:0.691153,503:0.691153,513:3.508556,684:3.818711,716:0.671429,850:0.679272",0.0
R103,"popular,mind,arrive,science,pick,prepare,every,service,cause,protect,yourself,experts,discuss,ongoing,developments,research","148:3.272167,184:2.605688,235:3.383393,252:3.038552,286:3.508556,316:3.818711,363:4.137165,372:4.019382,391:2.527727,432:2.782619,462:0.691153,506:0.679272,612:5.117994,614:0.675343,681:2.661258,687:0.679272",1.0
R037,"case,wear,music,arm,around,hundred,mean,party,product,past,lot,peace,might,experts,discuss,ongoing,developments,budget,report","175:3.818711,197:4.137165,275:4.019382,342:3.444017,370:3.272167,379:3.731699,447:2.849310,462:0.691153,505:2.605688,506:0.679272,581:3.818711,614:0.675343,687:0.679272,697:3.125564,909:2.997730,924:3.731699,943:3.326234,984:3.651657,991:2.690246",1.0
F193,"skin,ask,building,fear,floor,sort,floor,court,news,help,benefit,hold,something,class,leave,necessary,police,fight,say,believe,modern,pick,participant,—,shocking,claims,secret,cure,surface,internet","7:3.444017,281:0.675343,319:7.303313,336:4.607168,338:0.691153,347:3.081112,372:4.019382,389:3.444017,396:3.731699,433:2.920769,503:0.691153,507:4.270696,513:3.508556,526:3.172084,533:4.137165,568:3.577549,653:3.220874,716:0.671429,720:3.272167,747:2.553044,826:3.731699,833:4.270696,850:0.679272,852:3.914021,862:3.914021,876:2.579020,892:2.553044,913:3.272167,979:3.577549",0.0
R166,"lead,term,head,blood,professional,material,experts,discuss,ongoing,developments,election","64:3.914021,132:2.720099,155:4.019382,188:2.527727,231:4.270696,356:4.137165,359:4.424847,462:0.691153,506:0.679272,614:0.675343,687:0.679272",1.0
F017,"police,door,remain,officer,another,few,east,size,law,watch,—,shocking,claims,immortal,jellyfish,surface,internet","66:2.527727,166:3.383393,192:4.270696,205:4.607168,281:0.675343,338:0.691153,503:0.691153,576:4.270696,696:3.914021,708:3.125564,716:0.671429,847:4.424847,850:0.679272,876:5.158040,960:4.270696,979:3.577549",0.0
R008,"role,process,must,experts,discuss,ongoing,developments,economic,growth","23:3.914021,40:3.577549,144:2.387965,320:2.605688,350:2.997730,462:0.691153,506:0.679272,614:0.675343,687:0.679272",1.0
F071,"somebody,another,reality,president,international,allow,everything,spend,question,—,shocking,claims,celebrity,scandal,surface,internet","89:3.125564,156:4.137165,166:3.383393,188:2.527727,281:0.675343,306:3.914021,338:0.691153,353:3.914021,486:2.661258,503:0.691153,680:3.651657,716:0.671429,835:4.019382,850:0.679272,921:2.304583,947:3.220874",0.0
F028,"strategy,drive,past,support,already,story,direction,democrat,—,shocking,claims,mind,control,surface,internet","184:2.605688,208:2.661258,217:3.444017,234:3.577549,275:4.019382,281:0.675343,291:3.508556,325:3.508556,338:0.691153,503:0.691153,554:4.607168,594:3.172084,716:0.671429,850:0.679272,855:3.383393",0.0
F227,"city,public,relate,candidate,really,mean,million,property,cup,believe,its,—,shocking,claims,immortal,jellyfish,surface,internet","59:3.577549,66:2.527727,112:3.731699,281:0.675343,338:0.691153,358:3.731699,495:3.444017,503:0.691153,533:4.137165,651:4.607168,667:4.830312,716:0.671429,733:4.019382,770:2.815409,850:0.679272,876:2.579020,909:2.997730,988:3.731699",0.0
R200,"director,brother,movie,experts,discuss,ongoing,developments,public,health","291:3.508556,439:4.270696,462:0.691153,506:0.679272,614:0.675343,687:0.679272,770:2.815409,805:2.849310,853:3.444017",1.0
R225,"blue,approach,president,successful,final,assume,federal,let,pass,writer,experts,discuss,ongoing,developments,climate,change","95:3.914021,267:4.019382,306:3.914021,387:2.661258,392:3.818711,462:0.691153,506:0.679272,614:0.675343,633:3.383393,653:3.220874,659:4.137165,664:3.651657,687:0.679272,768:3.818711,821:2.720099,906:4.019382",1.0
R062,"yeah,work,six,public,product,republican,much,ball,protect,subject,beautiful,nothing,experts,discuss,ongoing,developments,budget,report","235:3.383393,249:3.172084,273:3.272167,292:4.137165,401:3.444017,447:2.849310,462:0.691153,492:3.444017,505:2.605688,506:0.679272,524:3.508556,527:3.172084,614:0.675343,616:3.272167,655:4.019382,687:0.679272,770:2.815409,991:2.690246",1.0
F033,"day,go,establish,reality,upon,prepare,care,method,people,actually,attack,card,area,let,—,shocking,claims,hoax,surface,internet","15:2.920769,133:2.815409,144:2.387965,263:3.577549,267:4.019382,281:0.675343,286:3.508556,310:4.607168,338:0.691153,377:2.605688,447:2.849310,451:3.081112,503:0.691153,649:3.577549,680:3.651657,693:3.125564,716:0.671429,735:3.577549,850:0.679272,923:3.577549",0.0
F012,"fight,resource,sell,significant,character,region,economic,reflect,couple,—,shocking,claims,hoax,surface,internet","144:2.387965,159:3.383393,281:0.675343,321:3.651657,338:0.691153,377:2.605688,485:2.997730,503:0.691153,526:3.172084,552:3.914021,670:4.424847,702:3.818711,716:0.671429,850:0.679272,867:4.019382",0.0
R121,"law,measure,move,middle,produce,case,building,wall,send,rich,hand,person,avoid,suffer,group,around,fire,best,may,free,place,couple,improve,start,name,experts,discuss,ongoing,developments,research","15:2.920769,73:4.137165,135:3.508556,160:3.272167,191:4.607168,197:4.137165,212:3.818711,249:3.172084,282:4.424847,342:3.444017,388:3.731699,390:4.424847,404:3.038552,408:3.577549,423:3.731699,432:2.782619,462:0.691153,506:0.679272,523:4.019382,528:4.019382,614:0.675343,648:3.914021,687:0.679272,702:3.818711,763:4.830312,766:4.270696,852:3.914021,878:3.818711,979:3.577549,996:3.125564",1.0
F210,"determine,imagine,start,improve,cost,task,work,order,price,degree,compare,near,them,instead,tell,including,fill,performance,ground,tv,—,shocking,claims,aliens,surface,internet","226:3.272167,246:3.731699,281:0.675343,301:3.038552,334:4.019382,338:0.691153,351:4.270696,408:3.577549,451:3.081112,487:3.731699,490:4.270696,503:0.691153,527:6.344167,547:4.137165,650:2.432416,716:0.671429,727:4.270696,734:4.270696,738:4.019382,850:1.358544,924:3.731699,943:3.326234,974:3.577549,996:3.125564",0.0
F151,"maintain,chance,daughter,image,eye,window,create,author,memory,field,performance,rest,artist,ready,time,state,—,shocking,claims,hoax,surface,internet","74:3.914021,157:3.508556,247:4.424847,281:0.675343,303:3.508556,338:0.691153,341:3.326234,346:3.326234,350:2.997730,351:4.270696,377:2.605688,403:2.958510,404:3.038552,503:0.691153,557:3.383393,623:3.731699,708:3.125564,716:0.671429,808:3.651657,850:0.679272,931:3.220874,941:3.914021",0.0
F099,"current,produce,table,world,might,right,factor,religious,authority,opportunity,fall,factor,author,—,shocking,claims,secret,cure,surface,internet","176:3.731699,189:3.731699,281:0.675343,293:3.172084,338:0.691153,350:2.997730,360:4.424847,503:0.691153,561:6.544334,648:3.914021,716:0.671429,729:4.424847,747:2.553044,790:3.508556,850:0.679272,892:2.553044,924:3.731699,931:3.220874,976:4.270696",0.0
R090,"national,hit,physical,make,food,trial,beyond,others,capital,hold,actually,experts,discuss,ongoing,developments,technology,breakthrough","20:2.553044,252:3.038552,389:3.444017,410:4.607168,447:2.849310,462:0.691153,481:2.478936,506:0.679272,525:3.577549,541:4.137165,614:0.675343,649:3.577549,653:3.220874,687:0.679272,900:3.818711,910:4.019382,940:3.577549",1.0
R125,"director,open,much,rate,various,write,community,since,station,rate,account,never,foreign,return,energy,floor,experts,discuss,ongoing,developments,budget,report","174:4.424847,187:3.818711,206:3.731699,253:7.828042,281:0.675343,287:4.137165,307:4.424847,319:3.651657,415:3.272167,445:3.172084,462:0.691153,505:2.605688,506:0.679272,524:3.508556,614:0.675343,635:3.383393,647:3.444017,687:0.679272,783:3.326234,853:3.444017,991:2.690246",1.0
R091,"respond,recognize,power,music,ago,many,race,white,position,reflect,stay,huge,experts,discuss,ongoing,developments,climate,change","56:3.444017,171:3.172084,188:2.527727,198:4.270696,321:3.651657,339:4.137165,370:3.272167,387:2.661258,433:2.920769,454:2.849310,462:0.691153,500:4.270696,506:0.679272,614:0.675343,687:0.679272,821:2.720099,843:4.270696,896:4.019382",1.0
R157,"establish,seat,executive,hit,case,will,experts,discuss,ongoing,developments,climate,change","47:4.019382,252:3.038552,342:3.444017,387:2.661258,420:5.523459,462:0.691153,506:0.679272,614:0.675343,687:0.679272,821:2.720099,923:3.577549,966:4.424847",1.0
F098,"religious,represent,deal,clear,meet,property,she,sort,talk,capital,response,present,try,get,far,suggest,—,shocking,claims,miracle,drug,surface,internet","130:3.818711,158:3.818711,256:2.884402,281:0.675343,293:3.172084,338:0.691153,426:4.270696,433:2.920769,445:3.172084,503:0.691153,541:4.137165,611:3.444017,693:3.125564,716:0.671429,717:3.508556,720:3.272167,733:4.019382,756:3.383393,816:2.958510,850:0.679272,860:2.720099,925:3.326234,940:3.577549",0.0
F164,"local,man,effect,event,feel,management,hear,it,—,shocking,claims,immortal,jellyfish,surface,internet","66:2.527727,115:4.137165,228:4.137165,241:3.220874,281:0.675343,324:3.651657,338:0.691153,503:0.691153,569:3.508556,686:4.830312,716:0.671429,728:2.884402,842:3.818711,850:0.679272,876:2.579020",0.0
R050,"poor,heavy,onto,respond,officer,fly,young,better,including,everybody,mention,dog,election,experts,discuss,ongoing,developments,economic,growth","103:4.019382,132:2.720099,144:2.387965,319:3.651657,320:2.605688,334:4.019382,462:0.691153,500:4.270696,506:0.679272,543:2.605688,561:3.272167,564:3.220874,614:0.675343,687:0.679272,696:3.914021,809:4.019382,907:4.424847,944:3.326234,949:3.220874",1.0
R249,"network,truth,record,defense,heavy,baby,experts,discuss,ongoing,developments,climate,change","69:3.577549,152:4.424847,347:3.081112,348:4.019382,387:2.661258,462:0.691153,506:0.679272,543:2.605688,614:0.675343,687:0.679272,821:2.720099,949:3.220874",1.0
R093,"station,federal,drop,fish,surface,green,significant,region,attack,alone,score,rather,night,experts,discuss,ongoing,developments,election","132:2.720099,159:3.383393,281:0.675343,376:3.914021,415:3.272167,462:0.691153,492:3.444017,506:0.679272,551:4.270696,552:3.914021,577:4.270696,614:0.675343,633:3.383393,687:0.679272,693:3.125564,837:4.270696,869:3.508556,927:4.137165",1.0
R131,"society,president,seat,right,experts,discuss,ongoing,developments,education","47:4.019382,306:3.914021,327:4.137165,462:0.691153,506:0.679272,530:2.246314,614:0.675343,687:0.679272,790:3.508556",1.0
F107,"wish,series,interesting,short,impact,six,education,town,night,dinner,stage,sister,policy,have,—,shocking,claims,flat,earth,surface,internet","30:3.577549,142:2.478936,240:4.270696,262:4.019382,281:0.675343,299:5.523459,338:0.691153,401:3.444017,463:4.137165,495:3.444017,503:0.691153,521:4.424847,530:2.246314,634:2.997730,676:2.782619,715:3.651657,716:0.671429,850:0.679272,869:3.508556,918:3.038552,972:3.914021",0.0
F153,"science,center,despite,still,rule,throw,expect,order,—,shocking,claims,hoax,surface,internet","226:3.272167,281:0.675343,301:3.038552,325:3.508556,338:0.691153,343:3.651657,363:4.137165,377:2.605688,480:4.270696,503:0.691153,691:3.577549,712:3.125564,716:0.671429,850:0.679272",0.0
F091,"establish,receive,agree,federal,indicate,management,yes,movement,teach,player,moment,claim,west,—,shocking,claims,flat,earth,surface,internet","44:3.220874,85:3.125564,241:3.220874,281:0.675343,294:4.270696,338:0.691153,401:3.444017,485:2.997730,503:0.691153,522:3.444017,604:4.019382,617:3.125564,633:3.383393,676:2.782619,716:0.671429,850:0.679272,918:3.038552,923:3.577549,925:3.326234,937:3.914021",0.0
R246,"back,add,artist,left,everybody,kind,better,million,assume,language,company,improve,national,stock,experts,discuss,ongoing,developments,economic,growth","44:3.220874,144:2.387965,320:2.605688,408:3.577549,430:3.914021,462:0.691153,506:0.679272,543:2.605688,561:3.272167,614:0.675343,651:4.607168,662:4.270696,664:3.651657,687:0.679272,716:0.671429,793:3.914021,887:3.914021,910:4.019382,931:3.220874,942:3.914021",1.0
F004,"pretty,rule,before,animal,teach,ability,somebody,represent,person,fall,particularly,think,commercial,pay,—,shocking,claims,secret,cure,surface,internet","89:3.125564,120:4.830312,249:3.172084,281:0.675343,335:3.508556,338:0.691153,343:3.651657,360:4.424847,443:6.544334,503:0.691153,522:3.444017,681:2.661258,716:0.671429,717:3.508556,729:4.424847,747:2.553044,850:0.679272,892:2.553044,897:3.651657,919:4.137165",0.0
F220,"common,option,either,specific,feel,for,blue,make,read,car,role,pm,tax,—,shocking,claims,celebrity,scandal,surface,internet","26:4.830312,59:3.577549,115:4.137165,126:3.577549,281:0.675343,332:3.272167,338:0.691153,344:3.731699,350:2.997730,486:2.661258,503:0.691153,525:3.577549,587:4.019382,613:3.444017,650:2.432416,674:4.270696,716:0.671429,768:3.818711,850:0.679272,921:2.304583",0.0
F121,"seek,similar,open,try,policy,blood,wind,shoulder,eat,later,anyone,issue,deal,second,—,shocking,claims,hoax,surface,internet","46:4.019382,142:2.478936,171:3.172084,256:2.884402,276:3.508556,281:0.675343,338:0.691153,359:4.424847,377:2.605688,433:2.920769,503:0.691153,558:3.577549,560:3.914021,616:3.272167,666:3.577549,693:3.125564,716:0.671429,756:3.383393,783:3.326234,850:0.679272",0.0
F245,"smile,hand,purpose,even,door,yard,act,painting,lead,book,soldier,write,room,—,shocking,claims,mind,control,surface,internet","34:2.782619,89:3.125564,141:4.137165,184:2.605688,208:2.661258,281:0.675343,338:0.691153,356:4.137165,393:4.137165,406:3.577549,423:3.731699,424:3.818711,445:3.172084,494:4.019382,503:0.691153,713:3.508556,716:0.671429,847:4.424847,850:0.679272,928:3.444017",0.0
R035,"major,take,stop,affect,picture,experts,discuss,ongoing,developments,climate,change","55:2.884402,58:3.731699,387:2.661258,462:0.691153,481:2.478936,506:0.679272,614:0.675343,687:0.679272,796:4.019382,821:2.720099,855:3.383393",1.0
R024,"information,treatment,chair,successful,quite,machine,member,american,true,ready,politics,son,position,leg,experts,discuss,ongoing,developments,education","15:2.920769,40:3.577549,56:3.444017,188:2.527727,190:4.270696,209:3.383393,290:4.137165,339:4.137165,462:0.691153,506:0.679272,530:2.246314,557:3.383393,614:0.675343,652:3.220874,659:4.137165,681:2.661258,687:0.679272,790:3.508556,887:3.914021",1.0
F079,"say,kind,season,mean,executive,expert,major,growth,start,—,shocking,claims,miracle,drug,surface,internet","44:3.220874,58:3.731699,256:2.884402,281:0.675343,320:2.605688,338:0.691153,358:3.731699,503:0.691153,716:0.671429,850:0.679272,860:2.720099,862:3.914021,909:2.997730,914:4.270696,966:4.424847,996:3.125564",0.0
R094,"major,born,data,management,cause,alone,industry,example,type,claim,kind,five,late,hear,require,somebody,experts,discuss,ongoing,developments,policy","10:4.019382,44:3.220874,58:3.731699,79:3.914021,89:3.125564,142:2.478936,241:3.220874,316:3.818711,449:4.137165,462:0.691153,492:3.444017,506:0.679272,526:3.172084,545:3.914021,606:3.508556,614:0.675343,687:0.679272,695:3.731699,842:3.818711,937:3.914021,974:3.577549",1.0
R040,"feel,strategy,later,sit,east,experts,discuss,ongoing,developments,policy","115:4.137165,142:2.478936,291:3.508556,462:0.691153,506:0.679272,560:3.914021,576:4.270696,614:0.675343,687:0.679272,946:3.444017",1.0
F170,"southern,defense,hold,great,chance,debate,democrat,face,today,artist,—,shocking,claims,immortal,jellyfish,surface,internet","34:2.782619,66:2.527727,234:3.577549,276:3.508556,281:0.675343,338:0.691153,346:3.326234,389:3.444017,503:0.691153,543:2.605688,716:0.671429,743:3.818711,750:3.444017,806:4.424847,850:0.679272,876:2.579020,931:3.220874",0.0
F130,"despite,official,use,effect,without,car,theory,mind,american,continue,long,group,nature,everyone,drive,—,shocking,claims,immortal,jellyfish,surface,internet","43:3.731699,66:2.527727,133:2.815409,184:2.605688,281:0.675343,301:3.038552,324:3.651657,325:3.508556,338:0.691153,468:3.577549,485:2.997730,503:0.691153,611:3.444017,652:3.220874,674:4.270696,716:0.671429,743:3.818711,766:4.270696,850:0.679272,876:2.579020,893:4.137165,904:4.019382",0.0
R085,"avoid,notice,course,whole,experts,discuss,ongoing,developments,economic,growth","144:2.387965,320:2.605688,388:3.731699,462:0.691153,506:0.679272,525:3.577549,614:0.675343,627:4.830312,652:3.220874,687:0.679272",1.0
R054,"wrong,side,already,media,game,heavy,month,husband,wide,gun,indeed,pretty,sit,bad,experts,discuss,ongoing,developments,budget,report","208:2.661258,209:3.383393,313:4.137165,462:0.691153,505:2.605688,506:0.679272,512:3.731699,594:3.172084,614:0.675343,687:0.679272,741:3.818711,781:3.914021,836:3.444017,919:4.137165,934:4.424847,946:3.444017,949:3.220874,956:3.731699,975:4.137165,991:2.690246",1.0
R047,"civil,civil,phone,though,blue,model,method,seek,experts,discuss,ongoing,developments,technology,breakthrough","15:2.920769,20:2.553044,102:3.731699,171:3.172084,385:3.818711,462:0.691153,481:2.478936,506:0.679272,593:7.637422,614:0.675343,626:4.270696,687:0.679272,768:3.818711",1.0
R199,"activity,top,occur,economy,important,treat,often,social,interest,experts,discuss,ongoing,developments,economic,growth","7:3.444017,70:3.220874,110:3.651657,144:2.387965,217:3.444017,320:2.605688,328:3.731699,462:0.691153,506:0.679272,614:0.675343,687:0.679272,750:3.444017,823:3.914021,921:2.304583,967:2.958510",1.0
F062,"third,modern,arm,involve,way,detail,—,shocking,claims,miracle,drug,surface,internet","143:4.137165,256:2.884402,271:3.914021,281:0.675343,336:4.607168,338:0.691153,391:2.527727,503:0.691153,716:0.671429,771:4.137165,850:0.679272,860:2.720099,984:3.651657",0.0
R244,"decade,create,woman,party,about,way,behavior,develop,responsibility,travel,floor,former,experts,discuss,ongoing,developments,technology,breakthrough","20:2.553044,30:3.577549,160:3.272167,241:3.220874,319:3.651657,379:3.731699,391:2.527727,404:3.038552,462:0.691153,481:2.478936,502:3.508556,506:0.679272,563:4.137165,614:0.675343,681:2.661258,687:0.679272,735:3.577549,956:3.731699",1.0
R107,"system,well,parent,answer,ready,know,pm,page,challenge,marriage,yet,experts,discuss,ongoing,developments,election","26:4.830312,37:4.137165,132:2.720099,157:3.508556,229:4.424847,462:0.691153,506:0.679272,557:3.383393,614:0.675343,619:3.731699,687:0.679272,779:3.818711,827:4.137165,932:3.326234,935:3.914021,996:3.125564",1.0
F148,"ready,least,ok,network,chance,mother,table,—,shocking,claims,aliens,surface,internet","152:4.424847,281:0.675343,338:0.691153,346:3.326234,354:3.508556,503:0.691153,557:3.383393,634:2.997730,645:4.137165,650:2.432416,716:0.671429,850:0.679272,931:3.220874",0.0
F023,"speech,operation,bring,employee,american,evidence,save,firm,without,conference,—,shocking,claims,mind,control,surface,internet","43:3.731699,54:4.270696,57:3.383393,184:2.605688,208:2.661258,281:0.675343,338:0.691153,502:3.508556,503:0.691153,520:4.019382,548:4.424847,652:3.220874,657:3.326234,716:0.671429,850:0.679272,894:4.607168,922:3.272167",0.0
R075,"lay,arrive,industry,line,whose,seven,carry,air,group,whatever,inside,show,music,experts,discuss,ongoing,developments,budget,report","10:4.019382,19:4.607168,66:2.527727,88:4.607168,182:3.444017,370:3.272167,391:2.527727,454:2.849310,462:0.691153,475:3.220874,505:2.605688,506:0.679272,539:4.270696,614:0.675343,687:0.679272,695:3.731699,766:4.270696,850:0.679272,991:2.690246",1.0
R220,"though,example,trial,major,specific,although,high,rate,method,office,give,experts,discuss,ongoing,developments,public,health","15:2.920769,58:3.731699,59:3.577549,116:3.651657,253:3.914021,344:3.731699,385:3.818711,410:4.607168,462:0.691153,506:0.679272,606:3.508556,614:0.675343,687:0.679272,770:2.815409,779:3.818711,783:3.326234,805:2.849310",1.0
R099,"style,social,life,attorney,guess,coach,work,manager,card,civil,least,south,treatment,ten,experts,discuss,ongoing,developments,economic,growth","0:3.577549,15:2.920769,85:3.125564,144:4.775929,320:2.605688,462:0.691153,477:3.444017,506:0.679272,514:4.424847,527:3.172084,593:3.818711,614:0.675343,634:2.997730,652:3.220874,660:3.731699,687:0.679272,816:2.958510,823:3.914021,853:3.444017",1.0
F066,"center,onto,building,owner,brother,training,full,task,vote,indeed,certain,development,rule,laugh,population,community,win,edge,station,cultural,—,shocking,claims,flat,earth,surface,internet","53:3.914021,98:3.444017,174:4.424847,214:3.444017,233:4.019382,258:3.577549,281:0.675343,288:4.607168,291:3.508556,319:3.651657,338:0.691153,343:3.651657,398:4.019382,415:3.272167,451:3.081112,480:4.270696,503:0.691153,538:3.731699,676:2.782619,716:0.671429,850:0.679272,852:3.914021,871:2.720099,897:3.651657,918:3.038552,921:2.304583,934:4.424847",0.0
F060,"pattern,rock,heart,responsibility,claim,skin,still,interesting,local,director,particularly,—,shocking,claims,flat,earth,surface,internet","228:4.137165,281:0.675343,338:0.691153,443:3.272167,502:3.508556,503:0.691153,574:4.424847,617:3.125564,634:2.997730,676:2.782619,712:3.125564,716:0.671429,808:3.651657,833:4.270696,850:0.679272,853:3.444017,918:3.038552,937:3.914021",0.0
F022,"return,play,eye,record,view,lead,fact,her,white,matter,create,political,travel,low,hand,true,—,shocking,claims,government,cover-up,surface,internet","112:3.731699,173:3.731699,188:2.527727,215:4.270696,259:2.432416,281:0.675343,293:3.172084,338:0.691153,341:3.326234,347:3.081112,356:4.137165,402:3.577549,404:3.038552,411:3.444017,423:3.731699,503:0.691153,635:3.383393,681:2.661258,716:0.671429,813:2.997730,843:4.270696,850:0.679272,935:3.914021",0.0
F127,"environmental,bar,major,head,cut,member,keep,create,central,explain,—,shocking,claims,mind,control,surface,internet","27:4.137165,58:3.731699,64:3.914021,184:2.605688,206:3.731699,208:2.661258,281:0.675343,332:3.272167,338:0.691153,341:3.326234,404:3.038552,503:0.691153,594:3.172084,716:0.671429,790:3.508556,850:0.679272,928:3.444017",0.0
R212,"safe,color,would,offer,ten,another,believe,experts,discuss,ongoing,developments,education","85:3.125564,166:3.383393,462:0.691153,506:0.679272,530:2.246314,533:4.137165,614:0.675343,642:3.818711,687:0.679272,832:4.137165,911:4.019382,958:3.731699",1.0
F119,"table,statement,page,painting,room,occur,could,significant,society,according,mention,public,—,shocking,claims,mind,control,surface,internet","34:2.782619,80:3.444017,184:2.605688,208:2.661258,281:0.675343,327:4.137165,338:0.691153,494:4.019382,503:0.691153,552:3.914021,564:3.220874,716:0.671429,770:2.815409,817:3.220874,827:4.137165,850:0.679272,907:4.424847,921:2.304583,931:3.220874",0.0
F103,"design,since,thank,speak,audience,wear,game,price,officer,arrive,heavy,term,religious,foot,question,stock,glass,reach,yard,enter,region,compare,rock,—,shocking,claims,hoax,surface,internet","159:3.383393,188:2.527727,246:3.731699,281:0.675343,287:4.137165,293:3.172084,312:2.750870,338:0.691153,377:2.605688,386:4.019382,391:2.527727,424:3.818711,435:4.019382,503:0.691153,574:4.424847,581:3.818711,687:0.679272,696:3.914021,716:0.671429,732:3.914021,738:4.019382,793:3.914021,850:0.679272,890:4.137165,922:3.272167,932:3.326234,947:3.220874,949:3.220874,975:4.137165",0.0
F191,"race,run,discuss,meet,page,maybe,week,plant,measure,prove,situation,pattern,hand,available,nation,—,shocking,claims,mind,control,surface,internet","14:3.731699,122:4.607168,136:4.424847,184:2.605688,208:2.661258,214:3.444017,244:3.508556,266:4.019382,281:0.675343,338:0.691153,423:3.731699,454:2.849310,475:3.220874,503:0.691153,528:4.019382,614:0.675343,617:3.125564,716:0.671429,818:3.818711,827:4.137165,850:0.679272,940:3.577549",0.0
F002,"real,full,prevent,policy,plant,check,win,positive,professional,operation,candidate,one,institution,president,college,lot,expect,help,newspaper,movement,similar,—,shocking,claims,mind,control,surface,internet","1:4.270696,46:4.019382,57:3.383393,142:2.478936,155:4.019382,184:2.605688,208:2.661258,238:3.731699,243:3.383393,244:3.508556,252:3.038552,281:0.675343,294:4.270696,306:3.914021,338:0.691153,347:3.081112,358:3.731699,398:4.019382,503:0.691153,691:7.155098,716:0.671429,815:3.914021,850:0.679272,897:3.651657,901:3.914021,922:3.272167,943:3.326234",0.0
R155,"age,common,stock,glass,yard,government,serve,dinner,add,concern,tree,allow,top,range,accept,way,yet,trip,occur,wear,baby,relationship,pass,experts,discuss,ongoing,developments,election","37:4.137165,132:2.720099,165:4.270696,240:4.270696,259:2.432416,260:4.137165,328:3.731699,332:3.272167,348:4.019382,391:2.527727,392:3.818711,424:3.818711,462:0.691153,506:0.679272,581:3.818711,614:0.675343,657:3.326234,687:0.679272,725:3.577549,782:4.137165,791:4.424847,793:3.914021,835:4.019382,871:2.720099,887:3.914021,921:2.304583,932:3.326234,968:3.081112",1.0
R006,"operation,exist,matter,answer,gas,foot,institution,three,experts,discuss,ongoing,developments,technology,breakthrough","20:2.553044,243:3.383393,402:3.577549,462:0.691153,481:2.478936,506:0.679272,602:3.914021,607:4.270696,614:0.675343,619:3.731699,687:0.679272,890:4.137165,922:3.272167,925:3.326234",1.0
F086,"read,everything,growth,a,laugh,response,voice,spring,house,arrive,player,without,store,bed,—,shocking,claims,government,cover-up,surface,internet","43:3.731699,98:3.444017,156:4.137165,184:2.605688,259:2.432416,281:0.675343,320:2.605688,338:0.691153,391:2.527727,445:3.172084,467:5.117994,497:3.444017,503:0.691153,530:2.246314,604:4.019382,644:4.137165,650:2.432416,716:0.671429,813:2.997730,836:3.444017,850:0.679272",0.0
R168,"word,avoid,shake,source,season,indeed,fill,hotel,indeed,rich,experts,discuss,ongoing,developments,election","132:2.720099,180:3.914021,212:3.818711,358:3.731699,388:3.731699,462:0.691153,506:0.679272,519:3.818711,614:0.675343,663:4.270696,687:0.679272,721:4.019382,727:4.270696,934:8.849693",1.0
R077,"ask,stock,cultural,still,physical,note,nearly,impact,set,kid,fast,base,society,weight,five,probably,make,series,experts,discuss,ongoing,developments,public,health","4:4.270696,173:3.731699,233:4.019382,263:3.577549,297:3.220874,327:4.137165,342:3.444017,462:0.691153,463:4.137165,506:0.679272,507:4.270696,525:3.577549,614:0.675343,649:3.577549,687:0.679272,712:3.125564,723:3.577549,770:2.815409,793:3.914021,805:2.849310,866:3.731699,909:2.997730,972:3.914021,974:3.577549",1.0
F209,"gun,think,drop,age,own,account,newspaper,fight,economy,decide,consumer,—,shocking,claims,hoax,surface,internet","187:3.818711,217:3.444017,238:3.731699,281:0.675343,293:3.172084,313:4.137165,335:3.508556,338:0.691153,377:2.605688,435:4.019382,475:3.220874,503:0.691153,526:3.172084,577:4.270696,716:0.671429,791:4.424847,850:0.679272",0.0
R236,"address,trip,discussion,service,stand,blue,wide,coach,number,account,experts,discuss,ongoing,developments,public,health","187:3.818711,252:3.038552,315:4.270696,454:2.849310,462:0.691153,506:0.679272,514:4.424847,519:3.818711,614:0.675343,687:0.679272,768:3.818711,770:2.815409,782:4.137165,805:2.849310,836:3.444017,886:3.508556",1.0
F186,"kitchen,cell,news,strong,space,nearly,employee,billion,bar,court,total,enjoy,project,area,family,—,shocking,claims,aliens,surface,internet","188:2.527727,210:4.019382,230:4.019382,258:3.577549,279:4.270696,281:0.675343,297:3.220874,332:3.272167,338:0.691153,355:4.019382,433:2.920769,503:0.691153,548:4.424847,568:3.577549,649:3.577549,650:2.432416,716:0.671429,756:3.383393,805:2.849310,850:0.679272,866:3.731699",0.0
R243,"democrat,low,none,book,education,center,detail,training,board,experts,discuss,ongoing,developments,public,health","143:4.137165,234:3.577549,393:4.137165,411:3.444017,454:2.849310,462:0.691153,480:4.270696,506:0.679272,530:2.246314,538:3.731699,614:0.675343,687:0.679272,770:2.815409,805:2.849310,831:4.830312",1.0
F094,"loss,name,foot,forget,hundred,someone,goal,piece,account,lawyer,allow,moment,star,grow,modern,citizen,chance,next,speak,right,somebody,—,shocking,claims,immortal,jellyfish,surface,internet","8:4.607168,15:2.920769,21:3.383393,66:2.527727,89:6.251127,133:2.815409,146:3.818711,170:3.577549,175:3.818711,187:3.818711,273:3.272167,281:0.675343,329:4.270696,336:4.607168,338:0.691153,346:3.326234,401:3.444017,404:3.038552,503:0.691153,671:3.818711,716:0.671429,732:3.914021,790:3.508556,835:4.019382,850:0.679272,876:2.579020,890:4.137165",0.0
R032,"claim,important,performance,exactly,find,recent,scientist,road,tend,high,common,language,industry,strategy,without,experts,discuss,ongoing,developments,economic,growth","10:4.019382,43:3.731699,96:4.270696,116:3.651657,144:2.387965,226:3.272167,291:3.508556,320:2.605688,332:3.272167,351:4.270696,462:0.691153,506:0.679272,510:4.607168,591:4.270696,614:0.675343,687:0.679272,716:0.671429,725:3.577549,810:4.607168,937:3.914021,967:2.958510",1.0
R033,"give,nation,part,do,memory,attention,food,way,set,despite,chair,individual,card,certainly,experts,discuss,ongoing,developments,education","14:3.731699,144:4.775929,226:3.272167,301:3.038552,342:3.444017,391:2.527727,462:0.691153,506:0.679272,530:2.246314,614:1.350685,653:3.220874,673:3.651657,681:2.661258,687:0.679272,740:4.019382,783:3.326234,941:3.914021",1.0
R045,"however,food,trouble,compare,sign,friend,experts,discuss,ongoing,developments,technology,breakthrough","20:2.553044,246:3.731699,462:0.691153,481:2.478936,488:3.326234,506:0.679272,614:0.675343,653:3.220874,687:0.679272,756:3.383393,909:2.997730,911:4.019382",1.0
R116,"white,police,almost,republican,important,short,employee,do,experts,discuss,ongoing,developments,education","226:3.272167,262:4.019382,462:0.691153,506:0.679272,530:2.246314,548:4.424847,566:4.019382,614:0.675343,616:3.272167,687:0.679272,843:4.270696,876:2.579020,967:2.958510",1.0
F056,"democrat,yes,none,information,weight,book,watch,thank,board,federal,well,describe,sure,especially,nature,baby,after,—,shocking,claims,celebrity,scandal,surface,internet","4:4.270696,44:3.220874,85:3.125564,157:3.508556,173:3.731699,190:4.270696,234:3.577549,281:0.675343,338:0.691153,348:4.019382,356:4.137165,393:4.137165,454:2.849310,486:2.661258,503:0.691153,611:3.444017,633:3.383393,687:0.679272,708:3.125564,716:0.671429,821:2.720099,831:4.830312,850:0.679272,921:2.304583",0.0
R043,"letter,reduce,gun,something,follow,show,affect,stand,subject,fund,care,reflect,admit,behind,experts,discuss,ongoing,developments,policy","19:4.607168,55:2.884402,142:2.478936,159:3.383393,310:4.607168,313:4.137165,321:3.651657,346:3.326234,367:3.651657,462:0.691153,506:0.679272,564:3.220874,614:0.675343,638:4.830312,655:4.019382,687:0.679272,714:4.270696,826:3.731699,886:3.508556",1.0
R145,"great,improve,food,together,face,reduce,government,glass,bad,discuss,answer,skill,beyond,experts,discuss,ongoing,developments,economic,growth","34:2.782619,144:2.387965,159:3.383393,259:2.432416,312:2.750870,320:2.605688,408:3.577549,462:0.691153,506:0.679272,614:1.350685,619:3.731699,653:3.220874,687:0.679272,750:3.444017,900:3.818711,932:3.326234,956:3.731699,968:3.081112",1.0
F200,"special,figure,model,culture,board,treatment,early,church,serve,center,represent,improve,oil,quite,since,often,different,food,hour,range,cut,—,shocking,claims,secret,cure,surface,internet","7:3.444017,15:2.920769,35:3.731699,55:2.884402,56:3.444017,92:4.019382,102:3.731699,110:3.651657,165:4.270696,206:3.731699,273:3.272167,281:0.675343,287:4.137165,338:0.691153,408:3.577549,454:2.849310,480:4.270696,503:0.691153,527:3.172084,645:4.137165,653:3.220874,683:3.914021,716:0.671429,717:3.508556,725:3.577549,747:2.553044,850:0.679272,892:2.553044",0.0
F034,"walk,bill,serious,partner,sell,plan,road,develop,cause,—,shocking,claims,celebrity,scandal,surface,internet","116:3.651657,117:3.731699,123:3.914021,135:3.508556,142:2.478936,241:3.220874,281:0.675343,316:3.818711,338:0.691153,485:2.997730,486:2.661258,503:0.691153,716:0.671429,725:3.577549,850:0.679272,921:2.304583",0.0
F149,"ahead,issue,yes,law,me,guy,help,number,exist,head,—,shocking,claims,secret,cure,surface,internet","44:3.220874,64:3.914021,94:4.019382,268:3.914021,281:0.675343,338:0.691153,347:3.081112,369:4.830312,503:0.691153,519:3.818711,602:3.914021,616:3.272167,716:0.671429,747:2.553044,850:0.679272,892:2.553044,979:3.577549",0.0
F051,"job,short,wrong,clear,know,western,thing,outside,authority,tax,build,office,traditional,report,admit,choose,economy,source,rather,develop,—,shocking,claims,secret,cure,surface,internet","14:3.731699,176:3.731699,217:3.444017,241:3.220874,262:4.019382,281:0.675343,338:0.691153,344:3.731699,486:2.661258,503:0.691153,505:2.605688,512:3.731699,524:3.508556,557:3.383393,568:3.577549,587:4.019382,611:3.444017,706:3.914021,714:4.270696,716:0.671429,721:4.019382,747:2.553044,779:3.818711,837:4.270696,850:0.679272,857:4.019382,892:2.553044",0.0
F089,"north,life,almost,drive,question,process,material,person,commercial,reduce,new,animal,collection,fast,third,anything,else,american,model,office,science,arrive,seat,—,shocking,claims,flat,earth,surface,internet","34:2.782619,40:3.577549,47:4.019382,102:3.731699,114:4.019382,159:3.383393,209:3.383393,231:4.270696,249:3.172084,263:3.577549,281:0.675343,325:3.508556,338:0.691153,344:3.731699,360:4.424847,363:4.137165,391:2.527727,443:3.272167,477:3.444017,503:0.691153,566:4.019382,585:4.019382,652:3.220874,676:2.782619,716:0.671429,771:4.137165,778:4.270696,850:0.679272,918:3.038552,947:3.220874",0.0
F135,"born,better,painting,difficult,manage,industry,change,face,memory,summer,magazine,want,blood,fill,few,—,shocking,claims,flat,earth,surface,internet","10:4.019382,34:5.565238,281:0.675343,338:0.691153,359:4.424847,387:2.661258,413:3.272167,481:2.478936,503:0.691153,543:2.605688,545:3.914021,676:2.782619,712:6.251127,716:0.671429,727:4.270696,850:0.679272,883:3.818711,918:3.038552,941:3.914021,960:4.270696",0.0
F088,"build,pattern,north,might,subject,born,cultural,north,generation,probably,simple,party,speech,end,week,—,shocking,claims,government,cover-up,surface,internet","14:3.731699,122:4.607168,233:4.019382,259:2.432416,281:0.675343,297:3.220874,338:0.691153,379:3.731699,453:4.270696,502:3.508556,503:0.691153,545:3.914021,617:3.125564,655:4.019382,716:0.671429,778:8.541392,813:2.997730,850:0.679272,913:3.272167,924:3.731699,963:3.577549",0.0
R010,"project,special,clearly,start,foreign,boy,party,thing,less,culture,wife,many,food,high,general,experts,discuss,ongoing,developments,election","21:3.383393,55:2.884402,116:3.651657,132:2.720099,157:3.508556,188:2.527727,195:4.270696,206:3.731699,230:4.019382,238:3.731699,379:3.731699,462:0.691153,465:4.607168,506:0.679272,614:0.675343,645:4.137165,653:3.220874,687:0.679272,857:4.019382,996:3.125564",1.0
R211,"sell,continue,forget,music,old,already,include,company,capital,time,experts,discuss,ongoing,developments,policy","83:3.818711,142:2.478936,146:3.818711,157:3.508556,370:3.272167,462:0.691153,485:2.997730,506:0.679272,541:4.137165,594:3.172084,614:0.675343,687:0.679272,743:3.818711,942:3.914021,953:3.914021",1.0
F204,"history,deal,ahead,weight,step,card,seem,show,side,sense,need,—,shocking,claims,miracle,drug,surface,internet","4:4.270696,19:4.607168,144:2.387965,256:2.884402,268:3.914021,281:0.675343,338:0.691153,433:2.920769,447:2.849310,503:0.691153,537:4.270696,543:2.605688,558:3.577549,588:3.731699,716:0.671429,781:3.914021,850:0.679272,860:2.720099",0.0
F168,"decision,bring,section,new,total,work,really,adult,kind,better,—,shocking,claims,miracle,drug,surface,internet","44:3.220874,57:3.383393,72:4.607168,112:3.731699,193:4.607168,256:2.884402,279:4.270696,281:0.675343,338:0.691153,503:0.691153,527:3.172084,543:2.605688,585:4.019382,716:0.671429,850:0.679272,860:2.720099,968:3.081112",0.0
R011,"method,night,maintain,role,father,another,dark,project,also,pressure,though,consumer,no,minute,democratic,current,experts,discuss,ongoing,developments,public,health","15:2.920769,166:3.383393,189:3.731699,230:4.019382,247:4.424847,350:2.997730,357:4.019382,385:3.818711,462:0.691153,475:3.220874,506:0.679272,606:3.508556,614:0.675343,661:3.914021,687:0.679272,697:3.125564,704:4.607168,770:2.815409,792:4.270696,800:4.137165,805:2.849310,869:3.508556",1.0
R232,"understand,safe,social,instead,experts,discuss,ongoing,developments,climate,change","387:2.661258,462:0.691153,487:3.731699,506:0.679272,527:3.172084,614:0.675343,642:3.818711,687:0.679272,821:2.720099,823:3.914021",1.0
R042,"thank,growth,like,mouth,population,maybe,two,every,experts,discuss,ongoing,developments,public,health","258:3.577549,320:2.605688,330:4.270696,462:0.691153,497:3.444017,506:0.679272,614:0.675343,681:2.661258,687:1.358544,728:2.884402,770:2.815409,805:2.849310,818:3.818711",1.0
F182,"capital,reality,include,manage,dinner,deep,care,project,return,industry,member,realize,anything,father,little,statement,technology,drive,various,area,west,—,shocking,claims,hoax,surface,internet","10:4.019382,20:2.553044,85:3.125564,114:4.019382,230:4.019382,240:4.270696,281:0.675343,310:4.607168,325:3.508556,338:0.691153,377:2.605688,503:0.691153,541:4.137165,582:4.424847,590:4.830312,635:3.383393,647:3.444017,649:3.577549,680:3.651657,716:0.671429,762:4.137165,790:3.508556,800:4.137165,817:3.220874,850:0.679272,883:3.818711,953:3.914021",0.0
F036,"security,strategy,although,city,act,put,age,trade,stage,first,value,everybody,region,—,shocking,claims,miracle,drug,surface,internet","30:3.577549,159:3.383393,256:2.884402,281:0.675343,291:3.508556,338:0.691153,403:5.917019,419:4.607168,495:3.444017,503:0.691153,561:3.272167,634:2.997730,716:0.671429,779:3.818711,791:4.424847,850:0.679272,860:2.720099,871:2.720099,928:3.444017",0.0
F068,"task,one,carry,offer,lawyer,training,test,education,word,enough,—,shocking,claims,secret,cure,surface,internet","21:3.383393,281:0.675343,338:0.691153,451:3.081112,454:2.849310,503:0.691153,519:3.818711,530:2.246314,538:3.731699,586:3.731699,716:0.671429,747:2.553044,748:4.270696,815:3.914021,850:0.679272,892:2.553044,958:3.731699",0.0
R015,"hour,arrive,prepare,deal,since,simple,bit,matter,camera,experts,discuss,ongoing,developments,election","132:2.720099,286:3.508556,287:4.137165,391:2.527727,402:3.577549,433:2.920769,462:0.691153,506:0.679272,527:3.172084,614:0.675343,650:2.432416,687:0.679272,913:3.272167,989:3.731699",1.0
R147,"agree,idea,positive,structure,people,area,opportunity,mission,station,knowledge,experts,discuss,ongoing,developments,climate,change","1:4.270696,69:3.577549,263:3.577549,387:2.661258,415:3.272167,462:0.691153,506:0.679272,614:0.675343,649:3.577549,687:0.679272,821:2.720099,864:4.137165,925:3.326234,958:3.731699,976:4.270696,996:3.125564",1.0
F198,"police,audience,rate,heavy,music,bring,involve,share,base,fish,find,necessary,—,shocking,claims,government,cover-up,surface,internet","57:3.383393,173:3.731699,253:3.914021,259:2.432416,271:3.914021,281:0.675343,312:2.750870,338:0.691153,370:3.272167,376:3.914021,503:0.691153,510:4.607168,716:0.671429,813:2.997730,850:0.679272,876:2.579020,947:3.220874,949:3.220874,979:3.577549",0.0
R081,"yes,part,special,put,quickly,apply,remain,view,hand,must,action,really,occur,discover,couple,experts,discuss,ongoing,developments,climate,change","23:3.914021,44:3.220874,55:2.884402,112:3.731699,170:3.577549,205:4.607168,293:3.172084,312:2.750870,387:2.661258,391:2.527727,423:3.731699,462:0.691153,506:0.679272,614:0.675343,633:3.383393,687:0.679272,702:3.818711,740:4.019382,821:2.720099,871:2.720099,921:2.304583",1.0
F050,"smile,arrive,school,mother,pick,collection,protect,bill,yeah,amount,action,visit,simply,leader,—,shocking,claims,aliens,surface,internet","135:3.508556,209:3.383393,222:4.137165,235:3.383393,249:3.172084,281:0.675343,338:0.691153,354:3.508556,372:4.019382,391:2.527727,503:0.691153,526:3.172084,633:3.383393,642:3.818711,650:2.432416,679:4.424847,698:4.270696,713:3.508556,716:0.671429,850:0.679272",0.0
F162,"four,yes,bag,less,tv,entire,record,happen,life,example,response,opportunity,computer,like,prove,war,try,first,—,shocking,claims,celebrity,scandal,surface,internet","44:3.220874,151:4.830312,195:4.270696,214:3.444017,243:3.383393,281:0.675343,330:4.270696,338:0.691153,347:3.081112,403:2.958510,415:3.272167,445:3.172084,477:3.444017,486:2.661258,503:0.691153,547:4.137165,606:3.508556,693:3.125564,704:4.607168,716:0.671429,719:4.137165,824:3.914021,850:0.679272,921:2.304583,976:4.270696",0.0
R028,"go,capital,policy,sister,score,strong,tough,near,condition,heavy,one,century,television,head,score,yard,experts,discuss,ongoing,developments,technology,breakthrough","20:2.553044,64:3.914021,142:2.478936,328:3.731699,355:4.019382,424:3.818711,447:2.849310,451:3.081112,462:0.691153,481:2.478936,506:0.679272,521:4.424847,541:4.137165,614:0.675343,687:0.679272,713:3.508556,815:3.914021,841:4.137165,927:8.274329,949:3.220874,974:3.577549",1.0
R195,"skin,stage,explain,player,rise,nice,read,bed,voice,since,improve,ability,forget,threat,sense,experts,discuss,ongoing,developments,budget,report","30:3.577549,70:3.220874,146:3.818711,287:4.137165,341:3.326234,370:3.272167,408:3.577549,447:2.849310,462:0.691153,497:3.444017,505:2.605688,506:0.679272,530:2.246314,604:4.019382,614:0.675343,650:2.432416,681:2.661258,687:0.679272,816:2.958510,833:4.270696,991:2.690246",1.0
F116,"media,thing,would,politics,method,role,week,money,tonight,—,shocking,claims,aliens,surface,internet","15:2.920769,103:4.019382,122:4.607168,209:3.383393,281:0.675343,338:0.691153,350:2.997730,389:3.444017,503:0.691153,650:2.432416,716:0.671429,850:0.679272,857:4.019382,887:3.914021,911:4.019382",0.0
R018,"wish,alone,edge,hair,condition,baby,understand,defense,no,experts,discuss,ongoing,developments,research","328:3.731699,348:4.019382,432:2.782619,462:0.691153,487:3.731699,492:3.444017,495:3.444017,506:0.679272,543:2.605688,614:0.675343,664:3.651657,687:0.679272,704:4.607168,921:2.304583",1.0
F073,"describe,hundred,task,offer,start,final,likely,evening,gas,join,responsibility,standard,—,shocking,claims,immortal,jellyfish,surface,internet","66:2.527727,85:3.125564,175:3.818711,281:0.675343,286:3.508556,309:4.270696,338:0.691153,451:3.081112,502:3.508556,503:0.691153,607:4.270696,653:3.220874,716:0.671429,850:0.679272,876:2.579020,952:4.270696,958:3.731699,967:2.958510,996:3.125564",0.0
F059,"simply,alone,task,huge,travel,parent,standard,else,quickly,stock,—,shocking,claims,miracle,drug,surface,internet","34:2.782619,198:4.270696,256:2.884402,281:0.675343,338:0.691153,391:2.527727,451:3.081112,492:3.444017,503:0.691153,642:3.818711,681:2.661258,716:0.671429,793:3.914021,850:0.679272,860:2.720099,932:3.326234,967:2.958510",0.0
R078,"personal,stage,blue,buy,threat,record,notice,write,allow,sound,experts,discuss,ongoing,developments,budget,report","30:3.577549,70:3.220874,80:3.444017,166:3.383393,347:3.081112,445:3.172084,462:0.691153,505:2.605688,506:0.679272,525:3.577549,614:0.675343,687:0.679272,768:3.818711,835:4.019382,939:3.818711,991:2.690246",1.0
F216,"star,result,area,heavy,us,upon,vote,protect,draw,enough,race,surface,pay,anyone,miss,school,employee,—,shocking,claims,secret,cure,surface,internet","71:4.424847,167:4.607168,170:3.577549,214:3.444017,235:3.383393,281:1.350685,338:0.691153,399:4.137165,454:2.849310,503:0.691153,548:4.424847,649:3.577549,660:3.731699,666:3.577549,679:4.424847,716:0.671429,735:3.577549,747:2.553044,748:4.270696,850:0.679272,892:2.553044,897:3.651657,949:3.220874",0.0
F206,"goal,dark,tax,one,arrive,hour,—,shocking,claims,celebrity,scandal,surface,internet","89:3.125564,281:0.675343,338:0.691153,391:2.527727,486:2.661258,503:0.691153,527:3.172084,587:4.019382,697:3.125564,716:0.671429,815:3.914021,850:0.679272,921:2.304583",0.0
R036,"short,paper,provide,take,present,significant,minute,thing,soldier,least,apply,finally,difficult,woman,experts,discuss,ongoing,developments,research","130:3.818711,141:4.137165,262:4.019382,312:2.750870,357:4.019382,432:2.782619,462:0.691153,506:0.679272,552:3.914021,563:4.137165,614:0.675343,634:2.997730,687:0.679272,690:4.424847,712:3.125564,817:3.220874,855:3.383393,857:4.019382,946:3.444017",1.0
F104,"develop,little,former,economic,information,number,product,much,sound,write,rich,almost,however,if,—,shocking,claims,aliens,surface,internet","144:2.387965,160:3.272167,166:3.383393,190:4.270696,212:3.818711,241:3.220874,281:0.675343,338:0.691153,445:3.172084,447:2.849310,503:0.691153,519:3.818711,524:3.508556,566:4.019382,590:4.830312,650:2.432416,716:0.671429,824:3.914021,850:0.679272,911:4.019382",0.0
F000,"raise,thousand,bring,goal,popular,open,job,wall,know,oil,share,—,shocking,claims,hoax,surface,internet","35:3.731699,57:3.383393,89:3.125564,148:3.272167,281:0.675343,338:0.691153,377:2.605688,404:3.038552,503:0.691153,527:3.172084,557:3.383393,716:0.671429,779:3.818711,783:3.326234,798:4.424847,850:0.679272,947:3.220874",0.0
R136,"design,feel,wonder,must,box,listen,say,special,dark,yard,open,their,experts,discuss,ongoing,developments,education","23:3.914021,55:2.884402,115:4.137165,424:3.818711,429:3.818711,462:0.691153,506:0.679272,530:2.246314,614:0.675343,687:0.679272,697:3.125564,723:3.577549,783:3.326234,862:3.914021,922:6.544334,967:2.958510",1.0
F019,"soon,measure,green,statement,federal,step,suffer,treat,his,foot,north,relate,fear,—,shocking,claims,immortal,jellyfish,surface,internet","41:4.019382,66:2.527727,135:3.508556,281:0.675343,338:0.691153,503:0.691153,513:3.508556,528:4.019382,551:4.270696,558:3.577549,633:3.383393,716:0.671429,750:3.444017,778:4.270696,817:3.220874,840:4.424847,850:0.679272,876:2.579020,890:4.137165,988:3.731699",0.0
R012,"quickly,court,course,start,argue,response,other,expect,concern,event,dark,morning,eye,participant,keep,network,establish,subject,foreign,sure,mrs,cell,place,read,four,experts,discuss,ongoing,developments,technology,breakthrough","20:2.553044,152:4.424847,160:3.272167,206:3.731699,210:4.019382,243:3.383393,289:4.830312,341:3.326234,390:4.424847,391:2.527727,396:3.731699,445:3.172084,462:0.691153,481:2.478936,506:0.679272,568:3.577549,594:3.172084,614:0.675343,650:2.432416,652:3.220874,655:4.019382,687:0.679272,691:3.577549,697:3.125564,728:2.884402,730:4.424847,751:4.019382,821:2.720099,923:3.577549,968:3.081112,996:3.125564",1.0
R052,"job,move,girl,authority,unit,always,way,probably,meet,experts,discuss,ongoing,developments,education","11:4.607168,29:4.424847,176:3.731699,282:4.424847,297:3.220874,335:3.508556,391:2.527727,462:0.691153,506:0.679272,530:2.246314,557:3.383393,614:0.675343,687:0.679272,940:3.577549",1.0
R123,"international,life,forward,job,often,raise,could,security,cultural,people,enough,land,us,shake,get,wrong,response,experts,discuss,ongoing,developments,climate,change","7:3.444017,80:3.444017,148:3.272167,180:3.914021,188:2.527727,233:4.019382,263:3.577549,387:2.661258,411:3.444017,426:4.270696,445:3.172084,462:0.691153,477:3.444017,506:0.679272,512:3.731699,527:3.172084,557:3.383393,614:0.675343,634:2.997730,660:3.731699,687:0.679272,748:4.270696,821:2.720099",1.0
F040,"year,let,force,record,case,blue,especially,throughout,weight,tonight,window,campaign,daughter,account,someone,single,still,behavior,first,example,—,shocking,claims,government,cover-up,surface,internet","4:4.270696,173:3.731699,187:3.818711,259:2.432416,267:4.019382,281:0.675343,338:0.691153,342:3.444017,347:3.081112,389:3.444017,391:2.527727,403:5.917019,503:0.691153,606:3.508556,623:3.731699,671:3.818711,675:3.508556,712:3.125564,716:0.671429,735:3.577549,768:3.818711,813:2.997730,850:0.679272,889:4.137165,899:3.818711,948:3.818711",0.0
R160,"left,speak,apply,congress,game,unit,friend,understand,writer,campaign,drug,fall,bar,central,experts,discuss,ongoing,developments,climate,change","312:2.750870,332:3.272167,335:3.508556,387:2.661258,462:0.691153,487:3.731699,488:3.326234,506:0.679272,614:0.675343,662:4.270696,675:3.508556,687:0.679272,728:2.884402,729:4.424847,732:3.914021,821:2.720099,860:2.720099,906:4.019382,928:3.444017,975:4.137165",1.0
F067,"court,shoulder,long,available,sport,may,either,result,section,—,shocking,claims,immortal,jellyfish,surface,internet","66:2.527727,126:3.577549,160:3.272167,278:4.270696,281:0.675343,338:0.691153,399:4.137165,475:3.220874,503:0.691153,568:3.577549,716:0.671429,756:3.383393,850:0.679272,876:2.579020,904:4.019382,968:3.081112",0.0
R069,"training,pick,congress,drop,prevent,ago,rich,stop,skill,president,town,describe,republican,car,study,beautiful,experts,discuss,ongoing,developments,research","85:3.125564,212:3.818711,224:3.444017,252:3.038552,273:3.272167,306:3.914021,372:4.019382,432:2.782619,462:0.691153,506:0.679272,538:3.731699,577:4.270696,614:0.675343,616:3.272167,674:4.270696,687:0.679272,715:3.651657,728:2.884402,796:4.019382,896:4.019382,968:3.081112",1.0
F160,"worker,big,wife,know,history,pick,worker,official,house,catch,—,shocking,claims,mind,control,surface,internet","21:3.383393,48:3.914021,184:2.605688,208:2.661258,281:0.675343,338:0.691153,372:4.019382,485:2.997730,503:0.691153,543:2.605688,676:5.565238,716:0.671429,779:3.818711,836:3.444017,850:0.679272,949:3.220874",0.0
F053,"throughout,apply,wide,involve,least,compare,team,glass,quality,south,summer,—,shocking,claims,hoax,surface,internet","246:3.731699,271:3.914021,281:0.675343,312:2.750870,338:0.691153,377:2.605688,468:3.577549,481:2.478936,503:0.691153,506:0.679272,634:2.997730,716:0.671429,816:2.958510,836:3.444017,850:0.679272,932:3.326234,948:3.818711",0.0
R074,"heavy,pressure,theory,seem,prevent,movement,visit,ever,approach,whose,experts,discuss,ongoing,developments,education","95:3.914021,252:3.038552,294:4.270696,462:0.691153,468:3.577549,506:0.679272,530:2.246314,539:4.270696,588:3.731699,594:3.172084,614:0.675343,661:3.914021,687:0.679272,698:4.270696,949:3.220874",1.0
R007,"issue,mrs,training,author,military,one,money,international,professor,activity,experts,discuss,ongoing,developments,election","103:4.019382,110:3.651657,132:2.720099,188:2.527727,350:2.997730,462:0.691153,506:0.679272,538:3.731699,543:2.605688,614:0.675343,616:3.272167,687:0.679272,751:4.019382,815:3.914021,877:4.137165",1.0
R119,"happy,partner,agency,participant,human,window,region,level,claim,reflect,where,experts,discuss,ongoing,developments,climate,change","116:3.651657,159:3.383393,303:3.508556,321:3.651657,347:3.081112,387:2.661258,396:3.731699,403:2.958510,462:0.691153,499:4.424847,506:0.679272,614:0.675343,687:0.679272,718:4.830312,765:4.270696,821:2.720099,937:3.914021",1.0
R087,"party,green,executive,expert,true,agreement,eight,seek,experts,discuss,ongoing,developments,budget,report","171:3.172084,188:2.527727,379:3.731699,413:3.272167,462:0.691153,482:4.137165,505:2.605688,506:0.679272,551:4.270696,614:0.675343,687:0.679272,914:4.270696,966:4.424847,991:2.690246",1.0
F145,"pattern,economic,lot,fund,charge,piece,now,maybe,rate,win,avoid,send,return,population,condition,partner,still,many,—,shocking,claims,miracle,drug,surface,internet","116:3.651657,133:2.815409,144:2.387965,188:2.527727,253:3.914021,256:2.884402,258:3.577549,281:0.675343,314:5.523459,328:3.731699,338:0.691153,388:3.731699,398:4.019382,503:0.691153,523:4.019382,617:3.125564,635:3.383393,638:4.830312,712:3.125564,716:0.671429,812:4.607168,818:3.818711,850:0.679272,860:2.720099,943:3.326234",0.0
R065,"defense,idea,price,current,perhaps,woman,task,theory,time,cultural,range,morning,challenge,model,growth,hear,free,experts,discuss,ongoing,developments,budget,report","73:4.137165,102:3.731699,157:3.508556,160:3.272167,165:4.270696,189:3.731699,233:4.019382,259:2.432416,320:2.605688,451:3.081112,462:0.691153,468:3.577549,505:2.605688,506:0.679272,543:2.605688,563:4.137165,614:0.675343,687:0.679272,738:4.019382,842:3.818711,935:3.914021,958:3.731699,991:2.690246",1.0
R208,"visit,contain,maybe,huge,condition,participant,large,result,girl,mission,professional,partner,find,experts,discuss,ongoing,developments,budget,report","22:4.424847,29:4.424847,69:3.577549,116:3.651657,155:4.019382,198:4.270696,328:3.731699,396:3.731699,399:4.137165,462:0.691153,493:4.137165,505:2.605688,506:0.679272,510:4.607168,614:0.675343,687:0.679272,698:4.270696,818:3.818711,991:2.690246",1.0
R048,"tree,responsibility,term,wonder,serious,seem,listen,recognize,whose,true,push,grow,speak,admit,experts,discuss,ongoing,developments,budget,report","117:3.731699,171:3.172084,188:5.055453,404:3.038552,429:3.818711,462:0.691153,502:3.508556,505:2.605688,506:0.679272,539:4.270696,588:3.731699,614:0.675343,687:0.679272,714:4.270696,723:3.577549,732:3.914021,871:2.720099,978:4.270696,991:2.690246",1.0
F076,"within,month,word,floor,south,—,shocking,claims,aliens,surface,internet","281:0.675343,319:3.651657,338:0.691153,503:0.691153,519:3.818711,650:2.432416,716:0.671429,741:3.818711,816:2.958510,817:3.220874,850:0.679272",0.0
R019,"far,daughter,institution,education,relate,young,tree,per,marriage,player,without,ability,appear,current,experts,discuss,ongoing,developments,policy","43:3.731699,142:2.478936,158:3.818711,182:3.444017,189:3.731699,229:4.424847,243:3.383393,298:4.137165,462:0.691153,506:0.679272,530:2.246314,604:4.019382,614:0.675343,623:3.731699,681:2.661258,687:0.679272,809:4.019382,871:2.720099,988:3.731699",1.0
F115,"adult,common,serious,read,thing,grow,agent,least,dinner,term,—,shocking,claims,immortal,jellyfish,surface,internet","16:4.830312,66:2.527727,72:4.607168,117:3.731699,188:2.527727,240:4.270696,281:0.675343,332:3.272167,338:0.691153,404:3.038552,503:0.691153,634:2.997730,650:2.432416,716:0.671429,850:0.679272,857:4.019382,876:2.579020",0.0
R031,"point,example,start,church,short,knowledge,bill,say,debate,system,return,others,spring,around,owner,experts,discuss,ongoing,developments,education","53:3.914021,135:3.508556,197:4.137165,262:4.019382,273:3.272167,276:3.508556,416:5.523459,462:0.691153,506:0.679272,530:2.246314,606:3.508556,614:0.675343,635:3.383393,644:4.137165,687:0.679272,862:3.914021,864:4.137165,940:3.577549,996:6.251127",1.0
R190,"way,else,follow,summer,wrong,experts,discuss,ongoing,developments,research","34:2.782619,367:3.651657,391:2.527727,432:2.782619,462:0.691153,481:2.478936,506:0.679272,512:3.731699,614:0.675343,687:0.679272",1.0
F057,"interesting,history,break,property,edge,matter,business,commercial,—,shocking,claims,mind,control,surface,internet","184:2.605688,208:2.661258,281:0.675343,338:0.691153,374:3.731699,402:3.577549,443:3.272167,503:0.691153,543:2.605688,634:2.997730,668:4.607168,716:0.671429,733:4.019382,850:0.679272,921:2.304583",0.0
F158,"current,protect,soldier,act,government,chance,ago,process,defense,later,defense,—,shocking,claims,immortal,jellyfish,surface,internet","40:3.577549,66:2.527727,141:4.137165,189:3.731699,235:3.383393,259:2.432416,281:0.675343,338:0.691153,346:3.326234,503:0.691153,543:5.211376,560:3.914021,716:0.671429,850:0.679272,876:2.579020,896:4.019382,928:3.444017",0.0
F234,"player,early,face,president,interest,former,box,laugh,agency,low,model,newspaper,teach,last,—,shocking,claims,flat,earth,surface,internet","34:2.782619,70:3.220874,92:4.019382,98:3.444017,102:3.731699,160:3.272167,238:3.731699,281:0.675343,306:3.914021,338:0.691153,411:3.444017,503:0.691153,522:3.444017,604:4.019382,676:2.782619,716:0.671429,765:4.270696,850:0.679272,918:3.038552,922:3.272167,989:3.731699",0.0
F155,"one,happy,hot,exist,event,discover,save,sure,evidence,population,sure,—,shocking,claims,flat,earth,surface,internet","54:4.270696,170:3.577549,258:3.577549,281:0.675343,338:0.691153,347:3.081112,503:0.691153,520:4.019382,602:3.914021,676:2.782619,693:3.125564,716:0.671429,728:2.884402,815:3.914021,821:5.440197,850:0.679272,918:3.038552",0.0
F106,"drop,record,reach,kitchen,use,step,rule,rich,training,teach,pretty,early,serve,—,shocking,claims,flat,earth,surface,internet","92:4.019382,133:2.815409,212:3.818711,281:0.675343,338:0.691153,343:3.651657,347:3.081112,386:4.019382,503:0.691153,522:3.444017,538:3.731699,558:3.577549,577:4.270696,676:2.782619,716:0.671429,725:3.577549,756:3.383393,850:0.679272,918:3.038552,919:4.137165",0.0
R051,"speak,yeah,order,garden,perform,outside,apply,chance,book,catch,physical,language,term,song,event,guy,imagine,experts,discuss,ongoing,developments,policy","94:4.019382,98:3.444017,142:2.478936,188:2.527727,226:3.272167,249:3.172084,301:3.038552,312:2.750870,346:3.326234,350:2.997730,393:4.137165,462:0.691153,506:0.679272,568:3.577549,614:0.675343,649:3.577549,687:0.679272,716:0.671429,728:2.884402,732:3.914021,936:4.607168,949:3.220874",1.0
R203,"significant,upon,computer,word,leg,past,front,reflect,eight,experts,discuss,ongoing,developments,education","151:4.830312,275:4.019382,290:4.137165,321:3.651657,462:0.691153,482:4.137165,504:4.270696,506:0.679272,519:3.818711,530:2.246314,552:3.914021,614:0.675343,687:0.679272,735:3.577549",1.0
F063,"discuss,line,magazine,born,give,main,walk,later,out,company,father,house,goal,person,phone,social,run,seven,customer,somebody,—,shocking,claims,secret,cure,surface,internet","89:6.251127,142:2.478936,182:3.444017,249:3.172084,266:4.019382,281:0.675343,338:0.691153,413:6.544334,503:0.691153,545:3.914021,560:3.914021,614:0.675343,626:4.270696,637:3.914021,716:0.671429,747:2.553044,754:5.523459,783:3.326234,800:4.137165,823:3.914021,836:3.444017,850:1.358544,892:2.553044,942:3.914021",0.0
R080,"authority,relate,lot,student,here,threat,another,owner,almost,soldier,ready,benefit,pressure,answer,experts,discuss,ongoing,developments,policy","53:3.914021,70:3.220874,135:3.508556,141:4.137165,142:2.478936,166:3.383393,176:3.731699,462:0.691153,506:0.679272,536:4.607168,557:3.383393,566:4.019382,614:0.675343,619:3.731699,653:3.220874,661:3.914021,687:0.679272,943:3.326234,988:3.731699",1.0
R226,"edge,hand,sense,see,represent,behavior,mother,article,read,data,itself,plan,right,garden,make,develop,everything,daughter,news,step,today,experts,discuss,ongoing,developments,public,health","123:3.914021,126:3.577549,156:4.137165,241:3.220874,354:7.017112,423:3.731699,433:2.920769,447:2.849310,462:0.691153,506:0.679272,525:3.577549,558:3.577549,614:0.675343,623:3.731699,650:2.432416,687:0.679272,695:3.731699,702:3.818711,717:3.508556,735:3.577549,770:2.815409,790:3.508556,805:2.849310,806:4.424847,921:2.304583,936:4.607168",1.0
F144,"walk,pattern,explain,mrs,interesting,test,player,eight,—,shocking,claims,hoax,surface,internet","142:2.478936,281:0.675343,338:0.691153,341:3.326234,377:2.605688,482:4.137165,503:0.691153,586:3.731699,604:4.019382,617:3.125564,634:2.997730,716:0.671429,751:4.019382,850:0.679272",0.0
F241,"heart,strong,whether,beyond,color,sign,laugh,identify,—,shocking,claims,flat,earth,surface,internet","98:3.444017,281:0.675343,338:0.691153,355:4.019382,406:3.577549,503:0.691153,676:2.782619,716:0.671429,756:3.383393,808:3.651657,832:4.137165,850:0.679272,900:3.818711,918:3.038552,967:2.958510",0.0
R150,"business,note,attorney,room,never,agree,home,next,experts,discuss,ongoing,developments,election","132:2.720099,273:3.272167,281:0.675343,365:4.137165,374:3.731699,462:0.691153,494:4.019382,506:0.679272,614:0.675343,687:0.679272,853:3.444017,909:2.997730,925:3.326234",1.0
R153,"want,enjoy,true,institution,study,admit,wrong,story,system,price,maintain,scientist,which,experts,discuss,ongoing,developments,research","188:2.527727,224:3.444017,226:3.272167,243:3.383393,247:4.424847,432:2.782619,462:0.691153,506:0.679272,512:3.731699,614:0.675343,687:0.679272,712:3.125564,714:4.270696,738:4.019382,804:5.117994,805:2.849310,855:3.383393,996:3.125564",1.0
F175,"less,nearly,every,mother,store,word,member,fly,someone,—,shocking,claims,hoax,surface,internet","184:2.605688,195:4.270696,281:0.675343,338:0.691153,354:3.508556,377:2.605688,503:0.691153,519:3.818711,671:3.818711,681:2.661258,716:0.671429,790:3.508556,850:0.679272,866:3.731699,944:3.326234",0.0
F161,"continue,low,new,defense,strategy,draw,manage,range,help,involve,probably,painting,explain,serve,blue,teach,change,item,memory,—,shocking,claims,immortal,jellyfish,surface,internet","34:2.782619,66:2.527727,165:4.270696,167:4.607168,271:3.914021,281:0.675343,291:3.508556,297:3.220874,338:0.691153,341:3.326234,347:3.081112,387:2.661258,411:3.444017,503:0.691153,522:3.444017,543:2.605688,585:4.019382,716:0.671429,725:3.577549,743:3.818711,768:3.818711,850:0.679272,876:2.579020,883:3.818711,916:4.137165,941:3.914021",0.0
F147,"rule,base,group,look,traditional,—,shocking,claims,secret,cure,surface,internet","173:3.731699,281:0.675343,338:0.691153,343:3.651657,486:2.661258,503:0.691153,716:0.671429,747:2.553044,766:4.270696,850:0.679272,892:2.553044,939:3.818711",0.0
F018,"risk,scene,difference,read,interesting,thousand,according,government,provide,listen,right,easy,civil,easy,consider,ago,particular,course,successful,wife,—,shocking,claims,secret,cure,surface,internet","21:3.383393,259:2.432416,281:0.675343,312:2.750870,338:0.691153,429:3.818711,503:0.691153,564:3.220874,593:3.818711,634:2.997730,650:2.432416,652:3.220874,659:4.137165,716:0.671429,747:2.553044,760:8.541392,790:3.508556,794:4.270696,798:4.424847,844:4.424847,850:0.679272,866:3.731699,892:2.553044,896:4.019382,946:3.444017,984:3.651657",0.0
F211,"scientist,growth,old,effect,think,seven,management,—,shocking,claims,celebrity,scandal,surface,internet","83:3.818711,226:3.272167,241:3.220874,281:0.675343,320:2.605688,324:3.651657,335:3.508556,338:0.691153,486:2.661258,503:0.691153,716:0.671429,850:1.358544,921:2.304583",0.0
R117,"maybe,tree,main,great,act,special,chance,piece,matter,experts,discuss,ongoing,developments,research","55:2.884402,133:2.815409,346:3.326234,402:3.577549,432:2.782619,462:0.691153,506:0.679272,614:0.675343,637:3.914021,687:0.679272,750:3.444017,818:3.818711,871:2.720099,928:3.444017",1.0
F016,"worker,evening,bring,expect,name,likely,suggest,community,measure,evening,determine,tonight,manage,support,produce,education,it,morning,best,campaign,—,shocking,claims,aliens,surface,internet","15:2.920769,57:3.383393,160:3.272167,174:4.424847,217:3.444017,281:0.675343,286:7.017112,309:4.270696,338:0.691153,389:3.444017,503:0.691153,528:4.019382,530:2.246314,648:3.914021,650:2.432416,675:3.508556,676:2.782619,686:4.830312,691:3.577549,716:0.671429,734:4.270696,763:4.830312,816:2.958510,850:0.679272,883:3.818711",0.0
F029,"bar,campaign,resource,rise,far,matter,health,threat,keep,something,upon,hospital,—,shocking,claims,flat,earth,surface,internet","70:3.220874,158:3.818711,281:0.675343,332:3.272167,338:0.691153,402:3.577549,503:0.691153,594:3.172084,670:4.424847,675:3.508556,676:2.782619,716:0.671429,735:3.577549,805:2.849310,816:2.958510,826:3.731699,850:0.679272,918:3.038552,930:3.914021",0.0
F205,"natural,decide,produce,record,factor,education,them,—,shocking,claims,celebrity,scandal,surface,internet","281:0.675343,293:3.172084,338:0.691153,347:3.081112,486:2.661258,503:0.691153,530:2.246314,561:3.272167,648:3.914021,716:0.671429,850:0.679272,921:2.304583,924:3.731699,988:3.731699",0.0
R112,"chair,education,suggest,begin,clearly,policy,contain,within,test,exist,individual,authority,why,experts,discuss,ongoing,developments,economic,growth","32:5.523459,142:2.478936,144:2.387965,176:3.731699,238:3.731699,320:2.605688,462:0.691153,493:4.137165,506:0.679272,513:3.508556,530:2.246314,586:3.731699,602:3.914021,614:1.350685,681:2.661258,687:0.679272,816:2.958510,817:3.220874",1.0
F218,"local,song,use,deal,everybody,risk,position,agree,already,mean,—,shocking,claims,government,cover-up,surface,internet","133:2.815409,228:4.137165,259:2.432416,281:0.675343,338:0.691153,339:4.137165,350:2.997730,433:2.920769,503:0.691153,561:3.272167,594:3.172084,716:0.671429,794:4.270696,813:2.997730,850:0.679272,909:2.997730,925:3.326234",0.0
R187,"make,instead,old,score,peace,thing,trade,size,debate,listen,camera,source,bill,hospital,experts,discuss,ongoing,developments,education","83:3.818711,135:3.508556,192:4.270696,276:3.508556,419:4.607168,429:3.818711,462:0.691153,506:0.679272,525:3.577549,527:3.172084,530:2.246314,614:0.675343,650:2.432416,687:0.679272,697:3.125564,721:4.019382,857:4.019382,927:4.137165,930:3.914021",1.0
F087,"author,enter,tree,use,participant,sense,represent,task,church,wait,last,shake,half,place,woman,—,shocking,claims,celebrity,scandal,surface,internet","133:2.815409,180:3.914021,273:3.272167,281:0.675343,338:0.691153,350:2.997730,390:4.424847,396:3.731699,435:4.019382,447:2.849310,451:3.081112,477:3.444017,486:2.661258,503:0.691153,563:4.137165,716:0.671429,717:3.508556,780:4.830312,850:0.679272,871:2.720099,921:2.304583,989:3.731699",0.0
R171,"fall,fact,character,write,another,mrs,language,wife,people,yourself,experts,discuss,ongoing,developments,education","21:3.383393,166:3.383393,215:4.270696,263:3.577549,445:3.172084,462:0.691153,506:0.679272,530:2.246314,612:5.117994,614:0.675343,687:0.679272,716:0.671429,729:4.424847,751:4.019382,867:4.019382",1.0
R113,"receive,series,future,newspaper,detail,five,despite,race,thought,experts,discuss,ongoing,developments,technology,breakthrough","20:2.553044,55:2.884402,143:4.137165,238:3.731699,301:3.038552,454:2.849310,462:0.691153,463:4.137165,481:2.478936,488:3.326234,506:0.679272,614:0.675343,617:3.125564,687:0.679272,974:3.577549",1.0
R222,"like,contain,necessary,property,fish,stop,simple,late,piece,republican,together,few,turn,land,check,thus,experts,discuss,ongoing,developments,public,health","79:3.914021,133:2.815409,148:3.272167,312:2.750870,330:4.270696,376:3.914021,462:0.691153,493:4.137165,506:0.679272,614:0.675343,616:3.272167,684:3.818711,687:0.679272,733:4.019382,770:2.815409,796:4.019382,805:2.849310,886:3.508556,901:3.914021,913:3.272167,960:4.270696,979:3.577549",1.0
F233,"use,buy,anyone,evidence,similar,school,nice,discussion,military,—,shocking,claims,secret,cure,surface,internet","46:4.019382,54:4.270696,80:3.444017,133:2.815409,281:0.675343,315:4.270696,338:0.691153,370:3.272167,503:0.691153,666:3.577549,679:4.424847,716:0.671429,747:2.553044,850:0.679272,877:4.137165,892:2.553044",0.0
R223,"shake,time,official,over,method,level,particularly,effort,record,experts,discuss,ongoing,developments,climate,change","15:2.920769,157:3.508556,180:3.914021,347:3.081112,352:5.117994,387:2.661258,443:3.272167,462:0.691153,485:2.997730,499:4.424847,506:0.679272,614:0.675343,687:0.679272,726:3.818711,821:2.720099",1.0
F224,"letter,eat,treat,white,bed,trouble,price,west,suggest,everybody,race,—,shocking,claims,secret,cure,surface,internet","85:3.125564,276:3.508556,281:0.675343,338:0.691153,454:2.849310,497:3.444017,503:0.691153,561:3.272167,564:3.220874,716:0.671429,738:4.019382,747:2.553044,750:3.444017,816:2.958510,843:4.270696,850:0.679272,892:2.553044,909:2.997730",0.0
R181,"improve,next,cost,order,ask,forward,cut,leg,tree,attorney,fly,road,defense,reality,experts,discuss,ongoing,developments,climate,change","206:3.731699,226:3.272167,273:3.272167,290:4.137165,387:2.661258,408:3.577549,411:3.444017,462:0.691153,490:4.270696,506:0.679272,507:4.270696,543:2.605688,614:0.675343,680:3.651657,687:0.679272,725:3.577549,821:2.720099,853:3.444017,871:2.720099,944:3.326234",1.0
R056,"debate,generation,chair,recently,need,analysis,magazine,still,member,feeling,far,participant,matter,plant,year,experts,discuss,ongoing,developments,public,health","34:2.782619,158:3.818711,244:3.508556,276:3.508556,296:4.137165,396:3.731699,402:3.577549,413:3.272167,462:0.691153,506:0.679272,537:4.270696,613:3.444017,614:0.675343,681:2.661258,687:0.679272,712:3.125564,770:2.815409,790:3.508556,805:2.849310,899:3.818711,963:3.577549",1.0
R110,"develop,teach,matter,answer,gas,back,woman,present,old,sometimes,three,hard,experts,discuss,ongoing,developments,education","83:3.818711,125:4.830312,130:3.818711,241:3.220874,402:3.577549,430:3.914021,462:0.691153,506:0.679272,522:3.444017,530:2.246314,563:4.137165,607:4.270696,614:0.675343,619:3.731699,687:0.679272,869:3.508556,925:3.326234",1.0
R219,"understand,buy,if,college,difficult,fill,friend,mean,base,campaign,generation,ten,husband,majority,hope,lead,fly,environmental,cultural,candidate,experts,discuss,ongoing,developments,education","0:3.577549,27:4.137165,57:3.383393,80:3.444017,85:3.125564,173:3.731699,208:2.661258,233:4.019382,244:3.508556,356:4.137165,358:3.731699,462:0.691153,487:3.731699,488:3.326234,506:0.679272,530:2.246314,614:0.675343,675:3.508556,687:0.679272,712:3.125564,727:4.270696,824:3.914021,909:2.997730,944:3.326234,963:3.577549",1.0
R224,"design,large,short,discussion,everything,candidate,recognize,box,house,smile,ready,hospital,contain,bring,push,short,trip,experts,discuss,ongoing,developments,education","22:4.424847,57:3.383393,156:4.137165,171:3.172084,262:8.038763,315:4.270696,358:3.731699,462:0.691153,493:4.137165,506:0.679272,530:2.246314,557:3.383393,614:0.675343,687:0.679272,713:3.508556,782:4.137165,836:3.444017,922:6.544334,930:3.914021,978:4.270696",1.0
F178,"including,form,clear,skill,everyone,hotel,old,whether,test,interesting,answer,clear,tv,—,shocking,claims,immortal,jellyfish,surface,internet","66:2.527727,83:3.818711,281:0.675343,334:4.019382,338:0.691153,406:3.577549,503:0.691153,547:4.137165,586:3.731699,611:6.888035,619:3.731699,621:5.117994,634:2.997730,663:4.270696,716:0.671429,850:0.679272,876:2.579020,893:4.137165,968:3.081112",0.0
F074,"quality,light,manage,also,thing,suffer,education,pretty,—,shocking,claims,secret,cure,surface,internet","135:3.508556,281:0.675343,338:0.691153,503:0.691153,506:0.679272,530:2.246314,716:0.671429,720:3.272167,747:2.553044,792:4.270696,850:0.679272,857:4.019382,883:3.818711,892:2.553044,919:4.137165",0.0
R034,"memory,certain,represent,natural,human,receive,individual,chair,budget,hit,thus,chair,experts,discuss,ongoing,developments,budget,report","252:3.038552,288:4.607168,303:3.508556,462:0.691153,505:2.605688,506:0.679272,614:1.350685,617:3.125564,681:5.322516,684:3.818711,687:0.679272,717:3.508556,941:3.914021,988:3.731699,991:5.380491",1.0
R095,"force,business,miss,early,answer,outside,voice,whose,recently,analysis,experts,discuss,ongoing,developments,policy","34:2.782619,71:4.424847,92:4.019382,142:2.478936,296:4.137165,374:3.731699,391:2.527727,462:0.691153,506:0.679272,530:2.246314,539:4.270696,568:3.577549,614:0.675343,619:3.731699,687:0.679272",1.0
F011,"production,hundred,force,recent,movie,possible,medical,join,full,election,past,sense,—,shocking,claims,aliens,surface,internet","100:3.818711,132:2.720099,175:3.818711,268:3.914021,275:4.019382,281:0.675343,338:0.691153,353:3.914021,391:2.527727,439:4.270696,447:2.849310,503:0.691153,591:4.270696,650:2.432416,716:0.671429,850:0.679272,897:3.651657,952:4.270696",0.0
R162,"likely,technology,one,including,federal,clear,wrong,possible,war,participant,read,maybe,experts,discuss,ongoing,developments,policy","20:2.553044,100:3.818711,142:2.478936,309:4.270696,334:4.019382,396:3.731699,462:0.691153,506:0.679272,512:3.731699,611:3.444017,614:0.675343,633:3.383393,650:2.432416,687:0.679272,719:4.137165,815:3.914021,818:3.818711",1.0
R218,"serious,answer,above,act,institution,need,thing,experts,discuss,ongoing,developments,election","117:3.731699,132:2.720099,243:3.383393,462:0.691153,506:0.679272,537:4.270696,614:0.675343,619:3.731699,687:0.679272,857:4.019382,928:3.444017,988:3.731699",1.0
F136,"member,free,charge,apply,easy,forward,concern,every,entire,big,degree,friend,wife,speech,edge,—,shocking,claims,miracle,drug,surface,internet","21:3.383393,48:3.914021,73:4.137165,256:2.884402,281:0.675343,312:2.750870,338:0.691153,411:3.444017,488:3.326234,502:3.508556,503:0.691153,681:2.661258,716:0.671429,760:4.270696,790:3.508556,812:4.607168,824:3.914021,850:0.679272,860:2.720099,921:2.304583,943:3.326234,968:3.081112",0.0
R108,"training,ahead,size,too,stuff,stay,three,difference,collection,experts,discuss,ongoing,developments,economic,growth","144:2.387965,192:4.270696,209:3.383393,268:3.914021,320:2.605688,433:2.920769,462:0.691153,506:0.679272,523:4.019382,538:3.731699,614:0.675343,687:0.679272,722:4.270696,866:3.731699,925:3.326234",1.0
R186,"impact,actually,audience,sport,eat,address,region,drive,live,environment,want,experts,discuss,ongoing,developments,research","159:3.383393,276:3.508556,278:4.270696,312:2.750870,325:3.508556,407:4.137165,432:2.782619,447:2.849310,454:2.849310,462:0.691153,493:4.137165,506:0.679272,614:0.675343,687:0.679272,712:3.125564,972:3.914021",1.0
R248,"use,face,drug,or,letter,anyone,business,officer,arrive,experts,discuss,ongoing,developments,technology,breakthrough","20:2.553044,34:2.782619,133:2.815409,374:3.731699,391:2.527727,462:0.691153,481:2.478936,506:0.679272,564:3.220874,614:0.675343,666:3.577549,687:0.679272,696:3.914021,741:3.818711,860:2.720099",1.0
F045,"difference,program,bag,good,control,scene,success,garden,any,else,tree,house,tv,—,shocking,claims,immortal,jellyfish,surface,internet","34:2.782619,66:2.527727,168:4.270696,208:2.661258,281:0.675343,338:0.691153,415:3.272167,503:0.691153,547:4.137165,573:3.731699,669:5.523459,716:0.671429,828:4.830312,836:3.444017,844:4.424847,850:0.679272,866:3.731699,871:2.720099,876:2.579020,936:4.607168",0.0
F092,"much,score,decide,campaign,reveal,young,money,paper,music,value,role,matter,character,—,shocking,claims,secret,cure,surface,internet","103:4.019382,281:0.675343,293:3.172084,338:0.691153,350:2.997730,370:3.272167,402:3.577549,403:2.958510,503:0.691153,507:4.270696,524:3.508556,675:3.508556,690:4.424847,716:0.671429,747:2.553044,809:4.019382,850:0.679272,867:4.019382,892:2.553044,927:4.137165",0.0
R100,"skill,watch,kitchen,son,team,star,official,wife,deep,region,fly,democratic,particular,experts,discuss,ongoing,developments,technology,breakthrough","20:2.553044,21:3.383393,159:3.383393,170:3.577549,209:3.383393,462:0.691153,468:3.577549,481:2.478936,485:2.997730,506:0.679272,606:3.508556,614:0.675343,687:0.679272,708:3.125564,756:3.383393,762:4.137165,944:3.326234,968:3.081112,984:3.651657",1.0
F075,"democratic,free,worker,present,accept,difference,far,—,shocking,claims,miracle,drug,surface,internet","73:4.137165,130:3.818711,158:3.818711,256:2.884402,281:0.675343,338:0.691153,503:0.691153,606:3.508556,657:3.326234,676:2.782619,716:0.671429,850:0.679272,860:2.720099,866:3.731699",0.0
R059,"water,study,senior,affect,middle,voice,technology,term,experts,discuss,ongoing,developments,technology,breakthrough","20:5.106089,55:2.884402,144:2.387965,188:2.527727,224:3.444017,462:0.691153,481:2.478936,506:0.679272,530:2.246314,589:4.424847,614:0.675343,687:0.679272,878:3.818711",1.0
F213,"soon,enter,lot,future,occur,fish,base,hot,cause,push,pattern,activity,either,base,big,national,never,yeah,—,shocking,claims,hoax,surface,internet","41:4.019382,48:3.914021,110:3.651657,126:3.577549,173:7.463399,249:3.172084,281:1.350685,316:3.818711,338:0.691153,376:3.914021,377:2.605688,435:4.019382,488:3.326234,503:0.691153,617:3.125564,693:3.125564,716:0.671429,850:0.679272,910:4.019382,921:2.304583,943:3.326234,978:4.270696",0.0
R233,"statement,improve,wrong,attention,group,experts,discuss,ongoing,developments,education","144:2.387965,408:3.577549,462:0.691153,506:0.679272,512:3.731699,530:2.246314,614:0.675343,687:0.679272,766:4.270696,817:3.220874",1.0
F072,"later,religious,election,avoid,full,human,sound,spend,amount,left,himself,level,middle,wall,include,clearly,commercial,believe,industry,institution,boy,cause,—,shocking,claims,mind,control,surface,internet","10:4.019382,132:2.720099,157:3.508556,166:3.383393,184:2.605688,208:2.661258,222:4.137165,238:3.731699,243:3.383393,281:0.675343,293:3.172084,303:3.508556,316:3.818711,338:0.691153,353:3.914021,361:5.523459,388:3.731699,404:3.038552,443:3.272167,499:4.424847,503:0.691153,533:4.137165,560:3.914021,662:4.270696,716:0.671429,850:0.679272,878:3.818711,897:3.651657,953:3.914021",0.0
R184,"value,direction,threat,industry,eight,garden,order,fish,hundred,want,exactly,soldier,well,system,hotel,father,network,experts,discuss,ongoing,developments,budget,report","10:4.019382,70:3.220874,96:4.270696,141:4.137165,152:4.424847,157:3.508556,175:3.818711,226:3.272167,376:3.914021,403:2.958510,462:0.691153,482:4.137165,505:2.605688,506:0.679272,554:4.607168,614:0.675343,663:4.270696,687:0.679272,712:3.125564,800:4.137165,936:4.607168,991:2.690246,996:3.125564",1.0
F134,"week,want,bad,forward,speech,lawyer,tell,process,moment,guess,—,shocking,claims,secret,cure,surface,internet","21:3.383393,40:3.577549,122:4.607168,281:0.675343,338:0.691153,401:3.444017,411:3.444017,502:3.508556,503:0.691153,660:3.731699,712:3.125564,716:0.671429,747:2.553044,850:1.358544,892:2.553044,956:3.731699",0.0
R096,"remember,city,small,factor,those,cover,age,affect,subject,north,red,goal,owner,home,option,experts,discuss,ongoing,developments,research","52:4.424847,53:3.914021,55:2.884402,89:3.125564,104:4.424847,222:4.137165,289:4.830312,365:4.137165,432:2.782619,462:0.691153,495:3.444017,506:0.679272,561:3.272167,613:3.444017,614:0.675343,655:4.019382,685:5.523459,687:0.679272,778:4.270696,791:4.424847",1.0
R020,"office,family,congress,inside,part,everybody,south,last,again,experts,discuss,ongoing,developments,policy","66:2.527727,139:5.523459,142:2.478936,297:3.220874,344:3.731699,462:0.691153,506:0.679272,561:3.272167,614:0.675343,687:0.679272,728:2.884402,740:4.019382,816:2.958510,989:3.731699",1.0
R067,"catch,low,executive,president,voice,production,finish,team,stock,effort,use,security,able,television,law,experts,discuss,ongoing,developments,policy","133:2.815409,142:2.478936,306:3.914021,353:3.914021,411:3.444017,462:0.691153,468:3.577549,496:4.607168,506:0.679272,530:2.246314,578:4.830312,614:0.675343,634:2.997730,687:0.679272,713:3.508556,726:3.818711,793:3.914021,949:3.220874,966:4.424847,979:3.577549",1.0
R215,"window,understand,science,local,type,personal,hot,candidate,experts,discuss,ongoing,developments,education","228:4.137165,358:3.731699,363:4.137165,403:2.958510,462:0.691153,487:3.731699,506:0.679272,526:3.172084,530:2.246314,614:0.675343,687:0.679272,693:3.125564,939:3.818711",1.0
R127,"federal,treatment,senior,teach,hair,knowledge,lawyer,simply,across,far,interesting,common,experts,discuss,ongoing,developments,policy","15:2.920769,21:3.383393,74:3.914021,142:2.478936,144:2.387965,158:3.818711,332:3.272167,462:0.691153,506:0.679272,522:3.444017,614:0.675343,633:3.383393,634:2.997730,642:3.818711,664:3.651657,687:0.679272,864:4.137165",1.0
R235,"response,service,mention,military,quickly,place,produce,person,business,arrive,resource,raise,light,method,summer,physical,soon,government,experts,discuss,ongoing,developments,technology,breakthrough","15:2.920769,20:2.553044,41:4.019382,249:3.172084,252:3.038552,259:2.432416,374:3.731699,390:4.424847,391:5.055453,445:3.172084,462:0.691153,481:4.957873,506:0.679272,527:3.172084,614:0.675343,648:3.914021,649:3.577549,670:4.424847,687:0.679272,720:3.272167,877:4.137165,907:4.424847",1.0
R163,"discussion,beat,experts,discuss,ongoing,developments,climate,change","315:4.270696,387:2.661258,462:0.691153,506:0.679272,569:3.508556,614:0.675343,687:0.679272,821:2.720099",1.0
R002,"compare,civil,threat,movie,they,follow,table,staff,man,discuss,serious,artist,experts,discuss,ongoing,developments,education","48:3.914021,70:3.220874,117:3.731699,224:3.444017,246:3.731699,367:3.651657,439:4.270696,462:0.691153,506:0.679272,530:2.246314,569:3.508556,593:3.818711,614:1.350685,687:0.679272,931:6.441748",1.0
R021,"firm,certainly,rock,seat,she,federal,business,deal,road,agreement,stay,prove,trip,call,experts,discuss,ongoing,developments,education","47:4.019382,146:3.818711,214:3.444017,374:3.731699,413:3.272167,433:5.841538,462:0.691153,506:0.679272,530:2.246314,574:4.424847,614:0.675343,633:3.383393,673:3.651657,687:0.679272,725:3.577549,756:3.383393,782:4.137165,894:4.607168",1.0
R013,"dog,single,ten,whether,glass,least,turn,population,various,recently,fish,star,financial,hotel,everybody,method,nothing,class,experts,discuss,ongoing,developments,technology,breakthrough","7:3.444017,15:2.920769,20:2.553044,34:2.782619,85:3.125564,170:3.577549,258:3.577549,292:4.137165,376:3.914021,406:3.577549,407:4.137165,462:0.691153,481:2.478936,506:0.679272,561:3.272167,564:3.220874,614:0.675343,634:2.997730,647:3.444017,663:4.270696,687:0.679272,886:3.508556,889:4.137165,932:3.326234",1.0
F195,"finally,purpose,including,customer,deep,back,—,shocking,claims,flat,earth,surface,internet","89:3.125564,281:0.675343,334:4.019382,338:0.691153,413:3.272167,430:3.914021,503:0.691153,676:2.782619,716:0.671429,762:4.137165,817:3.220874,850:0.679272,918:3.038552",0.0
R101,"staff,say,national,stock,prepare,product,foot,bag,set,fly,audience,family,offer,experts,discuss,ongoing,developments,research","224:3.444017,286:3.508556,297:3.220874,312:2.750870,342:3.444017,415:3.272167,432:2.782619,447:2.849310,462:0.691153,506:0.679272,614:0.675343,687:0.679272,793:3.914021,862:3.914021,890:4.137165,910:4.019382,944:3.326234,958:3.731699",1.0
R055,"better,occur,whole,certainly,national,unit,piece,something,improve,hot,experts,discuss,ongoing,developments,research","133:2.815409,335:3.508556,408:3.577549,432:2.782619,462:0.691153,506:0.679272,543:2.605688,614:0.675343,627:4.830312,673:3.651657,687:0.679272,693:3.125564,826:3.731699,910:4.019382,921:2.304583",1.0
F190,"return,keep,stage,answer,staff,boy,before,arm,according,friend,seven,—,shocking,claims,secret,cure,surface,internet","30:3.577549,120:4.830312,157:3.508556,224:3.444017,281:0.675343,338:0.691153,488:3.326234,503:0.691153,564:3.220874,594:3.172084,619:3.731699,635:3.383393,716:0.671429,747:2.553044,850:1.358544,892:2.553044,984:3.651657",0.0
R004,"fire,traditional,card,phone,democratic,ball,minute,loss,window,worry,police,good,experts,discuss,ongoing,developments,education","144:2.387965,168:4.270696,191:4.607168,329:4.270696,343:3.651657,357:4.019382,403:2.958510,462:0.691153,486:2.661258,492:3.444017,506:0.679272,530:2.246314,606:3.508556,614:0.675343,626:4.270696,687:0.679272,876:2.579020",1.0
F080,"simple,value,yeah,common,reality,—,shocking,claims,celebrity,scandal,surface,internet","249:3.172084,281:0.675343,332:3.272167,338:0.691153,403:2.958510,486:2.661258,503:0.691153,680:3.651657,716:0.671429,850:0.679272,913:3.272167,921:2.304583",0.0
F049,"political,official,old,argue,listen,within,true,issue,development,president,ball,certainly,check,administration,very,—,shocking,claims,hoax,surface,internet","83:3.818711,185:4.607168,188:2.527727,281:0.675343,306:3.914021,338:0.691153,377:2.605688,429:3.818711,485:2.997730,492:3.444017,503:0.691153,616:3.272167,673:3.651657,716:0.671429,730:4.424847,817:3.220874,850:0.679272,871:2.720099,901:3.914021,935:3.914021,944:3.326234",0.0
F184,"manage,sell,cause,see,popular,share,threat,follow,mission,authority,away,believe,—,shocking,claims,secret,cure,surface,internet","69:3.577549,70:3.220874,148:3.272167,176:3.731699,281:0.675343,316:3.818711,338:0.691153,354:3.508556,367:3.651657,485:2.997730,503:0.691153,533:4.137165,716:0.671429,737:4.270696,747:2.553044,850:0.679272,883:3.818711,892:2.553044,947:3.220874",0.0
F030,"goal,baby,race,lot,require,relationship,single,instead,affect,imagine,project,bit,discover,feeling,whatever,—,shocking,claims,secret,cure,surface,internet","55:2.884402,89:3.125564,170:3.577549,230:4.019382,260:4.137165,281:0.675343,301:3.038552,338:0.691153,348:4.019382,449:4.137165,454:2.849310,503:0.691153,527:3.172084,613:3.444017,695:3.731699,716:0.671429,747:2.553044,850:0.679272,889:4.137165,892:2.553044,943:3.326234,989:3.731699",0.0
R213,"sort,compare,staff,leg,according,international,professor,establish,possible,experts,discuss,ongoing,developments,budget,report","100:3.818711,188:2.527727,224:3.444017,246:3.731699,290:4.137165,462:0.691153,505:2.605688,506:0.679272,543:2.605688,564:3.220874,614:0.675343,687:0.679272,720:3.272167,923:3.577549,991:2.690246",1.0
F128,"choose,explain,also,power,give,win,like,agency,body,although,sense,rich,rock,short,behind,—,shocking,claims,immortal,jellyfish,surface,internet","56:3.444017,66:2.527727,212:3.818711,262:4.019382,281:0.675343,330:4.270696,338:0.691153,341:3.326234,346:3.326234,398:4.019382,447:2.849310,503:0.691153,574:4.424847,706:3.914021,716:0.671429,765:4.270696,779:3.818711,783:3.326234,792:4.270696,841:4.137165,850:0.679272,876:2.579020",0.0
R231,"prevent,church,day,send,say,free,boy,must,throw,current,treat,best,various,anyone,back,experts,discuss,ongoing,developments,policy","23:3.914021,73:4.137165,133:2.815409,142:2.478936,157:3.508556,189:3.731699,252:3.038552,273:3.272167,325:3.508556,430:3.914021,462:0.691153,506:0.679272,523:4.019382,614:0.675343,647:3.444017,666:3.577549,687:0.679272,750:3.444017,763:4.830312,862:3.914021",1.0
R061,"real,beautiful,happen,seat,writer,catch,room,partner,hear,entire,tax,investment,party,year,experts,discuss,ongoing,developments,technology,breakthrough","20:2.553044,47:4.019382,116:3.651657,273:3.272167,379:3.731699,462:0.691153,481:2.478936,494:4.019382,506:0.679272,562:4.830312,587:4.019382,614:0.675343,687:0.679272,691:3.577549,704:4.607168,824:3.914021,842:3.818711,899:3.818711,906:4.019382,949:3.220874",1.0
R137,"green,save,money,protect,enter,ahead,exactly,wait,argue,certainly,staff,race,put,would,experts,discuss,ongoing,developments,education","96:4.270696,103:4.019382,224:3.444017,235:3.383393,268:3.914021,435:4.019382,454:2.849310,462:0.691153,477:3.444017,506:0.679272,520:4.019382,530:2.246314,551:4.270696,614:0.675343,673:3.651657,687:0.679272,730:4.424847,871:2.720099,911:4.019382",1.0
R185,"future,pretty,important,society,site,perhaps,amount,experience,suffer,economy,skill,old,safe,experts,discuss,ongoing,developments,technology,breakthrough","20:2.553044,83:3.818711,135:3.508556,217:3.444017,222:4.137165,259:2.432416,327:4.137165,462:0.691153,481:2.478936,488:3.326234,506:0.679272,614:0.675343,635:3.383393,642:3.818711,687:0.679272,891:4.270696,919:4.137165,967:2.958510,968:3.081112",1.0
R204,"must,must,future,give,effect,performance,available,security,we,write,west,position,discuss,experts,discuss,ongoing,developments,technology,breakthrough","20:2.553044,23:7.828042,85:3.125564,324:3.651657,339:4.137165,351:4.270696,445:3.172084,462:0.691153,475:3.220874,481:2.478936,488:3.326234,506:0.679272,588:3.731699,614:1.350685,634:2.997730,687:0.679272,783:3.326234",1.0
F217,"important,government,yet,fish,quickly,home,team,address,role,measure,almost,voice,time,sister,fact,note,program,series,—,shocking,claims,immortal,jellyfish,surface,internet","37:4.137165,66:2.527727,157:3.508556,215:4.270696,259:2.432416,281:0.675343,338:0.691153,350:2.997730,365:4.137165,376:3.914021,391:2.527727,454:2.849310,463:4.137165,468:3.577549,503:0.691153,521:4.424847,528:4.019382,530:2.246314,566:4.019382,573:3.731699,716:0.671429,850:0.679272,876:2.579020,909:2.997730,967:2.958510",0.0
F176,"easy,grow,media,measure,prove,blue,know,nature,mission,another,development,gas,market,commercial,ten,hotel,music,rule,house,build,most,—,shocking,claims,miracle,drug,surface,internet","14:3.731699,69:3.577549,85:3.125564,166:3.383393,209:3.383393,214:3.444017,256:2.884402,281:0.675343,338:0.691153,343:3.651657,370:3.272167,404:3.038552,443:3.272167,503:0.691153,528:4.019382,607:4.270696,611:3.444017,657:3.326234,663:4.270696,716:0.671429,760:4.270696,768:3.818711,770:2.815409,779:3.818711,836:3.444017,850:0.679272,860:2.720099,871:2.720099",0.0
R245,"subject,sister,though,national,inside,news,grow,exactly,staff,event,mrs,concern,along,suddenly,guy,experts,discuss,ongoing,developments,technology,breakthrough","20:2.553044,66:2.527727,94:4.019382,96:4.270696,224:3.444017,385:3.818711,404:3.038552,433:2.920769,462:0.691153,481:2.478936,506:0.679272,521:4.424847,581:3.818711,614:0.675343,655:4.019382,687:0.679272,728:2.884402,751:4.019382,840:4.424847,910:4.019382,968:3.081112",1.0
R104,"street,play,serve,head,country,property,majority,positive,bank,account,single,education,every,travel,lead,chair,experts,discuss,ongoing,developments,election","1:4.270696,64:3.914021,132:2.720099,173:3.731699,187:3.818711,244:3.508556,356:4.137165,462:0.691153,506:0.679272,530:2.246314,614:0.675343,681:7.983774,684:3.818711,687:0.679272,725:3.577549,733:4.019382,870:4.830312,889:4.137165,982:4.607168",1.0
F156,"wife,cover,something,side,represent,next,everything,dark,smile,within,writer,—,shocking,claims,flat,earth,surface,internet","21:3.383393,104:4.424847,156:4.137165,273:3.272167,281:0.675343,338:0.691153,503:0.691153,676:2.782619,697:3.125564,713:3.508556,716:0.671429,717:3.508556,781:3.914021,817:3.220874,826:3.731699,850:0.679272,906:4.019382,918:3.038552",0.0
R194,"establish,manage,election,word,red,whatever,tree,let,score,manager,suggest,experts,discuss,ongoing,developments,election","52:4.424847,132:5.440197,267:4.019382,462:0.691153,506:0.679272,519:3.818711,614:0.675343,652:3.220874,687:0.679272,695:3.731699,816:2.958510,871:2.720099,883:3.818711,923:3.577549,927:4.137165",1.0
R161,"yeah,gas,east,vote,part,five,company,thus,minute,degree,past,key,question,central,think,mouth,bag,seek,degree,occur,experts,discuss,ongoing,developments,technology,breakthrough","20:2.553044,131:4.137165,171:3.172084,214:3.444017,249:3.172084,275:4.019382,335:3.508556,357:4.019382,415:3.272167,462:0.691153,481:2.478936,497:3.444017,506:0.679272,576:4.270696,607:4.270696,614:0.675343,684:3.818711,687:0.679272,740:4.019382,921:2.304583,928:3.444017,942:3.914021,943:6.652469,947:3.220874,974:3.577549",1.0
F113,"hundred,ahead,throughout,traditional,six,main,fly,which,—,shocking,claims,immortal,jellyfish,surface,internet","66:2.527727,175:3.818711,268:3.914021,281:0.675343,338:0.691153,401:3.444017,486:2.661258,503:0.691153,637:3.914021,716:0.671429,804:5.117994,850:0.679272,876:2.579020,944:3.326234,948:3.818711",0.0
F150,"month,manage,parent,news,grow,describe,it,scene,easy,also,like,detail,race,appear,return,place,hold,state,—,shocking,claims,hoax,surface,internet","85:3.125564,143:4.137165,182:3.444017,281:0.675343,330:4.270696,338:0.691153,377:2.605688,389:3.444017,390:4.424847,404:3.038552,433:2.920769,454:2.849310,503:0.691153,635:3.383393,686:4.830312,716:0.671429,741:3.818711,760:4.270696,792:4.270696,808:3.651657,844:4.424847,850:0.679272,883:3.818711,932:3.326234",0.0
F047,"know,vote,expert,claim,course,drug,republican,—,shocking,claims,miracle,drug,surface,internet","214:3.444017,256:2.884402,281:0.675343,338:0.691153,503:0.691153,616:3.272167,652:3.220874,716:0.671429,779:3.818711,850:0.679272,860:5.440197,914:4.270696,937:3.914021",0.0
F008,"around,generation,take,present,response,attention,all,role,poor,box,development,—,shocking,claims,hoax,surface,internet","103:4.019382,130:3.818711,144:2.387965,197:4.137165,281:0.675343,338:0.691153,350:2.997730,372:4.019382,377:2.605688,445:3.172084,503:0.691153,716:0.671429,850:0.679272,855:3.383393,871:2.720099,922:3.272167,963:3.577549",0.0
F229,"meet,mention,government,new,me,growth,husband,east,system,tree,—,shocking,claims,aliens,surface,internet","208:2.661258,259:2.432416,281:0.675343,320:2.605688,338:0.691153,369:4.830312,503:0.691153,576:4.270696,585:4.019382,650:2.432416,716:0.671429,850:0.679272,871:2.720099,907:4.424847,940:3.577549,996:3.125564",0.0
R001,"spend,list,court,quite,business,worker,purpose,democrat,practice,sit,send,market,customer,thought,standard,experts,discuss,ongoing,developments,research","55:2.884402,56:3.444017,89:3.125564,234:3.577549,280:4.270696,353:3.914021,374:3.731699,413:3.272167,432:2.782619,462:0.691153,506:0.679272,523:4.019382,568:3.577549,614:0.675343,657:3.326234,676:2.782619,687:0.679272,728:2.884402,946:3.444017,967:2.958510",1.0
R241,"health,stuff,top,at,follow,future,recently,mr,beautiful,use,experts,discuss,ongoing,developments,public,health","34:2.782619,133:2.815409,162:5.523459,273:3.272167,328:3.731699,367:3.651657,462:0.691153,488:3.326234,506:0.679272,614:0.675343,647:3.444017,687:0.679272,722:4.270696,770:2.815409,805:5.698621",1.0
R198,"size,measure,back,choose,call,perform,score,experts,discuss,ongoing,developments,climate,change","98:3.444017,146:3.818711,192:4.270696,387:2.661258,430:3.914021,462:0.691153,506:0.679272,528:4.019382,614:0.675343,687:0.679272,706:3.914021,821:2.720099,927:4.137165",1.0
R229,"road,character,kind,grow,cover,represent,tend,experts,discuss,ongoing,developments,research","44:3.220874,104:4.424847,404:3.038552,432:2.782619,462:0.691153,506:0.679272,614:0.675343,687:0.679272,717:3.508556,725:3.577549,810:4.607168,867:4.019382",1.0
R205,"model,probably,front,daughter,foreign,stay,drive,loss,force,improve,light,experts,discuss,ongoing,developments,public,health","102:3.731699,206:3.731699,297:3.220874,325:3.508556,329:4.270696,391:2.527727,408:3.577549,433:2.920769,462:0.691153,504:4.270696,506:0.679272,614:0.675343,623:3.731699,687:0.679272,720:3.272167,770:2.815409,805:2.849310",1.0
F123,"reality,probably,increase,produce,data,move,enough,market,customer,owner,effect,writer,statement,far,nothing,long,someone,let,state,—,shocking,claims,celebrity,scandal,surface,internet","53:3.914021,158:3.818711,267:4.019382,281:0.675343,282:4.424847,292:4.137165,297:3.220874,324:3.651657,338:0.691153,413:3.272167,486:2.661258,503:0.691153,648:3.914021,657:3.326234,671:3.818711,680:3.651657,695:3.731699,716:0.671429,748:4.270696,808:3.651657,817:3.220874,850:0.679272,904:4.019382,906:4.019382,921:2.304583,963:3.577549",0.0
F043,"space,back,store,artist,effort,describe,someone,family,moment,develop,account,toward,development,science,beat,war,line,—,shocking,claims,celebrity,scandal,surface,internet","85:3.125564,182:3.444017,184:2.605688,187:3.818711,188:2.527727,194:4.607168,241:3.220874,281:0.675343,297:3.220874,338:0.691153,363:4.137165,401:3.444017,430:3.914021,486:2.661258,503:0.691153,569:3.508556,671:3.818711,716:0.671429,719:4.137165,726:3.818711,850:0.679272,871:2.720099,921:2.304583,931:3.220874",0.0
F097,"environmental,attack,side,specific,list,ever,take,public,religious,space,—,shocking,claims,celebrity,scandal,surface,internet","27:4.137165,59:3.577549,188:2.527727,281:0.675343,293:3.172084,338:0.691153,486:2.661258,503:0.691153,594:3.172084,693:3.125564,716:0.671429,728:2.884402,770:2.815409,781:3.914021,850:0.679272,855:3.383393,921:2.304583",0.0
R014,"blue,start,affect,mention,popular,main,eye,smile,baby,shoulder,discussion,campaign,blue,experts,discuss,ongoing,developments,research","55:2.884402,148:3.272167,315:4.270696,341:3.326234,348:4.019382,432:2.782619,462:0.691153,506:0.679272,614:0.675343,637:3.914021,675:3.508556,687:0.679272,713:3.508556,756:3.383393,768:7.637422,907:4.424847,996:3.125564",1.0
F005,"charge,town,truth,allow,scene,walk,—,shocking,claims,flat,earth,surface,internet","69:3.577549,142:2.478936,281:0.675343,338:0.691153,503:0.691153,676:2.782619,715:3.651657,716:0.671429,812:4.607168,835:4.019382,844:4.424847,850:0.679272,918:3.038552",0.0
R234,"effect,benefit,various,various,risk,realize,third,individual,mean,person,focus,follow,support,experts,discuss,ongoing,developments,research","217:3.444017,249:3.172084,324:3.651657,367:3.651657,432:2.782619,462:0.691153,506:0.679272,582:4.424847,614:1.350685,647:6.888035,653:3.220874,687:0.679272,771:4.137165,794:4.270696,909:2.997730,931:3.220874",1.0
F143,"class,teach,perhaps,same,set,west,security,tonight,something,reflect,laugh,bring,—,shocking,claims,aliens,surface,internet","7:3.444017,57:3.383393,85:3.125564,98:3.444017,259:2.432416,281:0.675343,321:3.651657,338:0.691153,342:3.444017,389:3.444017,503:0.691153,522:3.444017,634:2.997730,650:2.432416,656:5.117994,716:0.671429,826:3.731699,850:0.679272",0.0
R073,"force,exactly,large,stand,item,experts,discuss,ongoing,developments,economic,growth","22:4.424847,96:4.270696,144:2.387965,320:2.605688,391:2.527727,462:0.691153,506:0.679272,614:0.675343,687:0.679272,886:3.508556,916:4.137165",1.0
R239,"black,letter,cover,director,anyone,perhaps,weight,space,service,buy,world,fight,experts,discuss,ongoing,developments,education","4:4.270696,80:3.444017,104:4.424847,188:2.527727,252:3.038552,259:2.432416,360:4.424847,462:0.691153,506:0.679272,526:3.172084,530:2.246314,564:3.220874,614:0.675343,666:3.577549,687:0.679272,853:3.444017,948:3.818711",1.0
F181,"arm,despite,tell,interesting,seek,those,almost,former,police,skill,—,shocking,claims,aliens,surface,internet","160:3.272167,171:3.172084,281:0.675343,289:4.830312,301:3.038552,338:0.691153,503:0.691153,566:4.019382,634:2.997730,650:2.432416,716:0.671429,850:1.358544,876:2.579020,968:3.081112,984:3.651657",0.0
R138,"production,may,either,voice,attorney,american,plan,guy,senior,probably,great,soon,test,land,rest,experts,discuss,ongoing,developments,election","41:4.019382,94:4.019382,123:3.914021,126:3.577549,132:2.720099,144:2.387965,148:3.272167,160:3.272167,297:3.220874,353:3.914021,462:0.691153,506:0.679272,530:2.246314,586:3.731699,614:0.675343,652:3.220874,687:0.679272,708:3.125564,750:3.444017,853:3.444017",1.0
R172,"today,truth,career,exist,appear,light,scientist,free,anything,begin,new,organization,keep,tv,experts,discuss,ongoing,developments,economic,growth","69:3.577549,73:4.137165,114:4.019382,144:2.387965,182:3.444017,226:3.272167,320:2.605688,364:4.607168,462:0.691153,506:0.679272,513:3.508556,547:4.137165,585:4.019382,594:3.172084,602:3.914021,614:0.675343,687:0.679272,720:3.272167,806:4.424847,930:3.914021",1.0
R143,"life,none,board,hit,seven,year,dark,administration,year,moment,experts,discuss,ongoing,developments,policy","142:2.478936,185:4.607168,252:3.038552,401:3.444017,454:2.849310,462:0.691153,477:3.444017,506:0.679272,614:0.675343,687:0.679272,697:3.125564,831:4.830312,850:0.679272,899:7.637422",1.0
F166,"imagine,anything,expect,away,half,rich,cost,need,election,may,image,push,allow,local,television,produce,threat,beat,toward,behavior,—,shocking,claims,mind,control,surface,internet","70:3.220874,114:4.019382,132:2.720099,160:3.272167,184:2.605688,194:4.607168,208:2.661258,212:3.818711,228:4.137165,281:0.675343,301:3.038552,303:3.508556,338:0.691153,490:4.270696,503:0.691153,537:4.270696,569:3.508556,648:3.914021,691:3.577549,713:3.508556,716:0.671429,735:3.577549,737:4.270696,780:4.830312,835:4.019382,850:0.679272,978:4.270696",0.0
R003,"large,building,share,east,nation,trip,even,side,stuff,option,current,year,experts,discuss,ongoing,developments,budget,report","14:3.731699,22:4.424847,189:3.731699,406:3.577549,462:0.691153,505:2.605688,506:0.679272,576:4.270696,613:3.444017,614:0.675343,687:0.679272,722:4.270696,781:3.914021,782:4.137165,852:3.914021,899:3.818711,947:3.220874,991:2.690246",1.0
R167,"important,defense,one,beat,degree,kid,per,crime,laugh,compare,experts,discuss,ongoing,developments,climate,change","98:3.444017,246:3.731699,298:4.137165,387:2.661258,462:0.691153,506:0.679272,543:2.605688,569:3.508556,614:0.675343,687:0.679272,723:3.577549,731:4.830312,815:3.914021,821:2.720099,943:3.326234,967:2.958510",1.0
R183,"record,movie,consider,oil,modern,campaign,face,scientist,skill,never,including,experts,discuss,ongoing,developments,climate,change","34:2.782619,35:3.731699,226:3.272167,281:0.675343,312:2.750870,334:4.019382,336:4.607168,347:3.081112,387:2.661258,439:4.270696,462:0.691153,506:0.679272,614:0.675343,675:3.508556,687:0.679272,821:2.720099,968:3.081112",1.0
R238,"likely,ten,drug,force,father,skill,pressure,enough,new,experts,discuss,ongoing,developments,technology,breakthrough","20:2.553044,85:3.125564,309:4.270696,391:2.527727,462:0.691153,481:2.478936,506:0.679272,585:4.019382,614:0.675343,661:3.914021,687:0.679272,748:4.270696,800:4.137165,860:2.720099,968:3.081112",1.0
R041,"cost,owner,management,report,pressure,wind,growth,authority,research,brother,pay,take,conference,general,order,present,face,challenge,city,experts,discuss,ongoing,developments,election","34:2.782619,53:3.914021,130:3.818711,132:2.720099,176:3.731699,226:3.272167,241:3.220874,291:3.508556,320:2.605688,432:2.782619,462:0.691153,465:4.607168,490:4.270696,495:3.444017,505:2.605688,506:0.679272,558:3.577549,614:0.675343,657:3.326234,661:3.914021,687:0.679272,855:3.383393,897:3.651657,935:3.914021",1.0
F237,"sport,government,class,low,tell,dog,civil,dream,decision,believe,according,—,shocking,claims,government,cover-up,surface,internet","7:3.444017,193:4.607168,259:4.864833,278:4.270696,281:0.675343,338:0.691153,366:4.424847,411:3.444017,503:0.691153,533:4.137165,564:6.441748,593:3.818711,716:0.671429,813:2.997730,850:1.358544",0.0
R086,"standard,father,cell,military,involve,require,song,peace,reality,experts,discuss,ongoing,developments,research","210:4.019382,271:3.914021,350:2.997730,432:2.782619,449:4.137165,462:0.691153,506:0.679272,614:0.675343,680:3.651657,687:0.679272,697:3.125564,800:4.137165,877:4.137165,967:2.958510",1.0
R240,"important,station,institution,lay,close,question,city,history,cut,high,trial,people,size,shoulder,parent,experts,discuss,ongoing,developments,policy","116:3.651657,142:2.478936,192:4.270696,206:3.731699,243:3.383393,263:3.577549,410:4.607168,415:3.272167,462:0.691153,475:3.220874,495:3.444017,497:3.444017,506:0.679272,543:2.605688,614:0.675343,687:0.679272,756:3.383393,932:3.326234,947:3.220874,967:2.958510",1.0
R133,"throw,alone,eye,official,special,door,begin,station,perhaps,without,article,hair,eight,low,experts,discuss,ongoing,developments,public,health","43:3.731699,55:2.884402,259:2.432416,325:3.508556,341:3.326234,411:3.444017,415:3.272167,462:0.691153,482:4.137165,485:2.997730,492:3.444017,506:0.679272,513:3.508556,614:0.675343,664:3.651657,687:0.679272,702:3.818711,770:2.815409,805:2.849310,847:4.424847",1.0
F044,"option,property,though,program,much,often,kind,marriage,court,bit,increase,feeling,anything,even,—,shocking,claims,hoax,surface,internet","7:3.444017,44:3.220874,114:4.019382,229:4.424847,281:0.675343,338:0.691153,377:2.605688,385:3.818711,406:3.577549,503:0.691153,524:3.508556,568:3.577549,573:3.731699,613:6.888035,716:0.671429,733:4.019382,850:0.679272,963:3.577549,989:3.731699",0.0
F125,"become,tonight,list,reason,study,perform,office,get,much,development,—,shocking,claims,government,cover-up,surface,internet","90:4.270696,98:3.444017,224:3.444017,259:2.432416,281:0.675343,338:0.691153,344:3.731699,389:3.444017,426:4.270696,503:0.691153,524:3.508556,716:0.671429,728:2.884402,813:2.997730,850:0.679272,871:2.720099,944:3.326234",0.0
F165,"pattern,meet,parent,question,market,arm,involve,human,sort,marriage,note,cut,available,—,shocking,claims,secret,cure,surface,internet","206:3.731699,229:4.424847,271:3.914021,281:0.675343,303:3.508556,338:0.691153,475:3.220874,503:0.691153,617:3.125564,657:3.326234,716:0.671429,720:3.272167,747:2.553044,850:0.679272,892:2.553044,909:2.997730,932:3.326234,940:3.577549,947:3.220874,984:3.651657",0.0
F137,"service,fill,reality,task,turn,bed,choose,seat,friend,few,old,mean,learn,—,shocking,claims,flat,earth,surface,internet","47:4.019382,83:3.818711,252:3.038552,281:0.675343,338:0.691153,451:3.081112,488:3.326234,497:3.444017,503:0.691153,676:2.782619,680:3.651657,706:3.914021,716:0.671429,727:4.270696,850:0.679272,886:3.508556,909:2.997730,918:3.038552,960:4.270696,967:2.958510",0.0
R088,"half,always,inside,serious,activity,news,democrat,population,home,simple,stop,generation,person,away,send,head,born,save,hard,send,occur,my,experts,discuss,ongoing,developments,research","11:4.607168,64:3.914021,66:2.527727,110:3.651657,117:3.731699,125:4.830312,234:3.577549,249:3.172084,258:3.577549,365:4.137165,432:2.782619,433:2.920769,462:0.691153,506:0.679272,520:4.019382,523:8.038763,545:3.914021,568:3.577549,614:0.675343,687:0.679272,737:4.270696,780:4.830312,796:4.019382,913:3.272167,921:2.304583,963:3.577549",1.0
R169,"movement,apply,major,reduce,customer,among,might,someone,already,practice,conference,part,change,experts,discuss,ongoing,developments,technology,breakthrough","20:2.553044,58:3.731699,159:3.383393,280:4.270696,294:4.270696,312:2.750870,362:4.424847,387:2.661258,413:3.272167,462:0.691153,481:2.478936,506:0.679272,594:3.172084,614:0.675343,657:3.326234,671:3.818711,687:0.679272,740:4.019382,924:3.731699",1.0
R193,"north,range,anything,young,third,might,explain,picture,say,name,institution,expect,situation,person,very,experts,discuss,ongoing,developments,technology,breakthrough","15:2.920769,20:2.553044,114:4.019382,136:4.424847,165:4.270696,243:3.383393,249:3.172084,341:3.326234,462:0.691153,481:4.957873,506:0.679272,614:0.675343,687:0.679272,691:3.577549,771:4.137165,778:4.270696,809:4.019382,862:3.914021,924:3.731699,944:3.326234",1.0
F247,"watch,program,say,citizen,shake,area,nature,air,mother,without,pass,house,call,project,daughter,guess,rather,baby,cup,argue,—,shocking,claims,mind,control,surface,internet","8:4.607168,43:3.731699,59:3.577549,88:4.607168,146:3.818711,180:3.914021,184:2.605688,208:2.661258,230:4.019382,281:0.675343,338:0.691153,348:4.019382,354:3.508556,392:3.818711,503:0.691153,573:3.731699,611:3.444017,623:3.731699,649:3.577549,660:3.731699,708:3.125564,716:0.671429,730:4.424847,836:3.444017,837:4.270696,850:0.679272,862:3.914021",0.0
R179,"listen,watch,ten,every,case,recently,green,experts,discuss,ongoing,developments,technology,breakthrough","20:2.553044,34:2.782619,85:3.125564,342:3.444017,429:3.818711,462:0.691153,481:2.478936,506:0.679272,551:4.270696,614:0.675343,681:2.661258,687:0.679272,708:3.125564",1.0
F138,"management,test,mother,check,television,environmental,hand,southern,yet,community,these,—,shocking,claims,immortal,jellyfish,surface,internet","27:4.137165,37:4.137165,66:2.527727,174:4.424847,241:3.220874,263:3.577549,281:0.675343,338:0.691153,354:3.508556,423:3.731699,503:0.691153,586:3.731699,713:3.508556,716:0.671429,743:3.818711,850:0.679272,876:2.579020,901:3.914021",0.0
R017,"attention,return,per,section,process,important,hotel,fact,character,everyone,hit,likely,news,travel,thought,large,experts,discuss,ongoing,developments,policy","22:4.424847,40:3.577549,55:2.884402,142:2.478936,144:2.387965,215:4.270696,252:3.038552,298:4.137165,309:4.270696,433:2.920769,462:0.691153,506:0.679272,614:0.675343,635:3.383393,663:4.270696,681:2.661258,687:0.679272,867:4.019382,893:4.137165,967:2.958510,968:3.081112",1.0
F090,"five,democratic,different,question,reflect,prove,particular,letter,nice,city,various,station,sometimes,get,reality,usually,parent,—,shocking,claims,mind,control,surface,internet","184:2.605688,208:2.661258,214:3.444017,281:0.675343,321:3.651657,338:0.691153,370:3.272167,415:3.272167,426:4.270696,495:3.444017,503:0.691153,564:3.220874,606:3.508556,647:3.444017,680:3.651657,683:3.914021,716:0.671429,850:0.679272,869:3.508556,932:3.326234,947:3.220874,974:3.577549,984:3.651657,990:4.607168",0.0
F222,"style,listen,camera,personal,stop,price,require,power,stay,turn,similar,whom,—,shocking,claims,mind,control,surface,internet","0:3.577549,46:4.019382,56:3.444017,184:2.605688,208:2.661258,281:0.675343,338:0.691153,429:3.818711,433:2.920769,449:4.137165,503:0.691153,650:2.432416,716:0.671429,738:4.019382,796:4.019382,850:0.679272,886:3.508556,939:3.818711,985:5.523459",0.0
R114,"light,four,instead,opportunity,mrs,sort,magazine,experts,discuss,ongoing,developments,climate,change","243:3.383393,387:2.661258,413:3.272167,462:0.691153,506:0.679272,527:3.172084,614:0.675343,687:0.679272,720:6.544334,751:4.019382,821:2.720099,976:4.270696",1.0
F235,"professional,set,issue,according,usually,either,good,seek,wife,get,become,different,side,build,anyone,affect,student,body,—,shocking,claims,celebrity,scandal,surface,internet","14:3.731699,21:3.383393,55:2.884402,90:4.270696,126:3.577549,155:4.019382,168:4.270696,171:3.172084,281:0.675343,338:0.691153,342:3.444017,426:4.270696,486:2.661258,503:0.691153,536:4.607168,564:3.220874,616:3.272167,666:3.577549,683:3.914021,716:0.671429,781:3.914021,841:4.137165,850:0.679272,921:2.304583,990:4.607168",0.0
F185,"research,woman,girl,nation,for,—,shocking,claims,hoax,surface,internet","14:3.731699,29:4.424847,281:0.675343,338:0.691153,344:3.731699,377:2.605688,432:2.782619,503:0.691153,563:4.137165,716:0.671429,850:0.679272",0.0
F221,"first,program,effect,law,four,democrat,finally,officer,serve,rest,writer,its,—,shocking,claims,flat,earth,surface,internet","234:3.577549,243:3.383393,281:0.675343,324:3.651657,338:0.691153,403:2.958510,503:0.691153,573:3.731699,667:4.830312,676:2.782619,696:3.914021,708:3.125564,716:0.671429,725:3.577549,817:3.220874,850:0.679272,906:4.019382,918:3.038552,979:3.577549",0.0
F054,"drug,without,compare,democratic,level,different,paper,camera,leave,power,behind,when,—,shocking,claims,secret,cure,surface,internet","43:3.731699,56:3.444017,76:5.523459,246:3.731699,281:0.675343,338:0.691153,346:3.326234,499:4.424847,503:0.691153,606:3.508556,650:2.432416,683:3.914021,690:4.424847,716:0.671429,747:2.553044,850:0.679272,860:2.720099,892:2.553044,913:3.272167",0.0
R000,"really,attorney,board,detail,join,subject,expert,five,experts,discuss,ongoing,developments,public,health","112:3.731699,143:4.137165,454:2.849310,462:0.691153,506:0.679272,614:0.675343,655:4.019382,687:0.679272,770:2.815409,805:2.849310,853:3.444017,914:4.270696,952:4.270696,974:3.577549",1.0
R178,"condition,expect,deep,single,experience,east,building,hear,election,experts,discuss,ongoing,developments,budget,report","132:2.720099,328:3.731699,462:0.691153,505:2.605688,506:0.679272,576:4.270696,614:0.675343,635:3.383393,687:0.679272,691:3.577549,762:4.137165,842:3.818711,852:3.914021,889:4.137165,991:2.690246",1.0
F006,"involve,sell,role,member,collection,artist,friend,respond,sit,—,shocking,claims,hoax,surface,internet","209:3.383393,271:3.914021,281:0.675343,338:0.691153,350:2.997730,377:2.605688,485:2.997730,488:3.326234,500:4.270696,503:0.691153,716:0.671429,790:3.508556,850:0.679272,931:3.220874,946:3.444017",0.0
F174,"state,wonder,lot,address,head,successful,relationship,individual,high,—,shocking,claims,secret,cure,surface,internet","64:3.914021,116:3.651657,260:4.137165,281:0.675343,338:0.691153,454:2.849310,503:0.691153,614:0.675343,659:4.137165,716:0.671429,723:3.577549,747:2.553044,808:3.651657,850:0.679272,892:2.553044,943:3.326234",0.0
R009,"scientist,star,billion,game,popular,gun,style,continue,difference,traditional,be,experts,discuss,ongoing,developments,election","0:3.577549,132:2.720099,148:3.272167,170:3.577549,226:3.272167,258:3.577549,313:4.137165,462:0.691153,486:2.661258,506:0.679272,614:0.675343,687:0.679272,743:3.818711,855:3.383393,866:3.731699,975:4.137165",1.0
R122,"catch,campaign,charge,black,store,throw,memory,whatever,care,yard,old,experts,discuss,ongoing,developments,economic,growth","83:3.818711,144:2.387965,184:2.605688,310:4.607168,320:2.605688,325:3.508556,424:3.818711,462:0.691153,506:0.679272,614:0.675343,675:3.508556,687:0.679272,695:3.731699,812:4.607168,941:3.914021,948:3.818711,949:3.220874",1.0
F189,"day,reduce,night,collection,stock,support,away,vote,sell,reduce,tough,might,rest,six,pass,—,shocking,claims,immortal,jellyfish,surface,internet","66:2.527727,133:2.815409,159:6.766786,209:3.383393,214:3.444017,217:3.444017,281:0.675343,338:0.691153,392:3.818711,401:3.444017,447:2.849310,485:2.997730,503:0.691153,708:3.125564,716:0.671429,737:4.270696,793:3.914021,850:0.679272,869:3.508556,876:2.579020,924:3.731699",0.0
R146,"purpose,design,letter,maybe,market,respond,reflect,experts,discuss,ongoing,developments,technology,breakthrough","20:2.553044,89:3.125564,321:3.651657,462:0.691153,481:2.478936,500:4.270696,506:0.679272,564:3.220874,614:0.675343,657:3.326234,687:0.679272,818:3.818711,922:3.272167",1.0
R022,"center,add,firm,certainly,doctor,soon,run,beat,born,leg,teacher,become,management,mind,experts,discuss,ongoing,developments,climate,change","41:4.019382,90:4.270696,184:2.605688,241:3.220874,266:4.019382,290:4.137165,387:2.661258,462:0.691153,480:4.270696,506:0.679272,545:3.914021,569:3.508556,614:0.675343,673:3.651657,687:0.679272,708:3.125564,777:4.607168,821:2.720099,887:3.914021,894:4.607168",1.0
F177,"defense,argue,late,lot,various,grow,good,century,bed,risk,face,list,argue,determine,bag,draw,—,shocking,claims,aliens,surface,internet","34:2.782619,79:3.914021,167:4.607168,168:4.270696,281:0.675343,338:0.691153,404:3.038552,415:3.272167,497:3.444017,503:0.691153,543:2.605688,647:3.444017,650:2.432416,716:0.671429,728:2.884402,730:8.849693,734:4.270696,794:4.270696,841:4.137165,850:0.679272,943:3.326234",0.0
F021,"somebody,option,news,brother,son,management,interest,bank,prepare,tree,nothing,ready,—,shocking,claims,secret,cure,surface,internet","70:3.220874,89:3.125564,209:3.383393,241:3.220874,281:0.675343,286:3.508556,291:3.508556,292:4.137165,338:0.691153,433:2.920769,503:0.691153,557:3.383393,613:3.444017,716:0.671429,747:2.553044,850:0.679272,871:2.720099,892:2.553044,982:4.607168",0.0
R039,"around,worker,clear,move,beyond,herself,appear,south,two,nation,daughter,view,trouble,able,significant,experts,discuss,ongoing,developments,economic,growth","14:3.731699,80:3.444017,144:2.387965,182:3.444017,197:4.137165,282:4.424847,293:3.172084,320:2.605688,462:0.691153,496:4.607168,506:0.679272,552:3.914021,611:3.444017,614:0.675343,623:3.731699,676:2.782619,687:0.679272,728:2.884402,816:2.958510,900:3.818711,909:2.997730",1.0
F061,"rise,answer,top,better,fish,learn,either,product,life,top,suddenly,—,shocking,claims,miracle,drug,surface,internet","126:3.577549,256:2.884402,281:0.675343,328:7.463399,338:0.691153,376:3.914021,447:2.849310,477:3.444017,503:0.691153,543:2.605688,581:3.818711,619:3.731699,716:0.671429,816:2.958510,850:0.679272,860:2.720099,967:2.958510",0.0
R057,"across,bring,compare,although,experts,discuss,ongoing,developments,technology,breakthrough","20:2.553044,57:3.383393,74:3.914021,246:3.731699,462:0.691153,481:2.478936,506:0.679272,614:0.675343,687:0.679272,779:3.818711",1.0
F154,"believe,course,official,month,service,management,travel,rate,adult,party,account,necessary,second,ability,minute,different,attention,hundred,action,participant,—,shocking,claims,immortal,jellyfish,surface,internet","66:2.527727,72:4.607168,144:2.387965,175:3.818711,187:3.818711,241:3.220874,252:3.038552,253:3.914021,256:2.884402,281:0.675343,338:0.691153,357:4.019382,379:3.731699,396:3.731699,485:2.997730,503:0.691153,533:4.137165,633:3.383393,652:3.220874,681:5.322516,683:3.914021,716:0.671429,741:3.818711,850:0.679272,876:2.579020,979:3.577549",0.0
F052,"fast,piece,defense,field,century,north,teach,treatment,establish,front,—,shocking,claims,mind,control,surface,internet","15:2.920769,74:3.914021,133:2.815409,184:2.605688,208:2.661258,263:3.577549,281:0.675343,338:0.691153,503:0.691153,504:4.270696,522:3.444017,543:2.605688,716:0.671429,778:4.270696,841:4.137165,850:0.679272,923:3.577549",0.0
F124,"win,nice,so,nice,officer,three,—,shocking,claims,flat,earth,surface,internet","281:0.675343,338:0.691153,370:6.544334,398:4.019382,403:2.958510,503:0.691153,676:2.782619,696:3.914021,716:0.671429,850:0.679272,918:3.038552,925:3.326234",0.0
R071,"live,town,night,represent,material,event,consumer,music,democrat,daughter,realize,assume,environmental,american,though,type,ball,not,experts,discuss,ongoing,developments,budget,report","27:4.137165,231:4.270696,234:3.577549,370:3.272167,385:3.818711,405:5.523459,462:0.691153,475:3.220874,492:3.444017,493:4.137165,505:2.605688,506:0.679272,526:3.172084,582:4.424847,614:0.675343,623:3.731699,652:3.220874,664:3.651657,687:0.679272,715:3.651657,717:3.508556,728:2.884402,869:3.508556,991:2.690246",1.0
R152,"truth,time,his,class,call,teacher,sign,rest,write,operation,practice,similar,door,late,leave,structure,experts,discuss,ongoing,developments,budget,report","7:3.444017,46:4.019382,69:3.577549,79:3.914021,146:3.818711,157:3.508556,280:4.270696,445:3.172084,462:0.691153,505:2.605688,506:0.679272,614:0.675343,687:0.679272,708:6.251127,756:3.383393,840:4.424847,847:4.424847,913:3.272167,922:3.272167,991:2.690246,996:3.125564",1.0
F038,"congress,wall,analysis,month,design,share,take,agency,begin,avoid,apply,alone,among,region,deep,cultural,—,shocking,claims,mind,control,surface,internet","159:3.383393,184:2.605688,208:2.661258,233:4.019382,281:0.675343,296:4.137165,312:2.750870,338:0.691153,362:4.424847,388:3.731699,404:3.038552,492:3.444017,503:0.691153,513:3.508556,716:0.671429,728:2.884402,741:3.818711,762:4.137165,765:4.270696,850:0.679272,855:3.383393,922:3.272167,947:3.220874",0.0
F101,"coach,protect,avoid,—,shocking,claims,immortal,jellyfish,surface,internet","66:2.527727,235:3.383393,281:0.675343,338:0.691153,388:3.731699,503:0.691153,514:4.424847,716:0.671429,850:0.679272,876:2.579020",0.0
F203,"month,teach,several,feeling,anyone,occur,edge,go,american,concern,—,shocking,claims,celebrity,scandal,surface,internet","227:4.607168,281:0.675343,338:0.691153,451:3.081112,486:2.661258,503:0.691153,522:3.444017,613:3.444017,652:3.220874,666:3.577549,716:0.671429,741:3.818711,850:0.679272,921:6.913749,968:3.081112",0.0
F192,"produce,possible,subject,pass,meet,voice,low,mouth,business,war,where,—,shocking,claims,government,cover-up,surface,internet","100:3.818711,259:2.432416,281:0.675343,338:0.691153,374:3.731699,392:3.818711,411:3.444017,497:3.444017,503:0.691153,530:2.246314,648:3.914021,655:4.019382,716:0.671429,718:4.830312,719:4.137165,813:2.997730,850:0.679272,940:3.577549",0.0
R189,"run,much,term,choose,address,hair,benefit,professor,among,really,organization,light,ago,impact,middle,experts,discuss,ongoing,developments,climate,change","112:3.731699,188:2.527727,266:4.019382,362:4.424847,364:4.607168,387:2.661258,454:2.849310,462:0.691153,506:0.679272,524:3.508556,543:2.605688,614:0.675343,653:3.220874,664:3.651657,687:0.679272,706:3.914021,720:3.272167,821:2.720099,878:3.818711,896:4.019382,972:3.914021",1.0
R098,"public,mr,establish,individual,future,five,write,weight,join,issue,sit,fear,officer,mind,site,use,president,late,experts,discuss,ongoing,developments,election","4:4.270696,79:3.914021,132:2.720099,133:2.815409,184:2.605688,306:3.914021,445:3.172084,462:0.691153,488:3.326234,506:0.679272,513:3.508556,614:1.350685,616:3.272167,647:3.444017,687:0.679272,696:3.914021,770:2.815409,891:4.270696,923:3.577549,946:3.444017,952:4.270696,974:3.577549",1.0
R149,"tend,candidate,choose,knowledge,public,hear,lay,experts,discuss,ongoing,developments,economic,growth","144:2.387965,320:2.605688,358:3.731699,462:0.691153,475:3.220874,506:0.679272,614:0.675343,687:0.679272,706:3.914021,770:2.815409,810:4.607168,842:3.818711,864:4.137165",1.0
R046,"huge,turn,family,light,stand,yeah,stay,culture,fear,floor,baby,site,year,offer,send,early,experts,discuss,ongoing,developments,education","92:4.019382,198:4.270696,249:3.172084,297:3.220874,319:3.651657,348:4.019382,433:2.920769,462:0.691153,506:0.679272,513:3.508556,523:4.019382,530:2.246314,614:0.675343,645:4.137165,687:0.679272,720:3.272167,886:7.017112,891:4.270696,899:3.818711,958:3.731699",1.0
F055,"yes,participant,between,stuff,town,product,someone,item,fear,stuff,mission,let,long,step,standard,—,shocking,claims,hoax,surface,internet","44:3.220874,69:3.577549,216:5.523459,267:4.019382,281:0.675343,338:0.691153,377:2.605688,396:3.731699,447:2.849310,503:0.691153,513:3.508556,558:3.577549,671:3.818711,715:3.651657,716:0.671429,722:8.541392,850:0.679272,904:4.019382,916:4.137165,967:2.958510",0.0
F159,"board,business,value,true,change,budget,something,class,open,data,test,—,shocking,claims,flat,earth,surface,internet","7:3.444017,188:2.527727,281:0.675343,338:0.691153,374:3.731699,387:2.661258,403:2.958510,454:2.849310,503:0.691153,586:3.731699,676:2.782619,695:3.731699,716:0.671429,783:3.326234,826:3.731699,850:0.679272,918:3.038552,991:2.690246",0.0
F083,"test,natural,sing,middle,home,we,security,probably,—,shocking,claims,secret,cure,surface,internet","281:0.675343,297:3.220874,338:0.691153,365:4.137165,451:3.081112,503:0.691153,586:3.731699,588:3.731699,634:2.997730,716:0.671429,747:2.553044,850:0.679272,878:3.818711,892:2.553044,988:3.731699",0.0
R109,"near,true,idea,pull,late,church,feeling,mouth,course,various,effort,wear,certainly,feeling,lay,authority,experts,discuss,ongoing,developments,education","79:3.914021,176:3.731699,188:2.527727,273:3.272167,462:0.691153,475:3.220874,497:3.444017,506:0.679272,530:2.246314,581:3.818711,597:4.424847,613:6.888035,614:0.675343,647:3.444017,652:3.220874,673:3.651657,687:0.679272,726:3.818711,958:3.731699,974:3.577549",1.0
R102,"radio,author,behind,daughter,program,include,stage,bag,right,realize,something,experts,discuss,ongoing,developments,climate,change","30:3.577549,86:4.830312,346:3.326234,350:2.997730,387:2.661258,415:3.272167,462:0.691153,506:0.679272,573:3.731699,582:4.424847,614:0.675343,623:3.731699,687:0.679272,790:3.508556,821:2.720099,826:3.731699,953:3.914021",1.0
R060,"happy,military,standard,window,heart,story,success,sea,value,stop,approach,plan,only,experts,discuss,ongoing,developments,election","95:3.914021,123:3.914021,132:2.720099,347:3.081112,403:5.917019,462:0.691153,506:0.679272,614:0.675343,617:3.125564,687:0.679272,796:4.019382,808:3.651657,828:4.830312,855:3.383393,877:4.137165,899:3.818711,967:2.958510",1.0
F085,"religious,brother,maintain,religious,issue,glass,part,travel,middle,benefit,floor,program,want,life,project,character,thus,yeah,style,—,shocking,claims,secret,cure,surface,internet","0:3.577549,230:4.019382,247:4.424847,249:3.172084,281:0.675343,291:3.508556,293:6.344167,319:3.651657,338:0.691153,477:3.444017,503:0.691153,573:3.731699,616:3.272167,653:3.220874,681:2.661258,684:3.818711,712:3.125564,716:0.671429,740:4.019382,747:2.553044,850:0.679272,867:4.019382,878:3.818711,892:2.553044,932:3.326234",0.0
F188,"meeting,us,real,want,station,responsibility,letter,go,make,open,despite,entire,management,south,always,almost,—,shocking,claims,hoax,surface,internet","11:4.607168,20:2.553044,241:3.220874,281:0.675343,301:3.038552,338:0.691153,377:2.605688,415:3.272167,451:3.081112,502:3.508556,503:0.691153,525:3.577549,564:3.220874,566:4.019382,660:3.731699,691:3.577549,712:3.125564,716:0.671429,783:3.326234,816:2.958510,824:3.914021,850:0.679272",0.0
F131,"room,eye,smile,coach,machine,figure,let,show,kid,piece,cold,technology,ability,adult,quite,—,shocking,claims,hoax,surface,internet","19:4.607168,20:2.553044,40:3.577549,56:3.444017,72:4.607168,110:3.651657,133:2.815409,267:4.019382,281:0.675343,338:0.691153,341:3.326234,377:2.605688,494:4.019382,503:0.691153,514:4.424847,681:2.661258,713:3.508556,716:0.671429,723:3.577549,850:0.679272,920:4.607168",0.0
R202,"party,list,simple,perhaps,doctor,put,bar,we,experts,discuss,ongoing,developments,public,health","259:2.432416,332:3.272167,379:3.731699,462:0.691153,506:0.679272,588:3.731699,614:0.675343,687:0.679272,728:2.884402,770:2.815409,777:4.607168,805:2.849310,871:2.720099,913:3.272167",1.0
F111,"claim,night,stock,serious,a,benefit,without,pass,power,there,—,shocking,claims,celebrity,scandal,surface,internet","43:3.731699,56:3.444017,117:3.731699,281:0.675343,338:0.691153,392:3.818711,467:5.117994,486:2.661258,503:0.691153,653:3.220874,714:4.270696,716:0.671429,793:3.914021,850:0.679272,869:3.508556,921:2.304583,937:3.914021",0.0
R151,"effort,employee,issue,into,happy,let,building,effect,organization,mission,imagine,pressure,experts,discuss,ongoing,developments,policy","69:3.577549,142:2.478936,267:4.019382,301:3.038552,324:3.651657,347:3.081112,364:4.607168,462:0.691153,506:0.679272,548:4.424847,614:0.675343,616:3.272167,661:3.914021,687:0.679272,726:3.818711,852:3.914021,891:4.270696",1.0
F058,"manage,throw,human,month,treatment,magazine,situation,often,expert,five,—,shocking,claims,government,cover-up,surface,internet","7:3.444017,15:2.920769,136:4.424847,259:2.432416,281:0.675343,303:3.508556,325:3.508556,338:0.691153,413:3.272167,503:0.691153,716:0.671429,741:3.818711,813:2.997730,850:0.679272,883:3.818711,914:4.270696,974:3.577549",0.0
R164,"upon,buy,today,continue,sing,eye,six,experts,discuss,ongoing,developments,education","80:3.444017,341:3.326234,401:3.444017,451:3.081112,462:0.691153,506:0.679272,530:2.246314,614:0.675343,687:0.679272,735:3.577549,743:3.818711,806:4.424847",1.0
F242,"national,since,discover,matter,already,sit,pull,together,growth,whose,even,—,shocking,claims,celebrity,scandal,surface,internet","170:3.577549,281:0.675343,287:4.137165,312:2.750870,320:2.605688,338:0.691153,402:3.577549,406:3.577549,486:2.661258,503:0.691153,539:4.270696,594:3.172084,597:4.424847,716:0.671429,850:0.679272,910:4.019382,921:2.304583,946:3.444017",0.0
F064,"spring,organization,either,beat,note,structure,focus,happy,defense,hold,determine,tonight,—,shocking,claims,mind,control,surface,internet","126:3.577549,184:2.605688,208:2.661258,281:0.675343,338:0.691153,347:3.081112,364:4.607168,389:6.888035,503:0.691153,543:2.605688,569:3.508556,644:4.137165,716:0.671429,734:4.270696,850:0.679272,909:2.997730,931:3.220874,996:3.125564",0.0
R228,"yeah,final,reveal,pressure,standard,experts,discuss,ongoing,developments,education","249:3.172084,462:0.691153,506:0.679272,507:4.270696,530:2.246314,614:0.675343,653:3.220874,661:3.914021,687:0.679272,967:2.958510",1.0
R210,"speak,song,knowledge,billion,available,year,industry,special,cell,become,majority,make,feeling,hit,type,several,teacher,left,note,increase,night,experts,discuss,ongoing,developments,economic,growth","10:4.019382,55:2.884402,90:4.270696,144:2.387965,210:4.019382,227:4.607168,244:3.508556,252:3.038552,258:3.577549,320:2.605688,350:2.997730,462:0.691153,475:3.220874,506:0.679272,525:3.577549,526:3.172084,613:3.444017,614:0.675343,662:4.270696,687:0.679272,708:3.125564,732:3.914021,864:4.137165,869:3.508556,899:3.818711,909:2.997730,963:3.577549",1.0
R156,"someone,budget,current,section,field,already,think,experts,discuss,ongoing,developments,policy","74:3.914021,142:2.478936,189:3.731699,335:3.508556,462:0.691153,506:0.679272,594:3.172084,614:0.675343,671:3.818711,687:0.679272,968:3.081112,991:2.690246",1.0
R192,"cold,manage,growth,eat,drop,clear,discuss,perhaps,daughter,sense,pattern,day,maintain,season,loss,quickly,nothing,million,prevent,character,experts,discuss,ongoing,developments,climate,change","133:2.815409,247:4.424847,252:3.038552,259:2.432416,276:3.508556,292:4.137165,320:2.605688,329:4.270696,358:3.731699,387:2.661258,391:2.527727,447:2.849310,462:0.691153,506:0.679272,577:4.270696,611:3.444017,614:1.350685,617:3.125564,623:3.731699,651:4.607168,687:0.679272,821:2.720099,867:4.019382,883:3.818711,920:4.607168",1.0
F102,"positive,buy,central,anything,democrat,model,hundred,product,phone,act,—,shocking,claims,government,cover-up,surface,internet","1:4.270696,80:3.444017,102:3.731699,114:4.019382,175:3.818711,234:3.577549,259:2.432416,281:0.675343,338:0.691153,447:2.849310,503:0.691153,626:4.270696,716:0.671429,813:2.997730,850:0.679272,928:6.888035",0.0
R237,"little,teach,plan,rather,outside,wide,reach,every,figure,analysis,perform,benefit,accept,suggest,feeling,figure,bad,glass,pull,experts,discuss,ongoing,developments,election","98:3.444017,110:7.303313,123:3.914021,132:2.720099,296:4.137165,386:4.019382,462:0.691153,506:0.679272,522:3.444017,568:3.577549,590:4.830312,597:4.424847,613:3.444017,614:0.675343,653:3.220874,657:3.326234,681:2.661258,687:0.679272,816:2.958510,836:3.444017,837:4.270696,932:3.326234,956:3.731699",1.0
F015,"figure,item,recent,box,coach,end,film,walk,call,reach,someone,process,civil,see,quite,huge,interview,—,shocking,claims,immortal,jellyfish,surface,internet","3:5.117994,35:3.731699,40:3.577549,56:3.444017,66:2.527727,110:3.651657,142:2.478936,146:3.818711,198:4.270696,281:0.675343,338:0.691153,354:3.508556,386:4.019382,453:4.270696,503:0.691153,514:4.424847,591:4.270696,593:3.818711,671:3.818711,716:0.671429,850:0.679272,876:2.579020,916:4.137165,922:3.272167",0.0
F020,"heavy,manager,away,turn,despite,study,red,technology,mind,speech,leave,beat,style,read,add,bill,—,shocking,claims,celebrity,scandal,surface,internet","0:3.577549,20:2.553044,52:4.424847,135:3.508556,184:2.605688,224:3.444017,281:0.675343,301:3.038552,338:0.691153,486:2.661258,502:3.508556,503:0.691153,569:3.508556,650:2.432416,652:3.220874,716:0.671429,737:4.270696,850:0.679272,886:3.508556,887:3.914021,913:3.272167,921:2.304583,949:3.220874",0.0
R083,"reflect,though,young,economy,agent,floor,grow,art,such,experts,discuss,ongoing,developments,election","16:4.830312,132:2.720099,217:3.444017,272:5.117994,319:3.651657,321:3.651657,385:3.818711,404:3.038552,462:0.691153,506:0.679272,614:0.675343,687:0.679272,809:4.019382,854:4.830312",1.0
F035,"question,enjoy,sit,improve,exist,full,occur,way,husband,back,—,shocking,claims,hoax,surface,internet","208:2.661258,281:0.675343,338:0.691153,377:2.605688,391:2.527727,408:3.577549,430:3.914021,503:0.691153,602:3.914021,716:0.671429,805:2.849310,850:0.679272,897:3.651657,921:2.304583,946:3.444017,947:3.220874",0.0
R082,"type,enjoy,section,together,message,role,suddenly,picture,travel,experts,discuss,ongoing,developments,budget,report","312:2.750870,350:2.997730,462:0.691153,481:2.478936,505:2.605688,506:0.679272,526:3.172084,581:3.818711,614:0.675343,681:2.661258,687:0.679272,715:3.651657,805:2.849310,968:3.081112,991:2.690246",1.0
F114,"talk,major,leader,value,—,shocking,claims,mind,control,surface,internet","58:3.731699,184:2.605688,208:2.661258,281:0.675343,338:0.691153,403:2.958510,503:0.691153,526:3.172084,716:0.671429,850:0.679272,925:3.326234",0.0
F179,"population,born,cause,quite,specific,pressure,design,number,page,art,individual,evidence,one,member,—,shocking,claims,secret,cure,surface,internet","54:4.270696,56:3.444017,59:3.577549,258:3.577549,281:0.675343,316:3.818711,338:0.691153,503:0.691153,519:3.818711,545:3.914021,614:0.675343,661:3.914021,716:0.671429,747:2.553044,790:3.508556,815:3.914021,827:4.137165,850:0.679272,854:4.830312,892:2.553044,922:3.272167",0.0
F026,"life,kid,yes,capital,ready,represent,say,clearly,continue,represent,fast,change,—,shocking,claims,celebrity,scandal,surface,internet","44:3.220874,238:3.731699,263:3.577549,281:0.675343,338:0.691153,387:2.661258,477:3.444017,486:2.661258,503:0.691153,541:4.137165,557:3.383393,716:0.671429,717:7.017112,723:3.577549,743:3.818711,850:0.679272,862:3.914021,921:2.304583",0.0
R217,"democratic,inside,sort,growth,hundred,else,training,language,source,become,line,federal,six,support,four,walk,offer,experts,discuss,ongoing,developments,election","34:2.782619,66:2.527727,90:4.270696,132:2.720099,142:2.478936,175:3.818711,182:3.444017,217:3.444017,243:3.383393,320:2.605688,401:3.444017,462:0.691153,506:0.679272,538:3.731699,606:3.508556,614:0.675343,633:3.383393,687:0.679272,716:0.671429,720:3.272167,721:4.019382,958:3.731699",1.0
F009,"fact,tonight,sometimes,hear,most,hour,possible,run,cause,remain,everything,later,energy,summer,series,—,shocking,claims,celebrity,scandal,surface,internet","100:3.818711,156:4.137165,205:4.607168,215:4.270696,266:4.019382,281:0.675343,307:4.424847,316:3.818711,338:0.691153,389:3.444017,463:4.137165,481:2.478936,486:2.661258,503:0.691153,527:3.172084,560:3.914021,716:0.671429,770:2.815409,842:3.818711,850:0.679272,869:3.508556,921:2.304583",0.0
F240,"nature,financial,edge,conference,shake,soon,consumer,take,—,shocking,claims,aliens,surface,internet","41:4.019382,180:3.914021,281:0.675343,338:0.691153,407:4.137165,475:3.220874,503:0.691153,611:3.444017,650:2.432416,657:3.326234,716:0.671429,850:0.679272,855:3.383393,921:2.304583",0.0
R216,"direction,require,kitchen,experience,use,color,within,task,anyone,her,experts,discuss,ongoing,developments,research","112:3.731699,133:2.815409,432:2.782619,449:4.137165,451:3.081112,462:0.691153,506:0.679272,554:4.607168,614:0.675343,635:3.383393,666:3.577549,687:0.679272,756:3.383393,817:3.220874,832:4.137165",1.0
F129,"democrat,decide,real,box,certainly,body,doctor,join,give,high,indeed,generation,clearly,nature,—,shocking,claims,flat,earth,surface,internet","116:3.651657,234:3.577549,238:3.731699,281:0.675343,293:3.172084,338:0.691153,503:0.691153,611:3.444017,673:3.651657,676:2.782619,691:3.577549,716:0.671429,777:4.607168,783:3.326234,841:4.137165,850:0.679272,918:3.038552,922:3.272167,934:4.424847,952:4.270696,963:3.577549",0.0
R197,"treatment,field,several,position,peace,today,police,rise,experts,discuss,ongoing,developments,education","15:2.920769,74:3.914021,227:4.607168,339:4.137165,462:0.691153,506:0.679272,530:2.246314,614:0.675343,687:0.679272,697:3.125564,806:4.424847,816:2.958510,876:2.579020",1.0
F142,"late,wrong,even,leader,close,reach,parent,front,follow,others,—,shocking,claims,government,cover-up,surface,internet","79:3.914021,259:2.432416,281:0.675343,338:0.691153,367:3.651657,386:4.019382,406:3.577549,497:3.444017,503:0.691153,504:4.270696,512:3.731699,526:3.172084,716:0.671429,813:2.997730,850:0.679272,932:3.326234,940:3.577549",0.0
R140,"generation,avoid,throughout,deal,impact,dark,own,security,age,down,experts,discuss,ongoing,developments,climate,change","217:3.444017,387:2.661258,388:3.731699,433:2.920769,435:4.019382,462:0.691153,506:0.679272,614:0.675343,634:2.997730,687:0.679272,697:3.125564,791:4.424847,821:2.720099,948:3.818711,963:3.577549,972:3.914021",1.0
R165,"tree,party,yet,meet,experts,discuss,ongoing,developments,budget,report","37:4.137165,379:3.731699,462:0.691153,505:2.605688,506:0.679272,614:0.675343,687:0.679272,871:2.720099,940:3.577549,991:2.690246",1.0
R139,"however,interview,south,majority,already,paper,drug,south,painting,experts,discuss,ongoing,developments,education","34:2.782619,35:3.731699,244:3.508556,462:0.691153,506:0.679272,530:2.246314,594:3.172084,614:0.675343,687:0.679272,690:4.424847,816:5.917019,860:2.720099,911:4.019382",1.0
F232,"building,hand,community,major,thus,mind,money,product,attention,glass,future,environmental,audience,foot,class,firm,structure,news,dinner,husband,tv,—,shocking,claims,hoax,surface,internet","7:3.444017,27:4.137165,58:3.731699,103:4.019382,144:2.387965,174:4.424847,184:2.605688,208:2.661258,240:4.270696,281:0.675343,312:2.750870,338:0.691153,377:2.605688,423:3.731699,433:2.920769,447:2.849310,488:3.326234,503:0.691153,547:4.137165,684:3.818711,716:0.671429,850:0.679272,852:3.914021,890:4.137165,894:4.607168,932:3.326234,996:3.125564",0.0
F108,"particularly,yeah,drug,put,media,catch,spring,always,simply,attorney,finish,somebody,condition,congress,material,—,shocking,claims,celebrity,scandal,surface,internet","11:4.607168,89:3.125564,209:3.383393,231:4.270696,249:3.172084,281:0.675343,328:3.731699,338:0.691153,443:3.272167,486:2.661258,503:0.691153,578:4.830312,642:3.818711,644:4.137165,716:0.671429,728:2.884402,850:0.679272,853:3.444017,860:2.720099,871:2.720099,921:2.304583,949:3.220874",0.0
F167,"education,plant,carry,meeting,wife,life,eight,item,common,thousand,generation,stay,think,follow,—,shocking,claims,celebrity,scandal,surface,internet","20:2.553044,21:3.383393,244:3.508556,281:0.675343,332:3.272167,335:3.508556,338:0.691153,367:3.651657,433:2.920769,454:2.849310,477:3.444017,482:4.137165,486:2.661258,503:0.691153,530:2.246314,716:0.671429,798:4.424847,850:0.679272,916:4.137165,921:2.304583,963:3.577549",0.0
R242,"car,price,soon,possible,require,along,wait,together,experts,discuss,ongoing,developments,research","41:4.019382,100:3.818711,312:2.750870,432:2.782619,449:4.137165,462:0.691153,477:3.444017,506:0.679272,614:0.675343,674:4.270696,687:0.679272,738:4.019382,840:4.424847",1.0
F133,"issue,talk,stage,strong,model,rest,total,commercial,include,end,former,rate,song,family,across,space,reflect,—,shocking,claims,immortal,jellyfish,surface,internet","30:3.577549,66:2.527727,74:3.914021,102:3.731699,160:3.272167,188:2.527727,253:3.914021,279:4.270696,281:0.675343,297:3.220874,321:3.651657,338:0.691153,350:2.997730,355:4.019382,443:3.272167,453:4.270696,503:0.691153,616:3.272167,708:3.125564,716:0.671429,850:0.679272,876:2.579020,925:3.326234,953:3.914021",0.0
F025,"possible,campaign,history,—,shocking,claims,flat,earth,surface,internet","100:3.818711,281:0.675343,338:0.691153,503:0.691153,543:2.605688,675:3.508556,676:2.782619,716:0.671429,850:0.679272,918:3.038552",0.0
F093,"successful,each,evening,evidence,seek,interview,trip,section,—,shocking,claims,immortal,jellyfish,surface,internet","35:3.731699,54:4.270696,66:2.527727,171:3.172084,281:0.675343,286:3.508556,338:0.691153,503:0.691153,659:4.137165,716:0.671429,782:4.137165,850:0.679272,876:2.579020,885:5.117994,968:3.081112",0.0
F236,"side,increase,mrs,cup,assume,—,shocking,claims,government,cover-up,surface,internet","59:3.577549,259:2.432416,281:0.675343,338:0.691153,503:0.691153,664:3.651657,716:0.671429,751:4.019382,781:3.914021,813:2.997730,850:0.679272,963:3.577549",0.0
F069,"bank,buy,black,—,shocking,claims,flat,earth,surface,internet","80:3.444017,281:0.675343,338:0.691153,503:0.691153,676:2.782619,716:0.671429,850:0.679272,918:3.038552,948:3.818711,982:4.607168",0.0
F219,"debate,various,white,bag,look,key,knowledge,ability,light,truth,per,behavior,field,certain,middle,suffer,maybe,sell,create,—,shocking,claims,flat,earth,surface,internet","69:3.577549,74:3.914021,131:4.137165,135:3.508556,276:3.508556,281:0.675343,288:4.607168,298:4.137165,338:0.691153,404:3.038552,415:3.272167,485:2.997730,503:0.691153,647:3.444017,676:2.782619,681:2.661258,716:0.671429,720:3.272167,735:3.577549,818:3.818711,843:4.270696,850:0.679272,864:4.137165,878:3.818711,918:3.038552,939:3.818711",0.0
R079,"third,law,fly,nice,easy,single,reality,wide,exist,process,quickly,feeling,southern,good,experts,discuss,ongoing,developments,election","40:3.577549,132:2.720099,168:4.270696,370:3.272167,391:2.527727,462:0.691153,506:0.679272,602:3.914021,613:3.444017,614:0.675343,680:3.651657,687:0.679272,743:3.818711,760:4.270696,771:4.137165,836:3.444017,889:4.137165,944:3.326234,979:3.577549",1.0
F042,"office,son,prepare,enter,debate,source,avoid,recognize,consumer,pass,exist,return,including,name,skin,style,leg,test,exist,mother,purpose,—,shocking,claims,hoax,surface,internet","0:3.577549,15:2.920769,89:3.125564,171:3.172084,209:3.383393,276:3.508556,281:0.675343,286:3.508556,290:4.137165,334:4.019382,338:0.691153,344:3.731699,354:3.508556,377:2.605688,388:3.731699,392:3.818711,435:4.019382,475:3.220874,503:0.691153,586:3.731699,602:7.828042,635:3.383393,716:0.671429,721:4.019382,833:4.270696,850:0.679272",0.0
R154,"type,heavy,factor,minute,production,exactly,teacher,seat,power,moment,get,so,experts,discuss,ongoing,developments,budget,report","47:4.019382,56:3.444017,96:4.270696,353:3.914021,357:4.019382,401:3.444017,403:2.958510,426:4.270696,462:0.691153,505:2.605688,506:0.679272,526:3.172084,561:3.272167,614:0.675343,687:0.679272,708:3.125564,949:3.220874,991:2.690246",1.0
R089,"least,reality,crime,threat,grow,social,author,degree,follow,eat,court,field,leg,thus,recognize,experts,discuss,ongoing,developments,public,health","70:3.220874,74:3.914021,171:3.172084,276:3.508556,290:4.137165,350:2.997730,367:3.651657,404:3.038552,462:0.691153,506:0.679272,568:3.577549,614:0.675343,634:2.997730,680:3.651657,684:3.818711,687:0.679272,731:4.830312,770:2.815409,805:2.849310,823:3.914021,943:3.326234",1.0
R038,"assume,collection,official,full,cut,big,human,may,experts,discuss,ongoing,developments,public,health","48:3.914021,160:3.272167,206:3.731699,209:3.383393,303:3.508556,462:0.691153,485:2.997730,506:0.679272,614:0.675343,664:3.651657,687:0.679272,770:2.815409,805:2.849310,897:3.651657",1.0
R053,"around,plan,everybody,remain,project,feel,response,set,test,life,table,share,explain,particularly,indicate,message,experts,discuss,ongoing,developments,economic,growth","115:4.137165,123:3.914021,144:2.387965,197:4.137165,205:4.607168,230:4.019382,320:2.605688,341:3.326234,342:3.444017,443:3.272167,445:3.172084,462:0.691153,477:3.444017,485:2.997730,506:0.679272,561:3.272167,586:3.731699,614:0.675343,687:0.679272,715:3.651657,931:3.220874,947:3.220874",1.0
F201,"daughter,attorney,everyone,nothing,important,hand,institution,people,threat,—,shocking,claims,hoax,surface,internet","70:3.220874,243:3.383393,263:3.577549,281:0.675343,292:4.137165,338:0.691153,377:2.605688,423:3.731699,503:0.691153,623:3.731699,716:0.671429,850:0.679272,853:3.444017,893:4.137165,967:2.958510",0.0
F013,"attention,country,huge,total,story,despite,—,shocking,claims,secret,cure,surface,internet","144:2.387965,198:4.270696,279:4.270696,281:0.675343,301:3.038552,338:0.691153,503:0.691153,716:0.671429,747:2.553044,850:0.679272,855:3.383393,870:4.830312,892:2.553044",0.0
R023,"couple,wish,accept,visit,tv,church,affect,example,lose,protect,actually,toward,class,us,throughout,back,go,experts,discuss,ongoing,developments,policy","7:3.444017,55:2.884402,142:2.478936,194:4.607168,235:3.383393,273:3.272167,422:4.607168,430:3.914021,447:2.849310,451:3.081112,462:0.691153,495:3.444017,506:0.679272,547:4.137165,606:3.508556,614:0.675343,657:3.326234,660:3.731699,687:0.679272,698:4.270696,702:3.818711,948:3.818711",1.0
R068,"second,possible,run,collection,song,provide,low,dog,policy,win,share,color,table,rule,mean,away,able,experts,discuss,ongoing,developments,technology,breakthrough","20:2.553044,100:3.818711,142:2.478936,209:3.383393,256:2.884402,266:4.019382,343:3.651657,350:2.997730,398:4.019382,411:3.444017,462:0.691153,481:2.478936,496:4.607168,506:0.679272,564:3.220874,614:0.675343,687:0.679272,737:4.270696,832:4.137165,909:2.997730,931:3.220874,946:3.444017,947:3.220874",1.0
F065,"nothing,everybody,size,central,eye,face,tonight,total,follow,prepare,key,second,research,—,shocking,claims,hoax,surface,internet","34:2.782619,131:4.137165,192:4.270696,256:2.884402,279:4.270696,281:0.675343,286:3.508556,292:4.137165,338:0.691153,341:3.326234,367:3.651657,377:2.605688,389:3.444017,432:2.782619,503:0.691153,561:3.272167,716:0.671429,850:0.679272,928:3.444017",0.0
F239,"civil,matter,seem,turn,radio,family,fly,drive,likely,type,dream,put,think,name,—,shocking,claims,celebrity,scandal,surface,internet","15:2.920769,86:4.830312,281:0.675343,297:3.220874,309:4.270696,325:3.508556,335:3.508556,338:0.691153,366:4.424847,402:3.577549,486:2.661258,503:0.691153,526:3.172084,588:3.731699,593:3.818711,716:0.671429,850:0.679272,871:2.720099,886:3.508556,921:2.304583,944:3.326234",0.0
F084,"college,image,computer,anyone,—,shocking,claims,miracle,drug,surface,internet","57:3.383393,151:4.830312,256:2.884402,281:0.675343,303:3.508556,338:0.691153,503:0.691153,666:3.577549,716:0.671429,850:0.679272,860:2.720099",0.0
R120,"beyond,nice,travel,human,cup,must,pick,consider,strong,activity,until,experts,discuss,ongoing,developments,election","23:3.914021,59:3.577549,110:3.651657,132:2.720099,303:3.508556,312:2.750870,355:4.019382,370:3.272167,372:4.019382,462:0.691153,506:0.679272,614:0.675343,637:3.914021,681:2.661258,687:0.679272,900:3.818711",1.0
F207,"main,occur,research,shake,first,pass,specific,order,piece,thus,book,machine,yard,sense,follow,—,shocking,claims,government,cover-up,surface,internet","40:3.577549,59:3.577549,133:2.815409,180:3.914021,226:3.272167,259:2.432416,281:0.675343,338:0.691153,367:3.651657,392:3.818711,393:4.137165,403:2.958510,424:3.818711,432:2.782619,447:2.849310,503:0.691153,637:3.914021,684:3.818711,716:0.671429,813:2.997730,850:0.679272,921:2.304583",0.0
R158,"family,next,despite,author,name,process,decade,within,commercial,experts,discuss,ongoing,developments,economic,growth","15:2.920769,30:3.577549,40:3.577549,144:2.387965,273:3.272167,297:3.220874,301:3.038552,320:2.605688,350:2.997730,443:3.272167,462:0.691153,506:0.679272,614:0.675343,687:0.679272,817:3.220874",1.0
R097,"require,general,full,claim,practice,something,attack,friend,dark,require,director,strategy,talk,company,experts,discuss,ongoing,developments,technology,breakthrough","20:2.553044,280:4.270696,291:3.508556,449:8.274329,462:0.691153,465:4.607168,481:2.478936,488:3.326234,506:0.679272,614:0.675343,687:0.679272,693:3.125564,697:3.125564,826:3.731699,853:3.444017,897:3.651657,925:3.326234,937:3.914021,942:3.914021",1.0
R092,"help,prepare,store,magazine,memory,edge,evening,actually,cause,discussion,past,campaign,pattern,watch,reason,experts,discuss,ongoing,developments,technology,breakthrough","20:2.553044,184:2.605688,275:4.019382,286:7.017112,315:4.270696,316:3.818711,347:3.081112,413:3.272167,447:2.849310,462:0.691153,481:2.478936,506:0.679272,614:0.675343,617:3.125564,675:3.508556,687:0.679272,708:3.125564,921:2.304583,941:3.914021,944:3.326234",1.0
F172,"resource,brother,development,tree,staff,clear,impact,difference,interest,common,carry,—,shocking,claims,hoax,surface,internet","70:3.220874,224:3.444017,281:0.675343,291:3.508556,332:3.272167,338:0.691153,377:2.605688,454:2.849310,503:0.691153,611:3.444017,670:4.424847,716:0.671429,850:0.679272,866:3.731699,871:5.440197,972:3.914021",0.0
R182,"fire,newspaper,relationship,mother,reduce,teach,serious,experts,discuss,ongoing,developments,economic,growth","117:3.731699,144:2.387965,159:3.383393,191:4.607168,238:3.731699,260:4.137165,320:2.605688,354:3.508556,462:0.691153,506:0.679272,522:3.444017,614:0.675343,687:0.679272",1.0
F014,"company,serious,still,force,nation,central,difficult,main,cold,significant,—,shocking,claims,secret,cure,surface,internet","14:3.731699,117:3.731699,281:0.675343,338:0.691153,391:2.527727,503:0.691153,552:3.914021,637:3.914021,712:6.251127,716:0.671429,747:2.553044,850:0.679272,892:2.553044,920:4.607168,928:3.444017,942:3.914021",0.0
R230,"authority,someone,pull,glass,phone,lay,about,behind,guess,plan,big,represent,social,class,forward,kid,experts,discuss,ongoing,developments,election","7:3.444017,48:3.914021,123:3.914021,132:2.720099,176:3.731699,346:3.326234,411:3.444017,462:0.691153,475:3.220874,506:0.679272,597:4.424847,614:0.675343,626:4.270696,660:3.731699,671:3.818711,687:0.679272,717:3.508556,723:3.577549,823:3.914021,932:3.326234,956:3.731699",1.0
F223,"trouble,fear,land,official,available,wide,establish,despite,serve,rise,support,go,even,—,shocking,claims,government,cover-up,surface,internet","148:3.272167,217:3.444017,259:2.432416,281:0.675343,301:3.038552,338:0.691153,406:3.577549,451:3.081112,475:3.220874,485:2.997730,503:0.691153,513:3.508556,716:0.671429,725:3.577549,813:2.997730,816:2.958510,836:3.444017,850:0.679272,909:2.997730,923:3.577549",0.0
R221,"everyone,town,man,everybody,experts,discuss,ongoing,developments,policy","142:2.478936,462:0.691153,506:0.679272,561:3.272167,569:3.508556,614:0.675343,687:0.679272,715:3.651657,893:4.137165",1.0
R173,"hospital,protect,worker,inside,bring,three,experts,discuss,ongoing,developments,climate,change","57:3.383393,66:2.527727,235:3.383393,387:2.661258,462:0.691153,506:0.679272,614:0.675343,676:2.782619,687:0.679272,821:2.720099,925:3.326234,930:3.914021",1.0
F249,"talk,simple,institution,type,prove,—,shocking,claims,immortal,jellyfish,surface,internet","66:2.527727,214:3.444017,243:3.383393,281:0.675343,338:0.691153,503:0.691153,526:3.172084,716:0.671429,850:0.679272,876:2.579020,913:3.272167,925:3.326234",0.0
F112,"language,campaign,reason,simple,social,but,look,measure,oil,however,use,sell,—,shocking,claims,government,cover-up,surface,internet","35:3.731699,133:2.815409,259:2.432416,281:0.675343,338:0.691153,485:2.997730,503:0.691153,528:4.019382,605:5.523459,675:3.508556,716:1.342857,813:2.997730,823:3.914021,850:0.679272,911:4.019382,913:3.272167,939:3.818711,944:3.326234",0.0
R058,"person,child,throw,protect,church,shoulder,particularly,office,property,act,land,speak,happy,everybody,anything,pay,experts,discuss,ongoing,developments,budget,report","114:4.019382,148:3.272167,235:3.383393,244:3.508556,249:3.172084,273:3.272167,325:3.508556,344:3.731699,347:3.081112,443:3.272167,462:0.691153,505:2.605688,506:0.679272,561:3.272167,614:0.675343,687:0.679272,732:3.914021,733:4.019382,756:3.383393,897:3.651657,928:3.444017,991:2.690246",1.0
R159,"ball,cell,improve,give,student,social,apply,test,rest,foot,late,guess,draw,experts,discuss,ongoing,developments,economic,growth","79:3.914021,144:2.387965,167:4.607168,210:4.019382,312:2.750870,320:2.605688,408:3.577549,462:0.691153,492:3.444017,506:0.679272,536:4.607168,586:3.731699,614:0.675343,660:3.731699,687:0.679272,708:3.125564,783:3.326234,823:3.914021,890:4.137165",1.0
R029,"like,whatever,commercial,reach,book,far,city,big,player,experts,discuss,ongoing,developments,economic,growth","48:3.914021,144:2.387965,158:3.818711,320:2.605688,330:4.270696,386:4.019382,393:4.137165,443:3.272167,462:0.691153,495:3.444017,506:0.679272,604:4.019382,614:0.675343,687:0.679272,695:3.731699",1.0
R126,"commercial,interest,possible,either,painting,federal,threat,table,relate,character,summer,development,buy,hot,character,keep,step,experts,discuss,ongoing,developments,research","34:2.782619,70:6.441748,80:3.444017,100:3.818711,126:3.577549,432:2.782619,443:3.272167,462:0.691153,481:2.478936,506:0.679272,558:3.577549,594:3.172084,614:0.675343,633:3.383393,687:0.679272,693:3.125564,867:8.038763,871:2.720099,931:3.220874,988:3.731699",1.0
R132,"miss,door,analysis,box,face,pm,mouth,experts,discuss,ongoing,developments,education","26:4.830312,34:2.782619,71:4.424847,296:4.137165,462:0.691153,497:3.444017,506:0.679272,530:2.246314,614:0.675343,687:0.679272,847:4.424847,922:3.272167",1.0
R025,"case,develop,somebody,attack,voice,ready,wonder,prove,spring,trouble,air,college,hope,personal,stand,fire,ahead,use,bed,experts,discuss,ongoing,developments,election","0:3.577549,57:3.383393,88:4.607168,89:3.125564,132:2.720099,133:2.815409,191:4.607168,214:3.444017,241:3.220874,268:3.914021,342:3.444017,462:0.691153,497:3.444017,506:0.679272,530:2.246314,557:3.383393,614:0.675343,644:4.137165,687:0.679272,693:3.125564,723:3.577549,886:3.508556,909:2.997730,939:3.818711",1.0
F214,"without,use,responsibility,still,military,street,beat,evening,local,according,drug,check,present,manager,area,maybe,line,news,effort,—,shocking,claims,secret,cure,surface,internet","43:3.731699,130:3.818711,133:2.815409,182:3.444017,228:4.137165,281:0.675343,286:3.508556,338:0.691153,433:2.920769,502:3.508556,503:0.691153,564:3.220874,569:3.508556,649:3.577549,652:3.220874,684:3.818711,712:3.125564,716:0.671429,726:3.818711,747:2.553044,818:3.818711,850:0.679272,860:2.720099,877:4.137165,892:2.553044,901:3.914021",0.0
R177,"control,run,response,cost,crime,address,sort,mission,challenge,yes,officer,development,kid,customer,another,beyond,approach,experts,discuss,ongoing,developments,policy","44:3.220874,69:3.577549,95:3.914021,142:2.478936,166:3.383393,208:2.661258,266:4.019382,413:3.272167,445:3.172084,454:2.849310,462:0.691153,490:4.270696,506:0.679272,614:0.675343,687:0.679272,696:3.914021,720:3.272167,723:3.577549,731:4.830312,871:2.720099,900:3.818711,935:3.914021",1.0
R196,"trade,run,picture,establish,part,account,ask,look,experts,discuss,ongoing,developments,budget,report","187:3.818711,266:4.019382,419:4.607168,462:0.691153,481:2.478936,505:2.605688,506:0.679272,507:4.270696,614:0.675343,687:0.679272,740:4.019382,923:3.577549,939:3.818711,991:2.690246",1.0
R135,"seek,push,culture,arrive,special,official,either,morning,opportunity,sing,experts,discuss,ongoing,developments,budget,report","55:2.884402,126:3.577549,160:3.272167,171:3.172084,391:2.527727,451:3.081112,462:0.691153,485:2.997730,505:2.605688,506:0.679272,614:0.675343,645:4.137165,687:0.679272,976:4.270696,978:4.270696,991:2.690246",1.0
F152,"ten,different,floor,process,sound,class,theory,guess,turn,watch,morning,mother,better,rather,activity,explain,fly,effort,relationship,—,shocking,claims,government,cover-up,surface,internet","7:3.444017,40:3.577549,85:3.125564,110:3.651657,160:3.272167,166:3.383393,259:2.432416,260:4.137165,281:0.675343,319:3.651657,338:0.691153,341:3.326234,354:3.508556,468:3.577549,503:0.691153,543:2.605688,660:3.731699,683:3.914021,708:3.125564,716:0.671429,726:3.818711,813:2.997730,837:4.270696,850:0.679272,886:3.508556,944:3.326234",0.0
F180,"officer,level,republican,second,young,share,year,game,administration,skill,late,leader,per,specific,sound,third,smile,history,participant,win,month,—,shocking,claims,secret,cure,surface,internet","59:3.577549,79:3.914021,166:3.383393,185:4.607168,256:2.884402,281:0.675343,298:4.137165,338:0.691153,396:3.731699,398:4.019382,499:4.424847,503:0.691153,526:3.172084,543:2.605688,616:3.272167,696:3.914021,713:3.508556,716:0.671429,741:3.818711,747:2.553044,771:4.137165,809:4.019382,850:0.679272,892:2.553044,899:3.818711,947:3.220874,968:3.081112,975:4.137165",0.0
F003,"energy,result,begin,energy,way,kind,simple,recent,dark,cut,chair,ok,buy,—,shocking,claims,secret,cure,surface,internet","44:3.220874,80:3.444017,206:3.731699,281:0.675343,307:8.849693,338:0.691153,391:2.527727,399:4.137165,503:0.691153,513:3.508556,591:4.270696,645:4.137165,681:2.661258,697:3.125564,716:0.671429,747:2.553044,850:0.679272,892:2.553044,913:3.272167",0.0
F244,"recent,network,yes,image,listen,item,record,american,early,—,shocking,claims,celebrity,scandal,surface,internet","44:3.220874,92:4.019382,152:4.424847,281:0.675343,303:3.508556,338:0.691153,347:3.081112,429:3.818711,486:2.661258,503:0.691153,591:4.270696,652:3.220874,716:0.671429,850:0.679272,916:4.137165,921:2.304583",0.0
F194,"also,offer,open,movie,general,current,—,shocking,claims,immortal,jellyfish,surface,internet","66:2.527727,189:3.731699,281:0.675343,338:0.691153,439:4.270696,465:4.607168,503:0.691153,716:0.671429,783:3.326234,792:4.270696,850:0.679272,876:2.579020,958:3.731699",0.0
R044,"wear,heavy,company,every,until,experts,discuss,ongoing,developments,policy","142:2.478936,462:0.691153,506:0.679272,581:3.818711,614:0.675343,637:3.914021,681:2.661258,687:0.679272,942:3.914021,949:3.220874",1.0
R141,"leader,true,structure,pick,six,ground,training,experts,discuss,ongoing,developments,economic,growth","144:2.387965,188:2.527727,320:2.605688,372:4.019382,401:3.444017,462:0.691153,487:3.731699,506:0.679272,526:3.172084,538:3.731699,614:0.675343,687:0.679272,996:3.125564",1.0
R188,"edge,red,party,leave,cold,stuff,hear,reflect,oil,whether,two,experts,discuss,ongoing,developments,climate,change","35:3.731699,52:4.424847,321:3.651657,379:3.731699,387:2.661258,406:3.577549,462:0.691153,506:0.679272,614:0.675343,687:0.679272,722:4.270696,728:2.884402,821:2.720099,842:3.818711,913:3.272167,920:4.607168,921:2.304583",1.0
F010,"allow,yet,protect,style,effect,table,lot,gun,bad,inside,statement,drug,understand,event,—,shocking,claims,aliens,surface,internet","0:3.577549,37:4.137165,66:2.527727,235:3.383393,281:0.675343,313:4.137165,324:3.651657,338:0.691153,487:3.731699,503:0.691153,650:2.432416,716:0.671429,728:2.884402,817:3.220874,835:4.019382,850:0.679272,860:2.720099,931:3.220874,943:3.326234,956:3.731699",0.0
R106,"day,step,situation,quickly,everybody,day,star,western,tough,seat,receive,cover,experts,discuss,ongoing,developments,economic,growth","47:4.019382,104:4.424847,133:5.630817,136:4.424847,144:2.387965,170:3.577549,320:2.605688,391:2.527727,447:2.849310,462:0.691153,506:0.679272,524:3.508556,558:3.577549,561:3.272167,614:0.675343,617:3.125564,687:0.679272",1.0
R049,"cell,player,current,ahead,hit,experts,discuss,ongoing,developments,research","189:3.731699,210:4.019382,252:3.038552,268:3.914021,432:2.782619,462:0.691153,506:0.679272,604:4.019382,614:0.675343,687:0.679272",1.0
R144,"approach,event,religious,bring,first,better,treat,environment,add,great,experts,discuss,ongoing,developments,budget,report","57:3.383393,95:3.914021,293:3.172084,403:2.958510,407:4.137165,462:0.691153,505:2.605688,506:0.679272,543:2.605688,614:0.675343,687:0.679272,728:2.884402,750:6.888035,887:3.914021,991:2.690246",1.0
F199,"threat,behavior,respond,save,citizen,theory,commercial,page,seem,—,shocking,claims,celebrity,scandal,surface,internet","8:4.607168,70:3.220874,281:0.675343,338:0.691153,443:3.272167,468:3.577549,486:2.661258,500:4.270696,503:0.691153,520:4.019382,588:3.731699,716:0.671429,735:3.577549,827:4.137165,850:0.679272,921:2.304583",0.0
F215,"consider,arrive,material,city,together,source,chance,look,question,part,beyond,human,attack,about,—,shocking,claims,secret,cure,surface,internet","231:4.270696,281:0.675343,303:3.508556,312:5.501740,338:0.691153,346:3.326234,391:2.527727,495:3.444017,503:0.691153,693:3.125564,716:0.671429,721:4.019382,740:4.019382,747:2.553044,850:0.679272,892:2.553044,900:3.818711,939:3.818711,947:3.220874,956:3.731699",0.0
R176,"position,study,small,congress,make,anyone,house,room,movement,kid,peace,worry,economy,stop,rich,among,laugh,appear,experts,discuss,ongoing,developments,economic,growth","98:3.444017,144:2.387965,182:3.444017,212:3.818711,217:3.444017,222:4.137165,224:3.444017,294:4.270696,320:2.605688,339:4.137165,343:3.651657,362:4.424847,462:0.691153,494:4.019382,506:0.679272,525:3.577549,614:0.675343,666:3.577549,687:0.679272,697:3.125564,723:3.577549,728:2.884402,796:4.019382,836:3.444017",1.0
F105,"letter,despite,simple,people,establish,western,expert,building,site,—,shocking,claims,hoax,surface,internet","263:3.577549,281:0.675343,301:3.038552,338:0.691153,377:2.605688,503:0.691153,524:3.508556,564:3.220874,716:0.671429,850:0.679272,852:3.914021,891:4.270696,913:3.272167,914:4.270696,923:3.577549",0.0
F031,"science,data,doctor,suffer,onto,hard,game,significant,surface,health,to,still,ability,different,boy,wind,two,recognize,great,sport,owner,debate,station,event,—,shocking,claims,miracle,drug,surface,internet","53:3.914021,125:4.830312,135:3.508556,157:3.508556,171:3.172084,256:2.884402,276:3.508556,278:4.270696,281:1.350685,319:3.651657,338:0.691153,363:4.137165,415:3.272167,488:3.326234,503:0.691153,552:3.914021,558:3.577549,681:2.661258,683:3.914021,695:3.731699,712:3.125564,716:0.671429,728:5.768803,750:3.444017,777:4.607168,805:2.849310,850:0.679272,860:2.720099,975:4.137165",0.0
R206,"question,strong,fall,peace,experts,discuss,ongoing,developments,research","355:4.019382,432:2.782619,462:0.691153,506:0.679272,614:0.675343,687:0.679272,697:3.125564,729:4.424847,947:3.220874",1.0
F238,"thank,music,value,put,history,interview,customer,clear,result,husband,throughout,determine,call,behind,determine,financial,water,—,shocking,claims,secret,cure,surface,internet","35:3.731699,146:3.818711,208:2.661258,281:0.675343,338:0.691153,346:3.326234,370:3.272167,399:4.137165,403:2.958510,407:4.137165,413:3.272167,503:0.691153,543:2.605688,589:4.424847,611:3.444017,687:0.679272,716:0.671429,734:8.541392,747:2.553044,850:0.679272,871:2.720099,892:2.553044,948:3.818711",0.0
R027,"reason,beat,month,indicate,whether,check,keep,school,film,marriage,bring,lot,experts,discuss,ongoing,developments,climate,change","3:5.117994,57:3.383393,229:4.424847,387:2.661258,406:3.577549,462:0.691153,485:2.997730,506:0.679272,569:3.508556,594:3.172084,614:0.675343,679:4.424847,687:0.679272,741:3.818711,821:2.720099,901:3.914021,943:3.326234,944:3.326234",1.0
F169,"speak,area,might,admit,identify,easy,result,staff,civil,impact,student,effort,whole,together,produce,its,—,shocking,claims,government,cover-up,surface,internet","224:3.444017,259:2.432416,281:0.675343,312:2.750870,338:0.691153,399:4.137165,503:0.691153,536:4.607168,593:3.818711,627:4.830312,648:3.914021,649:3.577549,667:4.830312,714:4.270696,716:0.671429,726:3.818711,732:3.914021,760:4.270696,813:2.997730,850:0.679272,924:3.731699,967:2.958510,972:3.914021",0.0
F208,"something,tree,pretty,environment,option,security,improve,them,—,shocking,claims,aliens,surface,internet","281:0.675343,338:0.691153,407:4.137165,408:3.577549,503:0.691153,613:3.444017,634:2.997730,650:2.432416,716:0.671429,826:3.731699,850:0.679272,871:2.720099,919:4.137165,924:3.731699",0.0
F212,"direction,may,information,heart,pull,hit,town,wrong,cause,thousand,democrat,food,guy,professional,claim,scientist,law,fact,cell,—,shocking,claims,miracle,drug,surface,internet","94:4.019382,155:4.019382,160:3.272167,190:4.270696,210:4.019382,215:4.270696,226:3.272167,234:3.577549,252:3.038552,256:2.884402,281:0.675343,316:3.818711,338:0.691153,503:0.691153,512:3.731699,554:4.607168,597:4.424847,653:3.220874,715:3.651657,716:0.671429,798:4.424847,808:3.651657,850:0.679272,860:2.720099,937:3.914021,979:3.577549",0.0
F032,"stuff,style,toward,positive,station,benefit,south,special,end,authority,—,shocking,claims,hoax,surface,internet","0:3.577549,1:4.270696,55:2.884402,176:3.731699,194:4.607168,281:0.675343,338:0.691153,377:2.605688,415:3.272167,453:4.270696,503:0.691153,653:3.220874,716:0.671429,722:4.270696,816:2.958510,850:0.679272",0.0
F109,"friend,start,call,protect,important,teach,serious,near,—,shocking,claims,hoax,surface,internet","117:3.731699,146:3.818711,235:3.383393,281:0.675343,338:0.691153,377:2.605688,488:3.326234,503:0.691153,522:3.444017,716:0.671429,850:0.679272,967:2.958510,974:3.577549,996:3.125564",0.0
R111,"debate,order,perhaps,per,must,story,family,individual,assume,defense,matter,else,third,unit,experts,discuss,ongoing,developments,policy","23:3.914021,34:2.782619,142:2.478936,226:3.272167,259:2.432416,276:3.508556,297:3.220874,298:4.137165,335:3.508556,402:3.577549,462:0.691153,506:0.679272,543:2.605688,614:1.350685,664:3.651657,687:0.679272,771:4.137165,855:3.383393",1.0
F078,"nature,painting,beyond,protect,image,bar,first,board,because,protect,behind,prepare,dream,guy,specific,control,might,—,shocking,claims,aliens,surface,internet","34:2.782619,59:3.577549,94:4.019382,208:2.661258,235:6.766786,281:0.675343,286:3.508556,303:3.508556,332:3.272167,338:0.691153,346:3.326234,366:4.424847,403:2.958510,431:5.523459,454:2.849310,503:0.691153,611:3.444017,650:2.432416,716:0.671429,850:0.679272,900:3.818711,924:3.731699",0.0
R105,"shake,hand,begin,plant,soldier,situation,nearly,fund,experts,discuss,ongoing,developments,budget,report","136:4.424847,141:4.137165,180:3.914021,244:3.508556,423:3.731699,462:0.691153,505:2.605688,506:0.679272,513:3.508556,614:0.675343,638:4.830312,687:0.679272,866:3.731699,991:2.690246",1.0
F196,"tough,national,life,popular,send,station,bed,hot,buy,career,—,shocking,claims,government,cover-up,surface,internet","80:3.444017,148:3.272167,259:2.432416,281:0.675343,338:0.691153,415:3.272167,447:2.849310,477:3.444017,497:3.444017,503:0.691153,523:4.019382,693:3.125564,716:0.671429,813:2.997730,850:0.679272,910:4.019382,930:3.914021",0.0
F118,"end,travel,front,approach,relationship,three,citizen,walk,focus,economic,many,either,region,despite,drug,local,particular,establish,ago,dream,side,—,shocking,claims,immortal,jellyfish,surface,internet","8:4.607168,66:2.527727,95:3.914021,126:3.577549,142:2.478936,144:2.387965,159:3.383393,188:2.527727,228:4.137165,260:4.137165,281:0.675343,301:3.038552,338:0.691153,366:4.424847,453:4.270696,503:0.691153,504:4.270696,681:2.661258,716:0.671429,781:3.914021,850:0.679272,860:2.720099,876:2.579020,896:4.019382,923:3.577549,925:3.326234,931:3.220874,984:3.651657",0.0
F077,"better,pattern,analysis,dark,grow,practice,city,body,prove,possible,raise,—,shocking,claims,secret,cure,surface,internet","100:3.818711,214:3.444017,280:4.270696,281:0.675343,296:4.137165,338:0.691153,404:3.038552,495:3.444017,503:0.691153,527:3.172084,543:2.605688,617:3.125564,697:3.125564,716:0.671429,747:2.553044,841:4.137165,850:0.679272,892:2.553044",0.0
F070,"population,strong,experience,professional,visit,born,though,wrong,far,statement,pattern,result,page,economy,spring,account,hot,safe,memory,—,shocking,claims,government,cover-up,surface,internet","155:4.019382,158:3.818711,187:3.818711,217:3.444017,258:3.577549,259:2.432416,281:0.675343,338:0.691153,355:4.019382,385:3.818711,399:4.137165,503:0.691153,512:3.731699,545:3.914021,617:3.125564,635:3.383393,642:3.818711,644:4.137165,693:3.125564,698:4.270696,716:0.671429,813:2.997730,817:3.220874,827:4.137165,850:0.679272,941:3.914021",0.0
F041,"lose,true,begin,red,issue,fish,couple,society,next,cup,hundred,perform,short,task,defense,they,—,shocking,claims,immortal,jellyfish,surface,internet","48:3.914021,52:4.424847,59:3.577549,66:2.527727,98:3.444017,175:3.818711,188:2.527727,262:4.019382,273:3.272167,281:0.675343,327:4.137165,338:0.691153,376:3.914021,422:4.607168,451:3.081112,503:0.691153,513:3.508556,543:2.605688,616:3.272167,702:3.818711,716:0.671429,850:0.679272,876:2.579020",0.0
R026,"action,visit,effect,defense,church,her,leave,return,business,model,especially,blue,experts,discuss,ongoing,developments,policy","102:3.731699,112:3.731699,142:2.478936,173:3.731699,273:3.272167,324:3.651657,374:3.731699,462:0.691153,506:0.679272,543:2.605688,614:0.675343,633:3.383393,635:3.383393,687:0.679272,698:4.270696,768:3.818711,913:3.272167",1.0
R207,"service,become,gas,name,provide,dream,really,example,strategy,recent,experts,discuss,ongoing,developments,policy","15:2.920769,90:4.270696,112:3.731699,142:2.478936,252:3.038552,291:3.508556,366:4.424847,462:0.691153,506:0.679272,591:4.270696,606:3.508556,607:4.270696,614:0.675343,687:0.679272,946:3.444017",1.0
F163,"audience,peace,small,bad,staff,traditional,federal,certainly,south,value,gun,society,behind,action,open,practice,surface,—,shocking,claims,secret,cure,surface,internet","222:4.137165,224:3.444017,280:4.270696,281:1.350685,312:2.750870,313:4.137165,327:4.137165,338:0.691153,346:3.326234,403:2.958510,486:2.661258,503:0.691153,633:6.766786,673:3.651657,697:3.125564,716:0.671429,747:2.553044,783:3.326234,816:2.958510,850:0.679272,892:2.553044,956:3.731699",0.0
F171,"key,ahead,special,without,worry,buy,cup,million,development,pass,case,painting,tend,choose,—,shocking,claims,government,cover-up,surface,internet","34:2.782619,43:3.731699,55:2.884402,59:3.577549,80:3.444017,131:4.137165,259:2.432416,268:3.914021,281:0.675343,338:0.691153,342:3.444017,343:3.651657,392:3.818711,503:0.691153,651:4.607168,706:3.914021,716:0.671429,810:4.607168,813:2.997730,850:0.679272,871:2.720099",0.0
F139,"open,power,eat,development,state,follow,score,participant,night,give,wear,land,service,serious,appear,worker,protect,artist,majority,religious,—,shocking,claims,immortal,jellyfish,surface,internet","56:3.444017,66:2.527727,117:3.731699,148:3.272167,182:3.444017,235:3.383393,244:3.508556,252:3.038552,276:3.508556,281:0.675343,293:3.172084,338:0.691153,367:3.651657,396:3.731699,503:0.691153,581:3.818711,676:2.782619,716:0.671429,783:6.652469,808:3.651657,850:0.679272,869:3.508556,871:2.720099,876:2.579020,927:4.137165,931:3.220874",0.0
F120,"news,long,board,beyond,check,wish,process,common,language,current,despite,color,before,—,shocking,claims,miracle,drug,surface,internet","40:3.577549,120:4.830312,189:3.731699,256:2.884402,281:0.675343,301:3.038552,332:3.272167,338:0.691153,433:2.920769,454:2.849310,495:3.444017,503:0.691153,716:1.342857,832:4.137165,850:0.679272,860:2.720099,900:3.818711,901:3.914021,904:4.019382",0.0
F146,"later,however,save,win,discover,price,performance,accept,recognize,—,shocking,claims,mind,control,surface,internet","170:3.577549,171:3.172084,184:2.605688,208:2.661258,281:0.675343,338:0.691153,351:4.270696,398:4.019382,503:0.691153,520:4.019382,560:3.914021,657:3.326234,716:0.671429,738:4.019382,850:0.679272,911:4.019382",0.0
R115,"check,smile,involve,box,successful,thought,others,risk,office,ball,close,watch,unit,western,mother,quality,trouble,decision,bring,raise,space,congress,experts,discuss,ongoing,developments,research","55:2.884402,57:3.383393,188:2.527727,193:4.607168,271:3.914021,335:3.508556,344:3.731699,354:3.508556,432:2.782619,462:0.691153,492:3.444017,497:3.444017,506:1.358544,524:3.508556,527:3.172084,614:0.675343,659:4.137165,687:0.679272,708:3.125564,713:3.508556,728:2.884402,794:4.270696,901:3.914021,909:2.997730,922:3.272167,940:3.577549",1.0
F039,"return,loss,focus,two,need,others,quickly,lose,long,sometimes,save,—,shocking,claims,aliens,surface,internet","281:0.675343,329:4.270696,338:0.691153,391:2.527727,422:4.607168,503:0.691153,520:4.019382,537:4.270696,635:3.383393,650:2.432416,716:0.671429,728:2.884402,850:0.679272,869:3.508556,904:4.019382,931:3.220874,940:3.577549",0.0
F225,"act,reach,training,health,successful,deal,choose,successful,republican,speech,approach,opportunity,personal,agent,build,choose,space,—,shocking,claims,hoax,surface,internet","14:3.731699,16:4.830312,95:3.914021,188:2.527727,281:0.675343,338:0.691153,377:2.605688,386:4.019382,433:2.920769,502:3.508556,503:0.691153,538:3.731699,616:3.272167,659:8.274329,706:7.828042,716:0.671429,805:2.849310,850:0.679272,928:3.444017,939:3.818711,976:4.270696",0.0
F140,"consumer,much,white,edge,treat,recognize,partner,else,drug,great,young,sell,law,—,shocking,claims,aliens,surface,internet","34:2.782619,116:3.651657,171:3.172084,281:0.675343,338:0.691153,475:3.220874,485:2.997730,503:0.691153,524:3.508556,650:2.432416,716:0.671429,750:6.888035,809:4.019382,843:4.270696,850:0.679272,860:2.720099,921:2.304583,979:3.577549",0.0
F122,"learn,heavy,trial,usually,land,young,cell,color,occur,move,really,understand,seek,either,child,provide,—,shocking,claims,mind,control,surface,internet","112:3.731699,126:3.577549,148:3.272167,171:3.172084,184:2.605688,208:2.661258,210:4.019382,244:3.508556,281:0.675343,282:4.424847,338:0.691153,410:4.607168,487:3.731699,503:0.691153,716:0.671429,809:4.019382,832:4.137165,850:0.679272,921:2.304583,946:3.444017,949:3.220874,967:2.958510,990:4.607168",0.0
R070,"performance,republican,idea,us,us,born,type,support,science,act,few,experts,discuss,ongoing,developments,budget,report","217:3.444017,351:4.270696,363:4.137165,462:0.691153,505:2.605688,506:0.679272,526:3.172084,545:3.914021,614:0.675343,616:3.272167,660:7.463399,687:0.679272,928:3.444017,958:3.731699,960:4.270696,991:2.690246",1.0
F248,"write,indicate,avoid,read,include,attorney,hear,hot,pay,protect,pattern,memory,figure,suffer,home,audience,under,—,shocking,claims,celebrity,scandal,surface,internet","110:3.651657,135:3.508556,235:3.383393,281:0.675343,312:2.750870,338:0.691153,365:4.137165,388:3.731699,445:3.172084,485:2.997730,486:2.661258,503:0.691153,617:3.125564,650:2.432416,693:3.125564,716:0.671429,734:4.270696,842:3.818711,850:0.679272,853:3.444017,897:3.651657,921:2.304583,941:3.914021,953:3.914021",0.0
R016,"room,artist,value,maybe,real,mr,leave,experts,discuss,ongoing,developments,technology,breakthrough","20:2.553044,403:2.958510,462:0.691153,481:2.478936,494:4.019382,506:0.679272,614:0.675343,647:3.444017,687:0.679272,691:3.577549,818:3.818711,913:3.272167,931:3.220874",1.0
R148,"mrs,rather,evidence,painting,magazine,five,detail,read,be,already,drop,save,minute,experts,discuss,ongoing,developments,technology,breakthrough","20:2.553044,34:2.782619,54:4.270696,143:4.137165,357:4.019382,413:3.272167,462:0.691153,481:2.478936,506:0.679272,520:4.019382,577:4.270696,594:3.172084,614:0.675343,650:2.432416,687:0.679272,751:4.019382,837:4.270696,855:3.383393,974:3.577549",1.0
R142,"available,real,hot,option,man,production,purpose,animal,kind,agency,congress,protect,experts,discuss,ongoing,developments,budget,report","44:3.220874,89:3.125564,235:3.383393,353:3.914021,360:4.424847,462:0.691153,475:3.220874,505:2.605688,506:0.679272,569:3.508556,613:3.444017,614:0.675343,687:0.679272,691:3.577549,693:3.125564,728:2.884402,765:4.270696,991:2.690246",1.0
F141,"indeed,arm,information,society,nice,moment,hour,—,shocking,claims,miracle,drug,surface,internet","190:4.270696,256:2.884402,281:0.675343,327:4.137165,338:0.691153,370:3.272167,401:3.444017,503:0.691153,527:3.172084,716:0.671429,850:0.679272,860:2.720099,934:4.424847,984:3.651657",0.0
R076,"government,head,business,professor,item,want,early,room,bad,really,experts,discuss,ongoing,developments,technology,breakthrough","20:2.553044,64:3.914021,92:4.019382,112:3.731699,259:2.432416,374:3.731699,462:0.691153,481:2.478936,494:4.019382,506:0.679272,543:2.605688,614:0.675343,687:0.679272,712:3.125564,916:4.137165,956:3.731699",1.0
R180,"single,risk,less,method,girl,finally,hold,inside,where,experts,discuss,ongoing,developments,budget,report","15:2.920769,29:4.424847,66:2.527727,195:4.270696,389:3.444017,462:0.691153,505:2.605688,506:0.679272,614:0.675343,687:0.679272,718:4.830312,794:4.270696,817:3.220874,889:4.137165,991:2.690246",1.0
F126,"congress,floor,hour,interview,read,detail,material,feel,challenge,information,standard,compare,such,—,shocking,claims,aliens,surface,internet","35:3.731699,115:4.137165,143:4.137165,190:4.270696,231:4.270696,246:3.731699,272:5.117994,281:0.675343,319:3.651657,338:0.691153,503:0.691153,527:3.172084,650:4.864833,716:0.671429,728:2.884402,850:0.679272,935:3.914021,967:2.958510",0.0
R134,"drug,party,glass,color,set,center,include,course,break,strategy,owner,sing,people,past,last,strategy,way,experts,discuss,ongoing,developments,economic,growth","53:3.914021,144:2.387965,263:3.577549,275:4.019382,291:7.017112,320:2.605688,342:3.444017,379:3.731699,391:2.527727,451:3.081112,462:0.691153,480:4.270696,506:0.679272,614:0.675343,652:3.220874,668:4.607168,687:0.679272,832:4.137165,860:2.720099,932:3.326234,953:3.914021,989:3.731699",1.0
F132,"campaign,note,sit,common,they,must,wall,job,think,road,religious,former,feel,natural,feeling,past,though,free,—,shocking,claims,mind,control,surface,internet","23:3.914021,48:3.914021,73:4.137165,115:4.137165,160:3.272167,184:2.605688,208:2.661258,275:4.019382,281:0.675343,293:3.172084,332:3.272167,335:3.508556,338:0.691153,385:3.818711,404:3.038552,503:0.691153,557:3.383393,613:3.444017,675:3.508556,716:0.671429,725:3.577549,850:0.679272,909:2.997730,946:3.444017,988:3.731699",0.0
F230,"new,worry,mr,democrat,page,population,notice,certainly,real,choose,reality,real,include,yes,administration,vote,speak,among,seek,report,guy,—,shocking,claims,immortal,jellyfish,surface,internet","44:3.220874,66:2.527727,94:4.019382,171:3.172084,185:4.607168,214:3.444017,234:3.577549,258:3.577549,281:0.675343,338:0.691153,343:3.651657,362:4.424847,503:0.691153,505:2.605688,525:3.577549,585:4.019382,647:3.444017,673:3.651657,680:3.651657,691:7.155098,706:3.914021,716:0.671429,732:3.914021,827:4.137165,850:0.679272,876:2.579020,953:3.914021",0.0
F243,"blood,impact,hold,war,treat,later,environment,laugh,anyone,every,front,school,soon,over,—,shocking,claims,aliens,surface,internet","41:4.019382,98:3.444017,281:0.675343,338:0.691153,352:5.117994,359:4.424847,389:3.444017,407:4.137165,503:0.691153,504:4.270696,560:3.914021,650:2.432416,666:3.577549,679:4.424847,681:2.661258,716:0.671429,719:4.137165,750:3.444017,850:0.679272,972:3.914021",0.0
R191,"series,wind,popular,oil,night,despite,live,environmental,sound,sport,child,buy,experts,discuss,ongoing,developments,budget,report","27:4.137165,35:3.731699,80:3.444017,148:3.272167,166:3.383393,244:3.508556,278:4.270696,301:3.038552,462:0.691153,463:4.137165,493:4.137165,505:2.605688,506:0.679272,558:3.577549,614:0.675343,687:0.679272,869:3.508556,991:2.690246",1.0
R130,"either,major,kitchen,left,imagine,go,attack,compare,wonder,thought,must,entire,father,during,experts,discuss,ongoing,developments,public,health","23:3.914021,55:2.884402,58:3.731699,126:3.577549,246:3.731699,301:3.038552,451:3.081112,462:0.691153,506:0.679272,614:0.675343,662:4.270696,687:0.679272,693:3.125564,723:3.577549,756:3.383393,770:2.815409,800:4.137165,805:2.849310,824:3.914021,895:5.523459",1.0
F081,"decade,apply,treat,last,seem,success,gun,thought,whose,different,yard,—,shocking,claims,mind,control,surface,internet","30:3.577549,55:2.884402,184:2.605688,208:2.661258,281:0.675343,312:2.750870,313:4.137165,338:0.691153,424:3.818711,503:0.691153,539:4.270696,588:3.731699,683:3.914021,716:0.671429,750:3.444017,828:4.830312,850:0.679272,989:3.731699",0.0
R209,"heart,thousand,middle,note,better,government,finish,particularly,lawyer,yet,model,avoid,involve,experts,discuss,ongoing,developments,technology,breakthrough","20:2.553044,21:3.383393,37:4.137165,102:3.731699,259:2.432416,271:3.914021,388:3.731699,443:3.272167,462:0.691153,481:2.478936,506:0.679272,543:2.605688,578:4.830312,614:0.675343,687:0.679272,798:4.424847,808:3.651657,878:3.818711,909:2.997730",1.0
F228,"car,others,sort,water,forward,camera,different,key,dark,pretty,push,answer,religious,anyone,man,tax,company,—,shocking,claims,hoax,surface,internet","131:4.137165,281:0.675343,293:3.172084,338:0.691153,377:2.605688,411:3.444017,503:0.691153,569:3.508556,587:4.019382,589:4.424847,619:3.731699,650:2.432416,666:3.577549,674:4.270696,683:3.914021,697:3.125564,716:0.671429,720:3.272167,850:0.679272,919:4.137165,940:3.577549,942:3.914021,978:4.270696",0.0
R030,"scene,international,whether,nice,theory,assume,writer,despite,tax,person,site,sister,mission,decide,experts,discuss,ongoing,developments,budget,report","69:3.577549,188:2.527727,249:3.172084,293:3.172084,301:3.038552,370:3.272167,406:3.577549,462:0.691153,468:3.577549,505:2.605688,506:0.679272,521:4.424847,587:4.019382,614:0.675343,664:3.651657,687:0.679272,844:4.424847,891:4.270696,906:4.019382,991:2.690246",1.0
R214,"entire,threat,pass,also,key,investment,everyone,experts,discuss,ongoing,developments,education","70:3.220874,131:4.137165,392:3.818711,462:0.691153,506:0.679272,530:2.246314,562:4.830312,614:0.675343,687:0.679272,792:4.270696,824:3.914021,893:4.137165",1.0
R175,"hit,tell,phone,federal,dark,treat,wrong,benefit,day,same,another,tax,beyond,suggest,main,exist,experts,discuss,ongoing,developments,economic,growth","133:2.815409,144:2.387965,166:3.383393,252:3.038552,320:2.605688,462:0.691153,506:0.679272,512:3.731699,587:4.019382,602:3.914021,614:0.675343,626:4.270696,633:3.383393,637:3.914021,653:3.220874,656:5.117994,687:0.679272,697:3.125564,750:3.444017,816:2.958510,850:0.679272,900:3.818711",1.0
