id,filtered_words,features,label_index
R129,"['middle','present','degree','suffer','long','put','paper','camera','true','simply','cost','factor','miss','experts','discuss','ongoing','developments','election']","(1000,[17,25,87,90,101,173,194,212,242,321,380,454,533,567,755,766,801,995],[2.958509563063383,3.7316994512968646,2.8154087194227095,3.125563647726549,4.019381523748645,3.577548771469606,2.8844015909096608,0.6753425559264385,2.8844015909096608,0.667530016189645,4.270695952029551,4.270695952029551,4.42484663185681,0.6792718340663283,4.42484663185681,3.8187108282864943,4.42484663185681,0.691153161953081])",1.0
R227,"['quickly','heavy','chance','major','particular','mean','special','three','tax','consider','several','many','suggest','program','suggest','experts','discuss','ongoing','developments','climate','change']","(1000,[28,32,86,87,149,174,212,270,321,360,390,392,413,491,567,625,927,938,978,995],[3.8187108282864943,3.4440173788450834,3.383392757028649,2.8154087194227095,3.7316994512968646,3.4440173788450834,0.6753425559264385,4.019381523748645,0.667530016189645,4.137164559405029,4.270695952029551,4.607168188650764,4.137164559405029,2.958509563063383,0.6792718340663283,2.849310271098391,6.888034757690167,2.455405985391302,3.8187108282864943,0.691153161953081])",1.0
F231,"['force','value','see','customer','knowledge','responsibility','vote','program','civil','design','sport','establish','security','—','shocking','claims','aliens','surface','internet']","(1000,[67,75,230,233,311,491,517,560,835,837,854,861,903,912,915,928,929,978,989],[2.7826188965997183,4.270695952029551,0.6871770135734415,0.667530016189645,3.5085558999826545,2.958509563063383,0.6753425559264385,3.0385522707369192,4.019381523748645,0.691153161953081,3.2208738275308737,4.137164559405029,3.6516567436233283,0.6832166123573445,3.125563647726549,3.8187108282864943,2.920769235080536,3.8187108282864943,4.42484663185681])",0.0
R066,"['water','power','particularly','power','south','teach','strong','good','see','within','upon','experts','discuss','ongoing','developments','policy']","(1000,[5,75,105,113,212,234,321,375,418,466,534,567,782,875,995],[4.270695952029551,4.270695952029551,3.7316994512968646,4.270695952029551,0.6753425559264385,2.6902455764687034,0.667530016189645,4.019381523748645,4.137164559405029,3.172083663361442,3.4440173788450834,0.6792718340663283,6.888034757690167,2.997730276216664,0.691153161953081])",1.0
F095,"['eye','record','drive','dinner','pressure','me','city','purpose','song','spend','economic','market','represent','—','shocking','claims','mind','control','surface','internet']","(1000,[199,230,233,248,284,300,310,318,517,535,582,592,775,825,837,855,896,906,912,938],[5.523458920524919,0.6871770135734415,0.667530016189645,3.7316994512968646,3.383392757028649,3.8187108282864943,2.5530444549552183,4.830311739964974,0.6753425559264385,2.6902455764687034,3.172083663361442,4.607168188650764,2.997730276216664,4.137164559405029,0.691153161953081,3.5085558999826545,3.5085558999826545,3.8187108282864943,0.6832166123573445,2.455405985391302])",0.0
R174,"['necessary','enough','represent','trade','treatment','outside','ball','conference','control','south','structure','everything','despite','experts','discuss','ongoing','developments','policy']","(1000,[43,105,212,222,234,321,453,464,567,591,680,784,823,851,855,933,938,995],[4.270695952029551,3.7316994512968646,0.6753425559264385,3.3262343431887,2.6902455764687034,0.667530016189645,3.2208738275308737,3.125563647726549,0.6792718340663283,4.270695952029551,3.6516567436233283,2.958509563063383,3.577548771469606,3.4440173788450834,3.5085558999826545,3.914021008090819,2.455405985391302,0.691153161953081])",1.0
R201,"['resource','nearly','particularly','home','unit','way','plan','represent','decision','position','girl','despite','bar','black','enter','piece','social','similar','style','section','key','experts','discuss','ongoing','developments','public','health']","(1000,[80,168,184,212,245,321,324,345,363,429,464,534,567,600,618,643,661,851,854,855,896,925,926,942,982,995,996],[3.383392757028649,2.661258039595451,4.137164559405029,0.6753425559264385,4.42484663185681,0.667530016189645,3.4440173788450834,4.42484663185681,4.42484663185681,3.4440173788450834,3.125563647726549,3.4440173788450834,0.6792718340663283,3.914021008090819,2.958509563063383,4.270695952029551,4.019381523748645,3.4440173788450834,3.2208738275308737,3.5085558999826545,3.5085558999826545,3.172083663361442,3.914021008090819,4.270695952029551,4.607168188650764,0.691153161953081,2.958509563063383])",1.0
R072,"['seem','section','health','fight','major','skin','article','occur','sure','amount','line','story','wind','southern','experts','discuss','ongoing','developments','education']","(1000,[160,169,212,321,327,336,491,518,567,662,673,707,717,856,873,896,974,995,996],[3.7316994512968646,4.270695952029551,0.6753425559264385,0.667530016189645,2.5277266469709283,3.577548771469606,2.958509563063383,4.270695952029551,0.6792718340663283,4.42484663185681,3.3262343431887,4.607168188650764,4.830311739964974,4.137164559405029,2.60568818844064,3.5085558999826545,3.3262343431887,0.691153161953081,2.958509563063383])",1.0
R064,"['ground','authority','design','model','west','with','agency','less','our','development','open','understand','plan','attention','line','experts','discuss','ongoing','developments','research']","(1000,[62,67,89,212,252,264,283,321,336,421,447,567,577,582,690,740,926,966,995],[3.914021008090819,5.565237793199437,3.577548771469606,0.6753425559264385,2.997730276216664,3.125563647726549,3.6516567436233283,0.667530016189645,3.577548771469606,3.383392757028649,2.8844015909096608,0.6792718340663283,2.920769235080536,3.172083663361442,3.2721671219184243,3.577548771469606,3.914021008090819,3.4440173788450834,0.691153161953081])",1.0
F037,"['check','radio','try','yard','few','ball','reflect','perhaps','cultural','play','source','less','blood','line','entire','around','mr','owner','develop','water','—','shocking','claims','miracle','drug','surface','internet']","(1000,[6,12,55,230,233,235,249,257,282,308,319,323,336,408,517,586,639,665,760,766,823,837,838,843,897,912,966],[4.019381523748645,4.830311739964974,4.270695952029551,0.6871770135734415,0.667530016189645,3.2721671219184243,3.7316994512968646,4.270695952029551,3.4440173788450834,3.914021008090819,5.117993812416755,5.117993812416755,3.577548771469606,3.5085558999826545,0.6753425559264385,3.7316994512968646,3.125563647726549,2.7826188965997183,3.8187108282864943,3.8187108282864943,3.577548771469606,0.691153161953081,4.42484663185681,3.6516567436233283,3.914021008090819,0.6832166123573445,3.4440173788450834])",0.0
R170,"['later','deep','condition','effort','market','worry','head','perform','teacher','certainly','quality','wide','experts','discuss','ongoing','developments','technology','breakthrough']","(1000,[7,86,195,212,248,321,383,497,567,572,584,599,667,742,782,829,833,995],[3.6516567436233283,3.383392757028649,3.6516567436233283,0.6753425559264385,3.7316994512968646,0.667530016189645,2.345405090176974,3.2721671219184243,0.6792718340663283,3.6516567436233283,3.8187108282864943,2.7200985396183848,3.4440173788450834,3.383392757028649,3.4440173788450834,2.8154087194227095,3.383392757028649,0.691153161953081])",1.0
F110,"['energy','capital','every','early','training','particular','war','effort','indicate','matter','side','probably','—','shocking','claims','celebrity','scandal','surface','internet']","(1000,[32,92,230,233,263,348,517,529,550,561,667,775,798,811,837,880,912,921,932],[3.4440173788450834,4.019381523748645,0.6871770135734415,0.667530016189645,5.117993812416755,3.8187108282864943,0.6753425559264385,3.2208738275308737,3.3262343431887,3.383392757028649,3.4440173788450834,2.997730276216664,3.0385522707369192,2.5277266469709283,0.691153161953081,3.8187108282864943,0.6832166123573445,3.125563647726549,2.849310271098391])",0.0
F048,"['investment','listen','never','attorney','company','wind','certainly','art','—','shocking','claims','secret','cure','surface','internet']","(1000,[140,230,233,250,287,297,396,401,478,517,685,829,837,856,912],[2.38796470459577,0.6871770135734415,0.667530016189645,4.42484663185681,5.117993812416755,3.125563647726549,2.5530444549552183,2.920769235080536,3.5085558999826545,0.6753425559264385,3.7316994512968646,2.8154087194227095,0.691153161953081,4.137164559405029,0.6832166123573445])",0.0
F082,"['relationship','war','somebody','need','light','hospital','ready','kind','interest','air','—','shocking','claims','hoax','surface','internet']","(1000,[190,230,233,274,344,468,517,527,582,596,682,775,837,912,961],[3.3262343431887,0.6871770135734415,0.667530016189645,3.8187108282864943,3.4440173788450834,2.246314187532743,0.6753425559264385,6.441747655061747,3.172083663361442,4.137164559405029,3.7316994512968646,2.997730276216664,0.691153161953081,0.6832166123573445,3.577548771469606])",0.0
F187,"['job','building','hand','whether','hope','experience','receive','—','shocking','claims','miracle','drug','surface','internet']","(1000,[7,34,230,233,249,264,408,517,639,665,709,778,837,912],[3.6516567436233283,4.830311739964974,0.6871770135734415,0.667530016189645,3.7316994512968646,3.125563647726549,3.5085558999826545,0.6753425559264385,3.125563647726549,2.7826188965997183,4.42484663185681,3.6516567436233283,0.691153161953081,0.6832166123573445])",0.0
F027,"['data','political','analysis','raise','green','fight','hold','ago','start','space','something','ok','media','country','lead','appear','listen','bad','much','writer','hold','light','—','shocking','claims','miracle','drug','surface','internet']","(1000,[125,148,230,233,253,286,297,314,336,379,471,497,517,582,593,639,662,665,669,697,744,790,799,837,877,912,917,981],[3.383392757028649,3.6516567436233283,0.6871770135734415,0.667530016189645,3.914021008090819,3.383392757028649,3.125563647726549,4.019381523748645,3.577548771469606,3.7316994512968646,5.523458920524919,3.2721671219184243,0.6753425559264385,3.172083663361442,4.019381523748645,3.125563647726549,4.42484663185681,2.7826188965997183,4.830311739964974,3.8187108282864943,4.42484663185681,3.5085558999826545,3.914021008090819,0.691153161953081,6.766785514057298,0.6832166123573445,3.8187108282864943,2.997730276216664])",0.0
F202,"['special','poor','miss','professional','campaign','respond','factor','pattern','—','shocking','claims','hoax','surface','internet']","(1000,[214,230,233,260,433,454,468,517,613,699,766,837,912,987],[5.117993812416755,0.6871770135734415,0.667530016189645,3.7316994512968646,3.2208738275308737,4.270695952029551,2.246314187532743,0.6753425559264385,2.997730276216664,3.7316994512968646,3.8187108282864943,0.691153161953081,0.6832166123573445,5.117993812416755])",0.0
F197,"['rate','career','talk','report','team','seek','almost','rate','ability','region','reason','candidate','—','shocking','claims','secret','cure','surface','internet']","(1000,[38,140,146,230,233,240,396,491,517,541,612,620,696,837,889,912,915],[3.8187108282864943,2.38796470459577,4.607168188650764,0.6871770135734415,0.667530016189645,4.42484663185681,2.5530444549552183,2.958509563063383,1.350685111852877,5.117993812416755,6.544334243836849,3.6516567436233283,4.607168188650764,0.691153161953081,3.577548771469606,0.6832166123573445,3.125563647726549])",0.0
R128,"['new','team','end','keep','probably','stage','each','board','car','kitchen','light','along','set','loss','bit','lot','wife','effect','prevent','source','chair','standard','rise','experts','discuss','ongoing','developments','climate','change']","(1000,[2,87,100,103,106,119,212,225,279,301,321,420,421,448,491,514,554,567,582,613,625,642,760,823,829,880,921,962,995],[4.830311739964974,2.8154087194227095,4.019381523748645,3.914021008090819,2.661258039595451,3.3262343431887,0.6753425559264385,3.8187108282864943,2.997730276216664,3.2208738275308737,0.667530016189645,3.172083663361442,3.383392757028649,3.383392757028649,2.958509563063383,4.137164559405029,4.137164559405029,0.6792718340663283,3.172083663361442,2.997730276216664,2.849310271098391,4.42484663185681,3.8187108282864943,3.577548771469606,2.8154087194227095,3.8187108282864943,3.125563647726549,3.172083663361442,0.691153161953081])",1.0
F157,"['kid','natural','statement','rate','education','political','movie','act','couple','minute','total','—','shocking','claims','government','cover-up','surface','internet']","(1000,[47,121,230,233,253,448,517,542,585,620,657,837,839,848,850,866,912,963],[3.2208738275308737,3.914021008090819,0.6871770135734415,0.667530016189645,3.914021008090819,3.383392757028649,0.6753425559264385,2.366458499374806,4.137164559405029,3.6516567436233283,5.523458920524919,0.691153161953081,3.7316994512968646,4.270695952029551,4.270695952029551,2.6902455764687034,0.6832166123573445,4.019381523748645])",0.0
F117,"['quality','executive','increase','government','rate','guy','write','rich','west','able','make','state','trouble','significant','rock','sound','popular','politics','certain','value','since','bank','—','shocking','claims','hoax','surface','internet']","(1000,[89,129,148,154,230,233,283,339,468,517,570,577,580,620,682,761,803,804,837,866,869,890,902,903,912,946,967],[3.577548771469606,3.914021008090819,3.6516567436233283,4.137164559405029,0.6871770135734415,0.667530016189645,3.6516567436233283,4.42484663185681,2.246314187532743,0.6753425559264385,4.270695952029551,2.920769235080536,2.997730276216664,3.6516567436233283,3.7316994512968646,3.2721671219184243,7.463398902593729,3.125563647726549,0.691153161953081,2.6902455764687034,3.383392757028649,4.137164559405029,3.8187108282864943,3.6516567436233283,0.6832166123573445,3.4440173788450834,3.7316994512968646])",0.0
F173,"['movement','including','story','old','audience','skin','institution','—','shocking','claims','secret','cure','surface','internet']","(1000,[140,169,183,230,233,321,340,396,433,517,673,708,837,912],[2.38796470459577,4.270695952029551,4.137164559405029,0.6871770135734415,0.667530016189645,0.667530016189645,4.607168188650764,2.5530444549552183,3.2208738275308737,0.6753425559264385,3.3262343431887,3.3262343431887,0.691153161953081,0.6832166123573445])",0.0
F024,"['create','sea','ability','moment','style','rich','theory','property','democrat','—','shocking','claims','aliens','surface','internet']","(1000,[230,233,288,517,607,612,641,667,837,850,851,877,902,912,929],[0.6871770135734415,0.667530016189645,2.920769235080536,0.6753425559264385,3.7316994512968646,3.2721671219184243,4.830311739964974,3.4440173788450834,0.691153161953081,4.270695952029551,3.4440173788450834,3.383392757028649,3.8187108282864943,0.6832166123573445,2.920769235080536])",0.0
F096,"['history','task','prepare','many','discover','turn','civil','season','usually','magazine','ten','former','candidate','response','back','—','shocking','claims','celebrity','scandal','surface','internet']","(1000,[63,174,230,233,238,360,452,476,488,517,560,746,770,811,837,895,907,912,931,932,966],[3.7316994512968646,3.4440173788450834,0.6871770135734415,0.667530016189645,3.8187108282864943,4.137164559405029,3.2208738275308737,3.914021008090819,3.6516567436233283,1.350685111852877,3.0385522707369192,3.2721671219184243,4.019381523748645,2.5277266469709283,0.691153161953081,3.577548771469606,3.6516567436233283,0.6832166123573445,3.8187108282864943,2.849310271098391,3.4440173788450834])",0.0
R247,"['lose','turn','dog','activity','eight','great','realize','change','year','peace','hair','experts','discuss','ongoing','developments','public','health']","(1000,[93,142,169,212,294,321,330,359,442,567,611,618,818,907,915,925,995],[3.172083663361442,3.8187108282864943,4.270695952029551,0.6753425559264385,3.914021008090819,0.667530016189645,3.7316994512968646,4.270695952029551,3.577548771469606,0.6792718340663283,3.7316994512968646,2.958509563063383,3.914021008090819,3.6516567436233283,3.125563647726549,3.172083663361442,0.691153161953081])",1.0
F226,"['sometimes','billion','sit','peace','various','quite','plant','product','ball','seem','spring','notice','city','deep','shake','piece','left','teach','—','shocking','claims','government','cover-up','surface','internet']","(1000,[46,99,195,230,233,440,517,542,609,751,818,823,837,853,866,875,885,906,912,927,953,973,990,996],[3.8187108282864943,5.523458920524919,3.6516567436233283,0.6871770135734415,0.667530016189645,3.0811118851557153,0.6753425559264385,2.366458499374806,3.914021008090819,4.137164559405029,3.914021008090819,3.577548771469606,0.691153161953081,4.137164559405029,2.6902455764687034,2.997730276216664,3.125563647726549,3.8187108282864943,0.6832166123573445,3.4440173788450834,3.7316994512968646,4.607168188650764,4.42484663185681,5.917019126126766])",0.0
F100,"['program','stage','present','clearly','reach','professional','bit','name','report','group','office','—','shocking','claims','flat','earth','surface','internet']","(1000,[25,96,103,115,120,230,233,240,311,401,514,517,549,613,631,837,912,922],[3.7316994512968646,3.7316994512968646,3.914021008090819,3.8187108282864943,4.270695952029551,0.6871770135734415,0.667530016189645,4.42484663185681,3.5085558999826545,2.920769235080536,4.137164559405029,0.6753425559264385,2.920769235080536,2.997730276216664,4.830311739964974,0.691153161953081,0.6832166123573445,3.7316994512968646])",0.0
F246,"['song','energy','sea','responsibility','—','shocking','claims','government','cover-up','surface','internet']","(1000,[230,233,292,517,542,641,710,837,866,912,928],[0.6871770135734415,0.667530016189645,4.607168188650764,0.6753425559264385,2.366458499374806,4.830311739964974,4.270695952029551,0.691153161953081,2.6902455764687034,0.6832166123573445,3.8187108282864943])",0.0
F183,"['include','television','politics','far','wife','create','product','allow','laugh','—','shocking','claims','aliens','surface','internet']","(1000,[32,67,89,230,233,303,306,448,517,543,692,837,912,929,953],[3.4440173788450834,2.7826188965997183,3.577548771469606,0.6871770135734415,0.667530016189645,3.172083663361442,4.019381523748645,3.383392757028649,0.6753425559264385,4.830311739964974,4.137164559405029,0.691153161953081,0.6832166123573445,2.920769235080536,3.7316994512968646])",0.0
R063,"['decide','approach','value','decade','walk','magazine','race','similar','life','order','keep','safe','seek','series','human','trip','town','many','experts','discuss','ongoing','developments','policy']","(1000,[38,47,57,102,151,168,212,234,235,256,279,321,360,476,567,577,636,690,703,903,930,995,999],[3.8187108282864943,3.2208738275308737,4.137164559405029,5.117993812416755,3.8187108282864943,2.661258039595451,0.6753425559264385,2.6902455764687034,3.2721671219184243,3.383392757028649,2.997730276216664,0.667530016189645,4.137164559405029,3.914021008090819,0.6792718340663283,2.920769235080536,4.830311739964974,3.2721671219184243,4.019381523748645,3.6516567436233283,3.914021008090819,0.691153161953081,3.914021008090819])",1.0
R005,"['smile','bar','want','woman','experts','discuss','ongoing','developments','election']","(1000,[160,212,242,321,334,429,562,567,995],[3.7316994512968646,0.6753425559264385,2.8844015909096608,0.667530016189645,4.270695952029551,3.4440173788450834,3.914021008090819,0.6792718340663283,0.691153161953081])",1.0
R084,"['space','long','effect','ago','program','attorney','positive','everyone','career','stop','similar','message','through','experts','discuss','ongoing','developments','election']","(1000,[50,168,194,212,242,248,314,321,455,469,478,567,627,696,761,962,978,995],[3.8187108282864943,2.661258039595451,2.8844015909096608,0.6753425559264385,2.8844015909096608,3.7316994512968646,4.019381523748645,0.667530016189645,3.2721671219184243,3.2208738275308737,3.5085558999826545,0.6792718340663283,4.830311739964974,4.607168188650764,3.2721671219184243,3.172083663361442,3.8187108282864943,0.691153161953081])",1.0
R124,"['wear','game','question','present','affect','break','teacher','interest','form','experts','discuss','ongoing','developments','education']","(1000,[25,60,86,212,321,327,390,478,567,596,615,798,869,995],[3.7316994512968646,4.830311739964974,3.383392757028649,0.6753425559264385,0.667530016189645,2.5277266469709283,4.270695952029551,3.5085558999826545,0.6792718340663283,4.137164559405029,3.914021008090819,3.0385522707369192,3.383392757028649,0.691153161953081])",1.0
R118,"['public','yard','together','true','second','nice','structure','sense','mind','land','last','per','experts','discuss','ongoing','developments','research']","(1000,[90,212,282,297,310,321,447,523,567,578,648,680,757,876,919,962,995],[3.125563647726549,0.6753425559264385,3.4440173788450834,3.125563647726549,2.5530444549552183,0.667530016189645,2.8844015909096608,3.4440173788450834,0.6792718340663283,3.914021008090819,3.4440173788450834,3.6516567436233283,5.117993812416755,3.5085558999826545,4.137164559405029,3.172083663361442,0.691153161953081])",1.0
F001,"['book','couple','middle','western','fill','find','—','shocking','claims','aliens','surface','internet']","(1000,[230,233,445,448,517,663,738,837,912,929,938,972],[0.6871770135734415,0.667530016189645,5.117993812416755,3.383392757028649,0.6753425559264385,3.6516567436233283,3.914021008090819,0.691153161953081,0.6832166123573445,2.920769235080536,2.455405985391302,4.270695952029551])",0.0
F007,"['picture','hear','town','teacher','physical','military','soldier','want','simple','star','purpose','understand','consider','break','sit','join','news','popular','message','attack','lay','impact','heart','behavior','—','shocking','claims','immortal','jellyfish','surface','internet']","(1000,[23,29,46,86,174,230,233,235,248,256,283,390,415,464,517,521,526,531,561,562,605,611,775,803,837,840,841,843,873,883,912],[3.7316994512968646,2.6902455764687034,3.8187108282864943,3.383392757028649,3.4440173788450834,0.6871770135734415,0.667530016189645,3.2721671219184243,3.7316994512968646,3.383392757028649,3.6516567436233283,4.270695952029551,3.577548771469606,3.125563647726549,0.6753425559264385,3.914021008090819,5.523458920524919,3.2208738275308737,3.383392757028649,3.914021008090819,2.7508701982851385,3.7316994512968646,2.997730276216664,3.7316994512968646,0.691153161953081,3.6516567436233283,4.42484663185681,3.6516567436233283,2.60568818844064,2.997730276216664,0.6832166123573445])",0.0
F046,"['land','approach','fear','street','religious','—','shocking','claims','mind','control','surface','internet']","(1000,[168,180,200,230,233,310,517,588,703,837,912,938],[2.661258039595451,3.8187108282864943,3.914021008090819,0.6871770135734415,0.667530016189645,2.5530444549552183,0.6753425559264385,3.8187108282864943,4.019381523748645,0.691153161953081,0.6832166123573445,2.455405985391302])",0.0
R103,"['popular','mind','arrive','science','pick','prepare','every','service','cause','protect','yourself','experts','discuss','ongoing','developments','research']","(1000,[77,143,158,212,310,321,447,509,550,567,746,775,819,895,940,995],[3.577548771469606,3.6516567436233283,3.577548771469606,0.6753425559264385,2.5530444549552183,0.667530016189645,2.8844015909096608,5.523458920524919,3.3262343431887,0.6792718340663283,3.2721671219184243,2.997730276216664,2.958509563063383,3.577548771469606,4.137164559405029,0.691153161953081])",1.0
R037,"['case','wear','music','arm','around','hundred','mean','party','product','past','lot','peace','might','experts','discuss','ongoing','developments','budget','report']","(1000,[28,93,106,212,222,249,288,321,405,421,527,555,567,602,818,829,942,953,995],[3.8187108282864943,3.172083663361442,2.661258039595451,0.6753425559264385,3.3262343431887,3.7316994512968646,2.920769235080536,0.667530016189645,3.914021008090819,3.383392757028649,3.2208738275308737,2.3045830956567186,0.6792718340663283,3.7316994512968646,3.914021008090819,2.8154087194227095,4.270695952029551,3.7316994512968646,0.691153161953081])",1.0
F193,"['skin','ask','building','fear','floor','sort','floor','court','news','help','benefit','hold','something','class','leave','necessary','police','fight','say','believe','modern','pick','participant','—','shocking','claims','secret','cure','surface','internet']","(1000,[23,77,94,140,167,168,230,233,249,279,284,310,374,396,423,517,536,564,638,662,680,681,697,837,844,857,877,912],[3.7316994512968646,3.577548771469606,4.137164559405029,2.38796470459577,5.117993812416755,2.661258039595451,0.6871770135734415,0.667530016189645,3.7316994512968646,2.997730276216664,3.383392757028649,2.5530444549552183,7.463398902593729,2.5530444549552183,4.607168188650764,0.6753425559264385,4.42484663185681,7.828042016181638,3.7316994512968646,4.42484663185681,3.6516567436233283,4.137164559405029,3.8187108282864943,0.691153161953081,4.019381523748645,3.914021008090819,3.383392757028649,0.6832166123573445])",0.0
R166,"['lead','term','head','blood','professional','material','experts','discuss','ongoing','developments','election']","(1000,[118,212,242,257,321,567,584,613,622,905,995],[4.137164559405029,0.6753425559264385,2.8844015909096608,4.270695952029551,0.667530016189645,0.6792718340663283,3.8187108282864943,2.997730276216664,4.137164559405029,4.270695952029551,0.691153161953081])",1.0
F017,"['police','door','remain','officer','another','few','east','size','law','watch','—','shocking','claims','immortal','jellyfish','surface','internet']","(1000,[29,132,157,201,230,233,282,517,544,604,605,631,694,766,788,837,912],[2.6902455764687034,4.137164559405029,2.997730276216664,3.577548771469606,0.6871770135734415,0.667530016189645,3.4440173788450834,0.6753425559264385,3.8187108282864943,3.914021008090819,2.7508701982851385,4.830311739964974,3.383392757028649,3.8187108282864943,3.6516567436233283,0.691153161953081,0.6832166123573445])",0.0
R008,"['role','process','must','experts','discuss','ongoing','developments','economic','growth']","(1000,[176,212,227,321,535,553,567,883,995],[5.117993812416755,0.6753425559264385,3.914021008090819,0.667530016189645,2.6902455764687034,2.920769235080536,0.6792718340663283,2.997730276216664,0.691153161953081])",1.0
F071,"['somebody','another','reality','president','international','allow','everything','spend','question','—','shocking','claims','celebrity','scandal','surface','internet']","(1000,[128,202,230,233,318,517,561,692,788,798,811,837,851,873,912,932],[3.7316994512968646,3.914021008090819,0.6871770135734415,0.667530016189645,4.830311739964974,0.6753425559264385,3.383392757028649,4.137164559405029,3.6516567436233283,3.0385522707369192,2.5277266469709283,0.691153161953081,3.4440173788450834,2.60568818844064,0.6832166123573445,2.849310271098391])",0.0
F028,"['strategy','drive','past','support','already','story','direction','democrat','—','shocking','claims','mind','control','surface','internet']","(1000,[79,80,180,230,233,284,288,310,517,602,673,758,837,912,938],[5.523458920524919,3.383392757028649,3.8187108282864943,0.6871770135734415,0.667530016189645,3.383392757028649,2.920769235080536,2.5530444549552183,0.6753425559264385,3.7316994512968646,3.3262343431887,3.914021008090819,0.691153161953081,0.6832166123573445,2.455405985391302])",0.0
F227,"['city','public','relate','candidate','really','mean','million','property','cup','believe','its','—','shocking','claims','immortal','jellyfish','surface','internet']","(1000,[28,29,230,233,266,279,297,402,468,517,555,605,607,618,820,837,912],[3.8187108282864943,2.6902455764687034,0.6871770135734415,0.667530016189645,4.42484663185681,2.997730276216664,3.125563647726549,5.117993812416755,2.246314187532743,1.350685111852877,2.3045830956567186,2.7508701982851385,3.7316994512968646,2.958509563063383,3.383392757028649,0.691153161953081,0.6832166123573445])",0.0
R200,"['director','brother','movie','experts','discuss','ongoing','developments','public','health']","(1000,[212,321,395,567,618,771,848,925,995],[0.6753425559264385,0.667530016189645,3.914021008090819,0.6792718340663283,2.958509563063383,5.117993812416755,4.270695952029551,3.172083663361442,0.691153161953081])",1.0
R225,"['blue','approach','president','successful','final','assume','federal','let','pass','writer','experts','discuss','ongoing','developments','climate','change']","(1000,[87,168,202,212,295,321,446,496,567,575,593,625,703,811,945,995],[2.8154087194227095,2.661258039595451,3.914021008090819,0.6753425559264385,4.270695952029551,0.667530016189645,3.5085558999826545,4.137164559405029,0.6792718340663283,4.270695952029551,4.019381523748645,2.849310271098391,4.019381523748645,2.5277266469709283,3.914021008090819,0.691153161953081])",1.0
R062,"['yeah','work','six','public','product','republican','much','ball','protect','subject','beautiful','nothing','experts','discuss','ongoing','developments','budget','report']","(1000,[80,106,130,212,321,477,555,567,580,597,618,789,799,819,820,823,953,995],[3.383392757028649,2.661258039595451,4.137164559405029,0.6753425559264385,0.667530016189645,3.914021008090819,2.3045830956567186,0.6792718340663283,2.997730276216664,4.019381523748645,2.958509563063383,4.607168188650764,3.914021008090819,2.958509563063383,3.383392757028649,3.577548771469606,3.7316994512968646,0.691153161953081])",1.0
F033,"['day','go','establish','reality','upon','prepare','care','method','people','actually','attack','card','area','let','—','shocking','claims','hoax','surface','internet']","(1000,[29,59,128,195,230,233,418,466,468,504,517,716,811,837,840,854,895,899,912,958],[2.6902455764687034,4.42484663185681,3.7316994512968646,3.6516567436233283,0.6871770135734415,0.667530016189645,4.137164559405029,3.172083663361442,2.246314187532743,4.019381523748645,0.6753425559264385,4.42484663185681,2.5277266469709283,0.691153161953081,3.6516567436233283,3.2208738275308737,3.577548771469606,3.914021008090819,0.6832166123573445,4.270695952029551])",0.0
F012,"['fight','resource','sell','significant','character','region','economic','reflect','couple','—','shocking','claims','hoax','surface','internet']","(1000,[230,233,362,394,448,468,517,535,586,612,837,909,912,946],[0.6871770135734415,0.667530016189645,3.577548771469606,3.914021008090819,3.383392757028649,2.246314187532743,0.6753425559264385,2.6902455764687034,3.7316994512968646,3.2721671219184243,0.691153161953081,3.914021008090819,0.6832166123573445,6.888034757690167])",0.0
R121,"['law','measure','move','middle','produce','case','building','wall','send','rich','hand','person','avoid','suffer','group','around','fire','best','may','free','place','couple','improve','start','name','experts','discuss','ongoing','developments','research']","(1000,[51,57,67,96,109,173,212,232,241,246,249,253,264,303,321,329,368,447,448,479,567,571,687,738,902,922,981,988,995],[3.8187108282864943,4.137164559405029,2.7826188965997183,3.7316994512968646,4.019381523748645,3.577548771469606,0.6753425559264385,4.137164559405029,3.5085558999826545,3.2208738275308737,7.463398902593729,3.914021008090819,3.125563647726549,3.172083663361442,0.667530016189645,3.914021008090819,4.137164559405029,2.8844015909096608,3.383392757028649,3.6516567436233283,0.6792718340663283,3.914021008090819,3.5085558999826545,3.914021008090819,3.8187108282864943,3.7316994512968646,2.997730276216664,3.8187108282864943,0.691153161953081])",1.0
F210,"['determine','imagine','start','improve','cost','task','work','order','price','degree','compare','near','them','instead','tell','including','fill','performance','ground','tv','—','shocking','claims','aliens','surface','internet']","(1000,[17,52,65,78,138,145,230,233,246,364,403,433,452,517,644,699,755,789,837,883,912,929,971,972,981,999],[2.958509563063383,4.607168188650764,3.8187108282864943,3.8187108282864943,4.607168188650764,4.42484663185681,0.6871770135734415,0.667530016189645,3.2208738275308737,4.137164559405029,3.3262343431887,3.2208738275308737,3.2208738275308737,0.6753425559264385,4.830311739964974,3.7316994512968646,4.42484663185681,4.607168188650764,0.691153161953081,2.997730276216664,0.6832166123573445,2.920769235080536,4.42484663185681,4.270695952029551,2.997730276216664,3.914021008090819])",0.0
F151,"['maintain','chance','daughter','image','eye','window','create','author','memory','field','performance','rest','artist','ready','time','state','—','shocking','claims','hoax','surface','internet']","(1000,[49,82,86,97,119,148,190,230,233,303,327,466,468,517,577,637,837,873,912,943,961,971],[3.7316994512968646,3.383392757028649,3.383392757028649,3.7316994512968646,3.3262343431887,3.6516567436233283,3.3262343431887,0.6871770135734415,0.667530016189645,3.172083663361442,2.5277266469709283,3.172083663361442,2.246314187532743,0.6753425559264385,2.920769235080536,4.137164559405029,0.691153161953081,2.60568818844064,0.6832166123573445,4.607168188650764,3.577548771469606,4.42484663185681])",0.0
F099,"['current','produce','table','world','might','right','factor','religious','authority','opportunity','fall','factor','author','—','shocking','claims','secret','cure','surface','internet']","(1000,[49,62,116,140,222,230,233,241,396,412,454,479,517,588,601,822,837,912],[3.7316994512968646,3.914021008090819,3.3262343431887,4.77592940919154,3.3262343431887,0.6871770135734415,0.667530016189645,3.5085558999826545,2.5530444549552183,4.270695952029551,8.541391904059102,3.6516567436233283,0.6753425559264385,3.8187108282864943,4.137164559405029,4.137164559405029,0.691153161953081,0.6832166123573445])",0.0
R090,"['national','hit','physical','make','food','trial','beyond','others','capital','hold','actually','experts','discuss','ongoing','developments','technology','breakthrough']","(1000,[129,139,195,212,321,351,383,464,567,599,734,784,798,877,879,995],[3.914021008090819,3.577548771469606,3.6516567436233283,0.6753425559264385,0.667530016189645,4.830311739964974,2.345405090176974,3.125563647726549,1.3585436681326566,2.7200985396183848,4.137164559405029,2.958509563063383,3.0385522707369192,3.383392757028649,4.019381523748645,0.691153161953081])",1.0
R125,"['director','open','much','rate','various','write','community','since','station','rate','account','never','foreign','return','energy','floor','experts','discuss','ongoing','developments','budget','report']","(1000,[89,106,110,212,250,292,321,440,508,555,564,567,608,620,690,771,799,833,869,967,995],[3.577548771469606,2.661258039595451,4.607168188650764,0.6753425559264385,4.42484663185681,4.607168188650764,0.667530016189645,3.0811118851557153,3.8187108282864943,2.3045830956567186,3.914021008090819,0.6792718340663283,4.137164559405029,7.3033134872466565,3.2721671219184243,5.117993812416755,3.914021008090819,3.383392757028649,3.383392757028649,3.7316994512968646,0.691153161953081])",1.0
R091,"['respond','recognize','power','music','ago','many','race','white','position','reflect','stay','huge','experts','discuss','ongoing','developments','climate','change']","(1000,[80,87,152,197,212,218,288,314,321,360,479,567,586,625,782,905,930,995],[3.383392757028649,2.8154087194227095,4.137164559405029,4.019381523748645,0.6753425559264385,4.019381523748645,2.920769235080536,4.019381523748645,0.667530016189645,4.137164559405029,3.6516567436233283,0.6792718340663283,3.7316994512968646,2.849310271098391,3.4440173788450834,4.270695952029551,3.914021008090819,0.691153161953081])",1.0
R157,"['establish','seat','executive','hit','case','will','experts','discuss','ongoing','developments','climate','change']","(1000,[51,87,212,321,357,438,567,570,625,733,784,995],[3.8187108282864943,2.8154087194227095,0.6753425559264385,0.667530016189645,3.2721671219184243,4.830311739964974,0.6792718340663283,4.270695952029551,2.849310271098391,5.523458920524919,2.958509563063383,0.691153161953081])",1.0
F098,"['religious','represent','deal','clear','meet','property','she','sort','talk','capital','response','present','try','get','far','suggest','—','shocking','claims','miracle','drug','surface','internet']","(1000,[17,25,32,53,144,174,230,233,310,517,607,639,665,724,798,837,843,855,876,912,915,927],[2.958509563063383,3.7316994512968646,3.4440173788450834,4.019381523748645,3.383392757028649,3.4440173788450834,0.6871770135734415,0.667530016189645,2.5530444549552183,0.6753425559264385,3.7316994512968646,3.125563647726549,2.7826188965997183,4.270695952029551,3.0385522707369192,1.382306323906162,3.6516567436233283,3.5085558999826545,3.5085558999826545,0.6832166123573445,3.125563647726549,3.4440173788450834])",0.0
F164,"['local','man','effect','event','feel','management','hear','it','—','shocking','claims','immortal','jellyfish','surface','internet']","(1000,[29,230,233,517,518,531,580,605,718,759,837,865,898,912,962],[2.6902455764687034,0.6871770135734415,0.667530016189645,0.6753425559264385,4.270695952029551,3.2208738275308737,2.997730276216664,2.7508701982851385,3.914021008090819,5.117993812416755,0.691153161953081,3.914021008090819,3.8187108282864943,0.6832166123573445,3.172083663361442])",0.0
R050,"['poor','heavy','onto','respond','officer','fly','young','better','including','everybody','mention','dog','election','experts','discuss','ongoing','developments','economic','growth']","(1000,[30,142,149,157,212,301,321,433,535,553,560,567,597,699,803,904,921,941,995],[4.270695952029551,3.8187108282864943,3.7316994512968646,2.997730276216664,0.6753425559264385,3.2208738275308737,0.667530016189645,3.2208738275308737,2.6902455764687034,2.920769235080536,3.0385522707369192,0.6792718340663283,4.019381523748645,3.7316994512968646,3.7316994512968646,4.42484663185681,3.125563647726549,3.914021008090819,0.691153161953081])",1.0
R249,"['network','truth','record','defense','heavy','baby','experts','discuss','ongoing','developments','climate','change']","(1000,[87,149,178,212,300,321,468,567,625,831,947,995],[2.8154087194227095,3.7316994512968646,3.6516567436233283,0.6753425559264385,3.8187108282864943,0.667530016189645,2.246314187532743,0.6792718340663283,2.849310271098391,3.4440173788450834,5.523458920524919,0.691153161953081])",1.0
R093,"['station','federal','drop','fish','surface','green','significant','region','attack','alone','score','rather','night','experts','discuss','ongoing','developments','election']","(1000,[125,212,219,230,242,321,358,404,446,452,550,567,612,673,840,917,946,995],[3.383392757028649,0.6753425559264385,4.42484663185681,0.6871770135734415,2.8844015909096608,0.667530016189645,4.019381523748645,3.914021008090819,3.5085558999826545,3.2208738275308737,3.3262343431887,0.6792718340663283,3.2721671219184243,3.3262343431887,3.6516567436233283,3.8187108282864943,3.4440173788450834,0.691153161953081])",1.0
R131,"['society','president','seat','right','experts','discuss','ongoing','developments','education']","(1000,[140,202,212,321,327,357,567,887,995],[2.38796470459577,3.914021008090819,0.6753425559264385,0.667530016189645,2.5277266469709283,3.2721671219184243,0.6792718340663283,5.523458920524919,0.691153161953081])",1.0
F107,"['wish','series','interesting','short','impact','six','education','town','night','dinner','stage','sister','policy','have','—','shocking','claims','flat','earth','surface','internet']","(1000,[47,103,158,200,230,233,235,269,312,401,404,517,521,549,577,580,735,837,871,896,912],[3.2208738275308737,3.914021008090819,3.577548771469606,3.914021008090819,0.6871770135734415,0.667530016189645,3.2721671219184243,5.117993812416755,4.270695952029551,2.920769235080536,3.914021008090819,0.6753425559264385,3.914021008090819,2.920769235080536,2.920769235080536,2.997730276216664,4.270695952029551,0.691153161953081,3.5085558999826545,3.5085558999826545,0.6832166123573445])",0.0
F153,"['science','center','despite','still','rule','throw','expect','order','—','shocking','claims','hoax','surface','internet']","(1000,[44,230,233,303,324,464,468,517,613,686,824,837,912,999],[4.137164559405029,0.6871770135734415,0.667530016189645,3.172083663361442,3.4440173788450834,3.125563647726549,2.246314187532743,0.6753425559264385,2.997730276216664,4.137164559405029,3.7316994512968646,0.691153161953081,0.6832166123573445,3.914021008090819])",0.0
F091,"['establish','receive','agree','federal','indicate','management','yes','movement','teach','player','moment','claim','west','—','shocking','claims','flat','earth','surface','internet']","(1000,[7,201,230,233,271,348,401,438,446,517,549,577,751,837,865,875,877,912,949,998],[3.6516567436233283,3.577548771469606,0.6871770135734415,0.667530016189645,4.270695952029551,3.8187108282864943,2.920769235080536,4.830311739964974,3.5085558999826545,0.6753425559264385,2.920769235080536,2.920769235080536,4.137164559405029,0.691153161953081,3.914021008090819,2.997730276216664,3.383392757028649,0.6832166123573445,3.5085558999826545,4.137164559405029])",0.0
R246,"['back','add','artist','left','everybody','kind','better','million','assume','language','company','improve','national','stock','experts','discuss','ongoing','developments','economic','growth']","(1000,[119,211,212,215,246,274,321,468,496,499,535,551,553,560,567,652,685,921,990,995],[3.3262343431887,4.42484663185681,0.6753425559264385,3.8187108282864943,3.2208738275308737,3.8187108282864943,0.667530016189645,2.246314187532743,4.137164559405029,4.270695952029551,2.6902455764687034,3.914021008090819,2.920769235080536,3.0385522707369192,0.6792718340663283,4.270695952029551,3.7316994512968646,3.125563647726549,4.42484663185681,0.691153161953081])",1.0
F004,"['pretty','rule','before','animal','teach','ability','somebody','represent','person','fall','particularly','think','commercial','pay','—','shocking','claims','secret','cure','surface','internet']","(1000,[140,230,233,285,329,344,396,479,517,520,534,575,612,679,800,824,837,855,875,890,912],[2.38796470459577,0.6871770135734415,0.667530016189645,3.3262343431887,3.914021008090819,3.4440173788450834,2.5530444549552183,3.6516567436233283,0.6753425559264385,3.4440173788450834,3.4440173788450834,4.270695952029551,3.2721671219184243,4.830311739964974,3.8187108282864943,3.7316994512968646,0.691153161953081,3.5085558999826545,2.997730276216664,4.137164559405029,0.6832166123573445])",0.0
F220,"['common','option','either','specific','feel','for','blue','make','read','car','role','pm','tax','—','shocking','claims','celebrity','scandal','surface','internet']","(1000,[22,129,144,230,233,241,270,301,351,366,517,528,542,580,673,811,837,912,932,948],[3.914021008090819,3.914021008090819,3.383392757028649,0.6871770135734415,0.667530016189645,3.5085558999826545,4.019381523748645,3.2208738275308737,4.830311739964974,5.117993812416755,0.6753425559264385,4.830311739964974,2.366458499374806,2.997730276216664,3.3262343431887,2.5277266469709283,0.691153161953081,0.6832166123573445,2.849310271098391,3.577548771469606])",0.0
F121,"['seek','similar','open','try','policy','blood','wind','shoulder','eat','later','anyone','issue','deal','second','—','shocking','claims','hoax','surface','internet']","(1000,[89,144,168,230,233,257,291,297,468,517,527,559,576,598,735,837,843,856,912],[3.577548771469606,3.383392757028649,2.661258039595451,0.6871770135734415,0.667530016189645,4.270695952029551,4.270695952029551,3.125563647726549,2.246314187532743,0.6753425559264385,3.2208738275308737,4.137164559405029,3.577548771469606,5.117993812416755,4.270695952029551,0.691153161953081,3.6516567436233283,4.137164559405029,1.366433224714689])",0.0
F245,"['smile','hand','purpose','even','door','yard','act','painting','lead','book','soldier','write','room','—','shocking','claims','mind','control','surface','internet']","(1000,[121,142,181,201,230,233,256,264,282,310,334,517,617,626,744,775,837,912,938,967],[3.914021008090819,3.8187108282864943,4.270695952029551,3.577548771469606,0.6871770135734415,0.667530016189645,3.383392757028649,3.125563647726549,3.4440173788450834,2.5530444549552183,4.270695952029551,0.6753425559264385,3.125563647726549,4.270695952029551,4.42484663185681,2.997730276216664,0.691153161953081,0.6832166123573445,2.455405985391302,3.7316994512968646])",0.0
R035,"['major','take','stop','affect','picture','experts','discuss','ongoing','developments','climate','change']","(1000,[87,115,179,212,321,469,567,625,869,979,995],[2.8154087194227095,3.8187108282864943,3.914021008090819,0.6753425559264385,0.667530016189645,3.2208738275308737,0.6792718340663283,2.849310271098391,3.383392757028649,4.607168188650764,0.691153161953081])",1.0
R024,"['information','treatment','chair','successful','quite','machine','member','american','true','ready','politics','son','position','leg','experts','discuss','ongoing','developments','education']","(1000,[61,80,89,90,133,190,198,212,295,321,327,350,554,567,784,864,908,995,996],[4.019381523748645,3.383392757028649,3.577548771469606,3.125563647726549,4.830311739964974,3.3262343431887,4.137164559405029,0.6753425559264385,4.270695952029551,0.667530016189645,2.5277266469709283,4.137164559405029,4.137164559405029,0.6792718340663283,2.958509563063383,4.830311739964974,4.42484663185681,0.691153161953081,2.958509563063383])",1.0
F079,"['say','kind','season','mean','executive','expert','major','growth','start','—','shocking','claims','miracle','drug','surface','internet']","(1000,[24,28,230,233,274,312,357,491,517,570,639,665,746,837,912,981],[3.125563647726549,3.8187108282864943,0.6871770135734415,0.667530016189645,3.8187108282864943,4.270695952029551,3.2721671219184243,2.958509563063383,0.6753425559264385,4.270695952029551,3.125563647726549,2.7826188965997183,3.2721671219184243,0.691153161953081,0.6832166123573445,2.997730276216664])",0.0
R094,"['major','born','data','management','cause','alone','industry','example','type','claim','kind','five','late','hear','require','somebody','experts','discuss','ongoing','developments','policy']","(1000,[115,157,193,201,212,234,274,279,302,321,344,515,520,531,567,677,700,775,865,917,995],[3.8187108282864943,2.997730276216664,4.137164559405029,3.577548771469606,0.6753425559264385,2.6902455764687034,3.8187108282864943,2.997730276216664,4.019381523748645,0.667530016189645,3.4440173788450834,3.914021008090819,3.4440173788450834,3.2208738275308737,0.6792718340663283,4.019381523748645,4.137164559405029,2.997730276216664,3.914021008090819,3.8187108282864943,0.691153161953081])",1.0
R040,"['feel','strategy','later','sit','east','experts','discuss','ongoing','developments','policy']","(1000,[46,212,234,291,321,446,567,604,648,995],[3.8187108282864943,0.6753425559264385,2.6902455764687034,4.270695952029551,0.667530016189645,3.5085558999826545,0.6792718340663283,3.914021008090819,3.4440173788450834,0.691153161953081])",1.0
F170,"['southern','defense','hold','great','chance','debate','democrat','face','today','artist','—','shocking','claims','immortal','jellyfish','surface','internet']","(1000,[29,86,119,178,230,233,288,402,517,605,632,784,837,877,912,915,966],[2.6902455764687034,3.383392757028649,3.3262343431887,3.6516567436233283,0.6871770135734415,0.667530016189645,2.920769235080536,5.117993812416755,0.6753425559264385,2.7508701982851385,4.42484663185681,2.958509563063383,0.691153161953081,3.383392757028649,0.6832166123573445,3.125563647726549,3.4440173788450834])",0.0
F130,"['despite','official','use','effect','without','car','theory','mind','american','continue','long','group','nature','everyone','drive','—','shocking','claims','immortal','jellyfish','surface','internet']","(1000,[29,61,96,102,194,216,230,233,252,284,301,310,362,517,605,667,761,767,837,912,962,981],[2.6902455764687034,4.019381523748645,3.7316994512968646,5.117993812416755,2.8844015909096608,3.172083663361442,0.6871770135734415,0.667530016189645,2.997730276216664,3.383392757028649,3.2208738275308737,2.5530444549552183,3.577548771469606,0.6753425559264385,2.7508701982851385,3.4440173788450834,3.2721671219184243,3.7316994512968646,0.691153161953081,0.6832166123573445,3.172083663361442,2.997730276216664])",0.0
R085,"['avoid','notice','course','whole','experts','discuss','ongoing','developments','economic','growth']","(1000,[212,321,535,553,567,706,790,939,973,995],[0.6753425559264385,0.667530016189645,2.6902455764687034,2.920769235080536,0.6792718340663283,4.830311739964974,3.5085558999826545,4.607168188650764,4.607168188650764,0.691153161953081])",1.0
R054,"['wrong','side','already','media','game','heavy','month','husband','wide','gun','indeed','pretty','sit','bad','experts','discuss','ongoing','developments','budget','report']","(1000,[46,82,106,149,157,212,276,286,303,321,429,555,561,567,615,617,758,782,917,995],[3.8187108282864943,3.383392757028649,2.661258039595451,3.7316994512968646,2.997730276216664,0.6753425559264385,4.270695952029551,3.383392757028649,3.172083663361442,0.667530016189645,3.4440173788450834,2.3045830956567186,3.383392757028649,0.6792718340663283,3.914021008090819,3.125563647726549,3.914021008090819,3.4440173788450834,3.8187108282864943,0.691153161953081])",1.0
R047,"['civil','civil','phone','though','blue','model','method','seek','experts','discuss','ongoing','developments','technology','breakthrough']","(1000,[38,212,252,264,321,322,383,531,560,567,599,673,899,995],[3.8187108282864943,0.6753425559264385,2.997730276216664,3.125563647726549,0.667530016189645,5.117993812416755,2.345405090176974,3.2208738275308737,3.0385522707369192,0.6792718340663283,2.7200985396183848,3.3262343431887,3.914021008090819,0.691153161953081])",1.0
R199,"['activity','top','occur','economy','important','treat','often','social','interest','experts','discuss','ongoing','developments','economic','growth']","(1000,[185,212,321,414,535,553,567,596,600,606,634,698,873,995],[4.42484663185681,0.6753425559264385,0.667530016189645,3.914021008090819,5.380491152937407,2.920769235080536,0.6792718340663283,4.137164559405029,3.914021008090819,4.137164559405029,3.914021008090819,3.2208738275308737,2.60568818844064,0.691153161953081])",1.0
F062,"['third','modern','arm','involve','way','detail','—','shocking','claims','miracle','drug','surface','internet']","(1000,[69,93,230,233,284,403,517,572,639,665,837,854,912],[4.137164559405029,3.172083663361442,0.6871770135734415,0.667530016189645,3.383392757028649,3.3262343431887,0.6753425559264385,3.6516567436233283,3.125563647726549,2.7826188965997183,0.691153161953081,3.2208738275308737,0.6832166123573445])",0.0
R244,"['decade','create','woman','party','about','way','behavior','develop','responsibility','travel','floor','former','experts','discuss','ongoing','developments','technology','breakthrough']","(1000,[21,160,212,303,321,383,405,408,415,564,567,573,599,854,928,931,967,995],[3.383392757028649,3.7316994512968646,0.6753425559264385,3.172083663361442,0.667530016189645,2.345405090176974,3.914021008090819,3.5085558999826545,3.577548771469606,3.914021008090819,0.6792718340663283,4.830311739964974,2.7200985396183848,3.2208738275308737,3.8187108282864943,3.8187108282864943,3.7316994512968646,0.691153161953081])",1.0
R107,"['system','well','parent','answer','ready','know','pm','page','challenge','marriage','yet','experts','discuss','ongoing','developments','election']","(1000,[190,194,212,242,321,492,497,528,567,577,591,613,654,824,909,995],[3.3262343431887,2.8844015909096608,0.6753425559264385,2.8844015909096608,0.667530016189645,4.137164559405029,3.2721671219184243,4.830311739964974,0.6792718340663283,2.920769235080536,4.270695952029551,2.997730276216664,3.7316994512968646,3.7316994512968646,3.914021008090819,0.691153161953081])",1.0
F148,"['ready','least','ok','network','chance','mother','table','—','shocking','claims','aliens','surface','internet']","(1000,[86,230,233,379,389,517,601,656,676,837,875,912,929],[3.383392757028649,0.6871770135734415,0.667530016189645,3.7316994512968646,4.270695952029551,0.6753425559264385,4.137164559405029,4.42484663185681,4.607168188650764,0.691153161953081,2.997730276216664,0.6832166123573445,2.920769235080536])",0.0
F023,"['speech','operation','bring','employee','american','evidence','save','firm','without','conference','—','shocking','claims','mind','control','surface','internet']","(1000,[61,95,230,233,246,252,310,337,440,453,517,795,837,868,874,912,938],[4.019381523748645,4.42484663185681,0.6871770135734415,0.667530016189645,3.2208738275308737,2.997730276216664,2.5530444549552183,3.914021008090819,3.0811118851557153,3.2208738275308737,0.6753425559264385,5.523458920524919,0.691153161953081,4.830311739964974,4.830311739964974,0.6832166123573445,2.455405985391302])",0.0
R075,"['lay','arrive','industry','line','whose','seven','carry','air','group','whatever','inside','show','music','experts','discuss','ongoing','developments','budget','report']","(1000,[96,106,143,189,212,213,288,321,336,337,507,515,527,555,567,628,743,761,995],[3.7316994512968646,2.661258039595451,3.6516567436233283,3.2721671219184243,0.6753425559264385,4.42484663185681,2.920769235080536,0.667530016189645,3.577548771469606,3.914021008090819,4.270695952029551,3.914021008090819,3.2208738275308737,2.3045830956567186,0.6792718340663283,3.8187108282864943,3.577548771469606,3.2721671219184243,0.691153161953081])",1.0
R220,"['though','example','trial','major','specific','although','high','rate','method','office','give','experts','discuss','ongoing','developments','public','health']","(1000,[144,182,212,279,311,321,349,491,529,535,567,618,620,734,899,925,995],[3.383392757028649,3.7316994512968646,0.6753425559264385,2.997730276216664,3.5085558999826545,0.667530016189645,4.607168188650764,2.958509563063383,3.2208738275308737,2.6902455764687034,0.6792718340663283,2.958509563063383,3.6516567436233283,4.137164559405029,3.914021008090819,3.172083663361442,0.691153161953081])",1.0
R099,"['style','social','life','attorney','guess','coach','work','manager','card','civil','least','south','treatment','ten','experts','discuss','ongoing','developments','economic','growth']","(1000,[59,105,116,151,212,321,352,389,478,488,535,553,560,567,600,784,789,898,945,995],[4.42484663185681,3.7316994512968646,3.3262343431887,3.8187108282864943,0.6753425559264385,0.667530016189645,3.8187108282864943,4.270695952029551,3.5085558999826545,3.6516567436233283,2.6902455764687034,2.920769235080536,3.0385522707369192,0.6792718340663283,3.914021008090819,2.958509563063383,4.607168188650764,3.8187108282864943,3.914021008090819,0.691153161953081])",1.0
F066,"['center','onto','building','owner','brother','training','full','task','vote','indeed','certain','development','rule','laugh','population','community','win','edge','station','cultural','—','shocking','claims','flat','earth','surface','internet']","(1000,[58,67,157,230,233,235,249,395,401,452,508,517,549,608,746,804,812,824,837,861,897,898,904,912,921,997],[4.019381523748645,5.565237793199437,2.997730276216664,0.6871770135734415,0.667530016189645,3.2721671219184243,3.7316994512968646,3.914021008090819,2.920769235080536,3.2208738275308737,3.8187108282864943,0.6753425559264385,2.920769235080536,4.137164559405029,3.2721671219184243,3.125563647726549,4.019381523748645,3.7316994512968646,0.691153161953081,4.137164559405029,3.914021008090819,3.8187108282864943,4.42484663185681,0.6832166123573445,3.125563647726549,3.8187108282864943])",0.0
F060,"['pattern','rock','heart','responsibility','claim','skin','still','interesting','local','director','particularly','—','shocking','claims','flat','earth','surface','internet']","(1000,[169,201,218,230,233,324,387,401,517,534,549,682,710,837,841,871,912,928],[4.270695952029551,3.577548771469606,4.019381523748645,0.6871770135734415,0.667530016189645,3.4440173788450834,4.830311739964974,2.920769235080536,0.6753425559264385,3.4440173788450834,2.920769235080536,3.7316994512968646,4.270695952029551,0.691153161953081,4.42484663185681,3.5085558999826545,0.6832166123573445,3.8187108282864943])",0.0
F022,"['return','play','eye','record','view','lead','fact','her','white','matter','create','political','travel','low','hand','true','—','shocking','claims','government','cover-up','surface','internet']","(1000,[6,21,90,157,230,233,253,264,280,300,303,327,517,529,542,609,744,819,837,845,866,905,912],[4.019381523748645,3.383392757028649,3.125563647726549,2.997730276216664,0.6871770135734415,0.667530016189645,3.914021008090819,3.125563647726549,4.830311739964974,3.8187108282864943,3.172083663361442,2.5277266469709283,0.6753425559264385,3.2208738275308737,2.366458499374806,3.914021008090819,4.42484663185681,2.958509563063383,0.691153161953081,4.607168188650764,2.6902455764687034,4.270695952029551,0.6832166123573445])",0.0
F127,"['environmental','bar','major','head','cut','member','keep','create','central','explain','—','shocking','claims','mind','control','surface','internet']","(1000,[81,172,198,230,233,279,286,303,310,429,491,517,584,837,912,938,996],[3.172083663361442,4.830311739964974,4.137164559405029,0.6871770135734415,0.667530016189645,2.997730276216664,3.383392757028649,3.172083663361442,2.5530444549552183,3.4440173788450834,2.958509563063383,0.6753425559264385,3.8187108282864943,0.691153161953081,0.6832166123573445,2.455405985391302,2.958509563063383])",0.0
R212,"['safe','color','would','offer','ten','another','believe','experts','discuss','ongoing','developments','education']","(1000,[212,279,321,327,344,463,488,567,740,788,794,995],[0.6753425559264385,2.997730276216664,0.667530016189645,2.5277266469709283,3.4440173788450834,4.830311739964974,3.6516567436233283,0.6792718340663283,3.577548771469606,3.6516567436233283,4.830311739964974,0.691153161953081])",1.0
F119,"['table','statement','page','painting','room','occur','could','significant','society','according','mention','public','—','shocking','claims','mind','control','surface','internet']","(1000,[181,230,233,305,310,418,460,492,517,585,597,617,618,633,837,873,912,938,946],[4.270695952029551,0.6871770135734415,0.667530016189645,5.523458920524919,2.5530444549552183,4.137164559405029,4.019381523748645,4.137164559405029,0.6753425559264385,4.137164559405029,4.019381523748645,3.125563647726549,2.958509563063383,3.577548771469606,0.691153161953081,2.60568818844064,0.6832166123573445,2.455405985391302,3.4440173788450834])",0.0
F103,"['design','since','thank','speak','audience','wear','game','price','officer','arrive','heavy','term','religious','foot','question','stock','glass','reach','yard','enter','region','compare','rock','—','shocking','claims','hoax','surface','internet']","(1000,[24,78,115,118,143,149,157,183,230,233,282,309,403,468,517,534,551,555,588,612,615,643,682,798,829,837,869,912,976],[3.125563647726549,3.8187108282864943,3.8187108282864943,4.137164559405029,3.6516567436233283,3.7316994512968646,2.997730276216664,4.137164559405029,0.6871770135734415,0.667530016189645,3.4440173788450834,4.830311739964974,3.3262343431887,2.246314187532743,0.6753425559264385,3.4440173788450834,3.914021008090819,2.3045830956567186,3.8187108282864943,3.2721671219184243,3.914021008090819,4.270695952029551,3.7316994512968646,3.0385522707369192,2.8154087194227095,0.691153161953081,3.383392757028649,0.6832166123573445,3.914021008090819])",0.0
F191,"['race','run','discuss','meet','page','maybe','week','plant','measure','prove','situation','pattern','hand','available','nation','—','shocking','claims','mind','control','surface','internet']","(1000,[125,190,196,230,233,243,260,264,310,321,492,517,633,687,724,763,823,837,853,912,938],[3.383392757028649,3.3262343431887,4.42484663185681,0.6871770135734415,1.33506003237929,3.8187108282864943,3.7316994512968646,3.125563647726549,2.5530444549552183,0.667530016189645,4.137164559405029,0.6753425559264385,3.577548771469606,3.5085558999826545,4.270695952029551,5.523458920524919,3.577548771469606,0.691153161953081,4.137164559405029,0.6832166123573445,2.455405985391302])",0.0
F002,"['real','full','prevent','policy','plant','check','win','positive','professional','operation','candidate','one','institution','president','college','lot','expect','help','newspaper','movement','similar','—','shocking','claims','mind','control','surface','internet']","(1000,[44,58,134,168,202,225,230,233,271,310,316,321,395,421,455,517,536,590,613,735,746,829,837,853,874,912,938],[4.137164559405029,4.019381523748645,4.42484663185681,2.661258039595451,3.914021008090819,3.8187108282864943,0.6871770135734415,0.667530016189645,4.270695952029551,2.5530444549552183,3.5085558999826545,0.667530016189645,3.914021008090819,3.383392757028649,3.2721671219184243,1.350685111852877,4.42484663185681,4.137164559405029,2.997730276216664,4.270695952029551,3.2721671219184243,2.8154087194227095,0.691153161953081,4.137164559405029,4.830311739964974,0.6832166123573445,2.455405985391302])",0.0
R155,"['age','common','stock','glass','yard','government','serve','dinner','add','concern','tree','allow','top','range','accept','way','yet','trip','occur','wear','baby','relationship','pass','experts','discuss','ongoing','developments','election']","(1000,[6,27,65,81,168,185,211,212,242,256,282,321,355,468,497,551,555,567,628,692,698,804,829,854,866,873,896,995],[4.019381523748645,3.2721671219184243,3.8187108282864943,3.172083663361442,2.661258039595451,4.42484663185681,4.42484663185681,0.6753425559264385,2.8844015909096608,3.383392757028649,3.4440173788450834,0.667530016189645,5.523458920524919,2.246314187532743,3.2721671219184243,3.914021008090819,2.3045830956567186,0.6792718340663283,3.8187108282864943,4.137164559405029,3.2208738275308737,3.125563647726549,2.8154087194227095,3.2208738275308737,2.6902455764687034,2.60568818844064,3.5085558999826545,0.691153161953081])",1.0
R006,"['operation','exist','matter','answer','gas','foot','institution','three','experts','discuss','ongoing','developments','technology','breakthrough']","(1000,[212,321,383,413,486,529,558,567,599,654,807,976,995],[0.6753425559264385,1.33506003237929,2.345405090176974,4.137164559405029,3.8187108282864943,3.2208738275308737,4.42484663185681,0.6792718340663283,2.7200985396183848,3.7316994512968646,3.914021008090819,3.914021008090819,0.691153161953081])",1.0
F086,"['read','everything','growth','a','laugh','response','voice','spring','house','arrive','player','without','store','bed','—','shocking','claims','government','cover-up','surface','internet']","(1000,[4,67,143,174,186,200,230,233,238,252,289,357,517,542,609,837,851,866,885,912,998],[3.914021008090819,2.7826188965997183,3.6516567436233283,3.4440173788450834,5.117993812416755,3.914021008090819,0.6871770135734415,0.667530016189645,3.8187108282864943,2.997730276216664,3.914021008090819,3.2721671219184243,0.6753425559264385,2.366458499374806,3.914021008090819,0.691153161953081,3.4440173788450834,2.6902455764687034,3.125563647726549,0.6832166123573445,4.137164559405029])",0.0
R168,"['word','avoid','shake','source','season','indeed','fill','hotel','indeed','rich','experts','discuss','ongoing','developments','election']","(1000,[157,212,242,321,539,567,746,760,822,902,927,972,988,995],[5.995460552433328,0.6753425559264385,2.8844015909096608,0.667530016189645,4.270695952029551,0.6792718340663283,3.2721671219184243,3.8187108282864943,4.137164559405029,3.8187108282864943,3.4440173788450834,4.270695952029551,3.8187108282864943,0.691153161953081])",1.0
R077,"['ask','stock','cultural','still','physical','note','nearly','impact','set','kid','fast','base','society','weight','five','probably','make','series','experts','discuss','ongoing','developments','public','health']","(1000,[51,100,129,212,235,303,321,324,363,460,464,484,521,531,551,567,577,618,677,687,799,880,925,995],[3.8187108282864943,4.019381523748645,3.914021008090819,0.6753425559264385,3.2721671219184243,3.172083663361442,0.667530016189645,3.4440173788450834,4.42484663185681,4.019381523748645,3.125563647726549,4.019381523748645,3.914021008090819,3.2208738275308737,3.914021008090819,0.6792718340663283,2.920769235080536,2.958509563063383,4.019381523748645,3.5085558999826545,3.914021008090819,3.8187108282864943,3.172083663361442,0.691153161953081])",1.0
F209,"['gun','think','drop','age','own','account','newspaper','fight','economy','decide','consumer','—','shocking','claims','hoax','surface','internet']","(1000,[67,134,219,230,233,285,286,414,468,517,662,723,833,837,881,912,975],[2.7826188965997183,4.42484663185681,4.42484663185681,0.6871770135734415,0.667530016189645,3.3262343431887,3.383392757028649,3.914021008090819,2.246314187532743,0.6753425559264385,4.42484663185681,3.8187108282864943,3.383392757028649,0.691153161953081,4.42484663185681,0.6832166123573445,4.42484663185681])",0.0
R236,"['address','trip','discussion','service','stand','blue','wide','coach','number','account','experts','discuss','ongoing','developments','public','health']","(1000,[173,212,256,321,465,486,567,618,673,782,833,898,925,940,949,995],[3.577548771469606,0.6753425559264385,3.383392757028649,0.667530016189645,4.42484663185681,3.8187108282864943,0.6792718340663283,2.958509563063383,3.3262343431887,3.4440173788450834,3.383392757028649,3.8187108282864943,3.172083663361442,4.137164559405029,3.5085558999826545,0.691153161953081])",1.0
F186,"['kitchen','cell','news','strong','space','nearly','employee','billion','bar','court','total','enjoy','project','area','family','—','shocking','claims','aliens','surface','internet']","(1000,[23,95,148,230,233,258,363,379,426,429,466,512,517,520,681,751,837,839,912,929],[3.7316994512968646,4.42484663185681,3.6516567436233283,0.6871770135734415,0.667530016189645,4.137164559405029,4.42484663185681,3.7316994512968646,5.523458920524919,3.4440173788450834,6.344167326722884,4.019381523748645,0.6753425559264385,3.4440173788450834,4.137164559405029,4.137164559405029,0.691153161953081,3.7316994512968646,0.6832166123573445,2.920769235080536])",0.0
R243,"['democrat','low','none','book','education','center','detail','training','board','experts','discuss','ongoing','developments','public','health']","(1000,[47,69,114,119,140,142,212,303,321,567,618,819,921,925,995],[3.2208738275308737,4.137164559405029,4.42484663185681,3.3262343431887,2.38796470459577,3.8187108282864943,0.6753425559264385,3.172083663361442,0.667530016189645,0.6792718340663283,2.958509563063383,2.958509563063383,3.125563647726549,3.172083663361442,0.691153161953081])",1.0
F094,"['loss','name','foot','forget','hundred','someone','goal','piece','account','lawyer','allow','moment','star','grow','modern','citizen','chance','next','speak','right','somebody','—','shocking','claims','immortal','jellyfish','surface','internet']","(1000,[17,27,29,86,140,222,230,233,284,344,372,517,527,534,546,594,605,611,663,692,833,837,877,912,922,945,976,996],[2.958509563063383,3.2721671219184243,2.6902455764687034,3.383392757028649,2.38796470459577,3.3262343431887,0.6871770135734415,0.667530016189645,3.383392757028649,3.4440173788450834,4.42484663185681,0.6753425559264385,3.2208738275308737,3.4440173788450834,4.830311739964974,4.607168188650764,2.7508701982851385,3.7316994512968646,3.6516567436233283,4.137164559405029,3.383392757028649,0.691153161953081,3.383392757028649,0.6832166123573445,3.7316994512968646,3.914021008090819,3.914021008090819,2.958509563063383])",0.0
R032,"['claim','important','performance','exactly','find','recent','scientist','road','tend','high','common','language','industry','strategy','without','experts','discuss','ongoing','developments','economic','growth']","(1000,[27,125,212,252,279,321,515,529,535,553,567,606,623,648,652,663,694,931,935,971,995],[3.2721671219184243,3.383392757028649,0.6753425559264385,2.997730276216664,2.997730276216664,0.667530016189645,3.914021008090819,3.2208738275308737,2.6902455764687034,2.920769235080536,0.6792718340663283,4.137164559405029,4.137164559405029,3.4440173788450834,4.270695952029551,3.6516567436233283,3.383392757028649,3.8187108282864943,4.42484663185681,4.42484663185681,0.691153161953081])",1.0
R033,"['give','nation','part','do','memory','attention','food','way','set','despite','chair','individual','card','certainly','experts','discuss','ongoing','developments','education']","(1000,[3,59,93,100,125,212,321,327,464,502,554,567,569,577,690,829,854,995],[5.117993812416755,4.42484663185681,3.172083663361442,4.019381523748645,3.383392757028649,0.6753425559264385,0.667530016189645,2.5277266469709283,3.125563647726549,5.117993812416755,4.137164559405029,1.3585436681326566,3.914021008090819,2.920769235080536,3.2721671219184243,2.8154087194227095,3.2208738275308737,0.691153161953081])",1.0
R045,"['however','food','trouble','compare','sign','friend','experts','discuss','ongoing','developments','technology','breakthrough']","(1000,[212,321,383,403,460,487,567,580,599,873,995],[0.6753425559264385,0.667530016189645,2.345405090176974,3.3262343431887,4.019381523748645,4.830311739964974,1.3585436681326566,2.997730276216664,2.7200985396183848,2.60568818844064,0.691153161953081])",1.0
R116,"['white','police','almost','republican','important','short','employee','do','experts','discuss','ongoing','developments','education']","(1000,[95,158,212,321,327,477,495,502,567,606,680,889,995],[4.42484663185681,3.577548771469606,0.6753425559264385,0.667530016189645,2.5277266469709283,3.914021008090819,5.523458920524919,5.117993812416755,0.6792718340663283,4.137164559405029,3.6516567436233283,3.577548771469606,0.691153161953081])",1.0
F056,"['democrat','yes','none','information','weight','book','watch','thank','board','federal','well','describe','sure','especially','nature','baby','after','—','shocking','claims','celebrity','scandal','surface','internet']","(1000,[90,114,119,140,142,160,217,230,233,309,362,412,446,468,517,544,602,613,687,811,837,912,932,949],[3.125563647726549,4.42484663185681,3.3262343431887,2.38796470459577,3.8187108282864943,3.7316994512968646,5.523458920524919,0.6871770135734415,0.667530016189645,4.830311739964974,3.577548771469606,4.270695952029551,3.5085558999826545,2.246314187532743,0.6753425559264385,3.8187108282864943,3.7316994512968646,2.997730276216664,3.5085558999826545,2.5277266469709283,0.691153161953081,0.6832166123573445,2.849310271098391,3.5085558999826545])",0.0
R043,"['letter','reduce','gun','something','follow','show','affect','stand','subject','fund','care','reflect','admit','behind','experts','discuss','ongoing','developments','policy']","(1000,[7,53,173,212,234,321,420,429,549,567,586,607,628,697,702,716,820,869,995],[3.6516567436233283,4.019381523748645,3.577548771469606,0.6753425559264385,2.6902455764687034,0.667530016189645,3.172083663361442,3.4440173788450834,2.920769235080536,0.6792718340663283,3.7316994512968646,3.7316994512968646,3.8187108282864943,3.8187108282864943,3.914021008090819,4.42484663185681,3.383392757028649,3.383392757028649,0.691153161953081])",1.0
R145,"['great','improve','food','together','face','reduce','government','glass','bad','discuss','answer','skill','beyond','experts','discuss','ongoing','developments','economic','growth']","(1000,[53,139,212,246,286,321,535,553,555,567,569,648,654,666,784,866,995],[4.019381523748645,3.577548771469606,0.6753425559264385,3.2208738275308737,3.383392757028649,1.33506003237929,2.6902455764687034,2.920769235080536,2.3045830956567186,1.3585436681326566,3.914021008090819,3.4440173788450834,3.7316994512968646,4.019381523748645,2.958509563063383,2.6902455764687034,0.691153161953081])",1.0
F200,"['special','figure','model','culture','board','treatment','early','church','serve','center','represent','improve','oil','quite','since','often','different','food','hour','range','cut','—','shocking','claims','secret','cure','surface','internet']","(1000,[92,119,140,214,220,230,233,246,264,286,303,396,517,567,628,698,723,743,784,798,804,831,837,847,855,869,912,996],[4.019381523748645,3.3262343431887,2.38796470459577,5.117993812416755,4.019381523748645,0.6871770135734415,0.667530016189645,3.2208738275308737,3.125563647726549,3.383392757028649,3.172083663361442,2.5530444549552183,0.6753425559264385,0.6792718340663283,3.8187108282864943,3.2208738275308737,3.8187108282864943,3.577548771469606,2.958509563063383,3.0385522707369192,3.125563647726549,3.4440173788450834,0.691153161953081,4.270695952029551,3.5085558999826545,3.383392757028649,0.6832166123573445,2.958509563063383])",0.0
F034,"['walk','bill','serious','partner','sell','plan','road','develop','cause','—','shocking','claims','celebrity','scandal','surface','internet']","(1000,[230,233,375,408,415,453,517,775,811,837,846,912,926,932,935,946],[0.6871770135734415,0.667530016189645,4.019381523748645,3.5085558999826545,3.577548771469606,3.2208738275308737,0.6753425559264385,2.997730276216664,2.5277266469709283,0.691153161953081,5.117993812416755,0.6832166123573445,3.914021008090819,2.849310271098391,4.42484663185681,3.4440173788450834])",0.0
F149,"['ahead','issue','yes','law','me','guy','help','number','exist','head','—','shocking','claims','secret','cure','surface','internet']","(1000,[22,132,140,230,233,396,486,517,536,584,592,761,807,837,912,949],[3.914021008090819,4.137164559405029,2.38796470459577,0.6871770135734415,0.667530016189645,2.5530444549552183,3.8187108282864943,0.6753425559264385,4.42484663185681,3.8187108282864943,4.607168188650764,3.2721671219184243,3.914021008090819,0.691153161953081,1.366433224714689,3.5085558999826545])",0.0
F051,"['job','short','wrong','clear','know','western','thing','outside','authority','tax','build','office','traditional','report','admit','choose','economy','source','rather','develop','—','shocking','claims','secret','cure','surface','internet']","(1000,[7,10,17,62,140,158,215,216,230,233,240,270,311,358,396,408,414,449,517,577,760,778,837,912,933,938],[3.6516567436233283,4.019381523748645,2.958509563063383,3.914021008090819,2.38796470459577,3.577548771469606,3.8187108282864943,3.172083663361442,0.6871770135734415,1.33506003237929,4.42484663185681,4.019381523748645,3.5085558999826545,4.019381523748645,2.5530444549552183,3.5085558999826545,3.914021008090819,4.42484663185681,0.6753425559264385,2.920769235080536,3.8187108282864943,3.6516567436233283,0.691153161953081,0.6832166123573445,3.914021008090819,2.455405985391302])",0.0
F089,"['north','life','almost','drive','question','process','material','person','commercial','reduce','new','animal','collection','fast','third','anything','else','american','model','office','science','arrive','seat','—','shocking','claims','flat','earth','surface','internet']","(1000,[53,61,143,151,158,230,233,264,284,311,329,357,401,437,517,531,549,572,575,622,747,776,781,798,800,837,883,889,909,912],[4.019381523748645,4.019381523748645,3.6516567436233283,3.8187108282864943,3.577548771469606,0.6871770135734415,0.667530016189645,3.125563647726549,3.383392757028649,3.5085558999826545,3.914021008090819,3.2721671219184243,2.920769235080536,4.019381523748645,0.6753425559264385,3.2208738275308737,2.920769235080536,3.6516567436233283,4.270695952029551,4.137164559405029,4.137164559405029,4.830311739964974,3.8187108282864943,3.0385522707369192,3.8187108282864943,0.691153161953081,2.997730276216664,3.577548771469606,3.914021008090819,0.6832166123573445])",0.0
F135,"['born','better','painting','difficult','manage','industry','change','face','memory','summer','magazine','want','blood','fill','few','—','shocking','claims','flat','earth','surface','internet']","(1000,[161,230,233,257,284,330,386,401,410,476,515,517,549,562,577,617,766,784,837,912,921,972],[5.523458920524919,0.6871770135734415,0.667530016189645,4.270695952029551,3.383392757028649,3.7316994512968646,4.019381523748645,2.920769235080536,4.270695952029551,3.914021008090819,3.914021008090819,0.6753425559264385,2.920769235080536,3.914021008090819,2.920769235080536,3.125563647726549,3.8187108282864943,2.958509563063383,0.691153161953081,0.6832166123573445,3.125563647726549,4.270695952029551])",0.0
F088,"['build','pattern','north','might','subject','born','cultural','north','generation','probably','simple','party','speech','end','week','—','shocking','claims','government','cover-up','surface','internet']","(1000,[222,230,233,235,260,266,285,302,405,517,523,542,820,823,829,837,866,880,883,912,914],[3.3262343431887,0.6871770135734415,0.667530016189645,3.2721671219184243,3.7316994512968646,4.42484663185681,3.3262343431887,4.019381523748645,3.914021008090819,0.6753425559264385,3.4440173788450834,2.366458499374806,3.383392757028649,3.577548771469606,2.8154087194227095,0.691153161953081,2.6902455764687034,3.8187108282864943,2.997730276216664,0.6832166123573445,9.214336377301528])",0.0
R010,"['project','special','clearly','start','foreign','boy','party','thing','less','culture','wife','many','food','high','general','experts','discuss','ongoing','developments','election']","(1000,[110,120,212,215,242,321,360,405,448,529,567,580,730,743,910,938,966,981,995],[4.607168188650764,4.270695952029551,0.6753425559264385,3.8187108282864943,2.8844015909096608,0.667530016189645,4.137164559405029,3.914021008090819,3.383392757028649,3.2208738275308737,1.3585436681326566,2.997730276216664,4.607168188650764,3.577548771469606,5.523458920524919,2.455405985391302,3.4440173788450834,2.997730276216664,0.691153161953081])",1.0
R211,"['sell','continue','forget','music','old','already','include','company','capital','time','experts','discuss','ongoing','developments','policy']","(1000,[97,212,234,288,321,525,546,567,685,708,758,792,798,981,995],[3.7316994512968646,0.6753425559264385,2.6902455764687034,2.920769235080536,0.667530016189645,5.523458920524919,4.830311739964974,0.6792718340663283,3.7316994512968646,3.3262343431887,3.914021008090819,3.914021008090819,3.0385522707369192,2.997730276216664,0.691153161953081])",1.0
F204,"['history','deal','ahead','weight','step','card','seem','show','side','sense','need','—','shocking','claims','miracle','drug','surface','internet']","(1000,[59,63,144,162,168,230,233,517,561,628,639,665,687,837,885,912,961,962],[4.42484663185681,3.7316994512968646,3.383392757028649,3.914021008090819,2.661258039595451,0.6871770135734415,0.667530016189645,0.6753425559264385,3.383392757028649,3.8187108282864943,3.125563647726549,2.7826188965997183,3.5085558999826545,0.691153161953081,3.125563647726549,0.6832166123573445,3.577548771469606,3.172083663361442])",0.0
F168,"['decision','bring','section','new','total','work','really','adult','kind','better','—','shocking','claims','miracle','drug','surface','internet']","(1000,[144,230,233,274,437,440,517,610,639,665,789,820,837,839,896,912,921],[3.383392757028649,0.6871770135734415,0.667530016189645,3.8187108282864943,4.019381523748645,3.0811118851557153,0.6753425559264385,4.607168188650764,3.125563647726549,2.7826188965997183,4.607168188650764,3.383392757028649,0.691153161953081,3.7316994512968646,3.5085558999826545,0.6832166123573445,3.125563647726549])",0.0
R011,"['method','night','maintain','role','father','another','dark','project','also','pressure','though','consumer','no','minute','democratic','current','experts','discuss','ongoing','developments','public','health']","(1000,[22,49,50,179,194,212,247,252,258,321,404,427,441,567,582,618,723,742,788,925,963,995],[3.914021008090819,3.7316994512968646,3.8187108282864943,3.914021008090819,2.8844015909096608,0.6753425559264385,3.577548771469606,2.997730276216664,4.137164559405029,0.667530016189645,3.914021008090819,4.137164559405029,4.42484663185681,0.6792718340663283,3.172083663361442,2.958509563063383,3.8187108282864943,3.383392757028649,3.6516567436233283,3.172083663361442,4.019381523748645,0.691153161953081])",1.0
R232,"['understand','safe','social','instead','experts','discuss','ongoing','developments','climate','change']","(1000,[87,145,212,321,567,600,625,690,933,995],[2.8154087194227095,4.42484663185681,0.6753425559264385,0.667530016189645,0.6792718340663283,3.914021008090819,2.849310271098391,3.2721671219184243,3.914021008090819,0.691153161953081])",1.0
R042,"['thank','growth','like','mouth','population','maybe','two','every','experts','discuss','ongoing','developments','public','health']","(1000,[212,243,321,357,550,559,567,618,678,708,764,812,925,995],[0.6753425559264385,3.8187108282864943,0.667530016189645,3.2721671219184243,3.3262343431887,4.137164559405029,0.6792718340663283,2.958509563063383,4.270695952029551,3.3262343431887,4.607168188650764,4.019381523748645,3.172083663361442,0.691153161953081])",1.0
F182,"['capital','reality','include','manage','dinner','deep','care','project','return','industry','member','realize','anything','father','little','statement','technology','drive','various','area','west','—','shocking','claims','hoax','surface','internet']","(1000,[96,128,195,198,230,233,258,284,307,383,386,427,440,466,468,515,517,577,585,611,690,716,781,792,837,896,912],[3.7316994512968646,3.7316994512968646,3.6516567436233283,4.137164559405029,0.6871770135734415,0.667530016189645,4.137164559405029,3.383392757028649,5.117993812416755,2.345405090176974,4.019381523748645,4.137164559405029,3.0811118851557153,3.172083663361442,2.246314187532743,3.914021008090819,0.6753425559264385,2.920769235080536,4.137164559405029,3.7316994512968646,3.2721671219184243,4.42484663185681,3.8187108282864943,3.914021008090819,0.691153161953081,3.5085558999826545,0.6832166123573445])",0.0
F036,"['security','strategy','although','city','act','put','age','trade','stage','first','value','everybody','region','—','shocking','claims','miracle','drug','surface','internet']","(1000,[101,103,121,222,230,233,349,479,517,560,612,639,648,665,837,903,906,912,949,975],[4.019381523748645,3.914021008090819,3.914021008090819,3.3262343431887,0.6871770135734415,0.667530016189645,4.607168188650764,3.6516567436233283,0.6753425559264385,3.0385522707369192,3.2721671219184243,3.125563647726549,3.4440173788450834,2.7826188965997183,0.691153161953081,3.6516567436233283,3.8187108282864943,0.6832166123573445,3.5085558999826545,4.42484663185681])",0.0
F068,"['task','one','carry','offer','lawyer','training','test','education','word','enough','—','shocking','claims','secret','cure','surface','internet']","(1000,[43,47,140,166,187,189,230,233,396,517,663,740,761,829,837,912,921],[4.270695952029551,3.2208738275308737,2.38796470459577,4.42484663185681,5.523458920524919,3.2721671219184243,0.6871770135734415,0.667530016189645,2.5530444549552183,0.6753425559264385,3.6516567436233283,3.577548771469606,3.2721671219184243,2.8154087194227095,0.691153161953081,0.6832166123573445,3.125563647726549])",0.0
R015,"['hour','arrive','prepare','deal','since','simple','bit','matter','camera','experts','discuss','ongoing','developments','election']","(1000,[143,144,212,242,321,380,514,529,567,869,883,895,993,995],[3.6516567436233283,3.383392757028649,0.6753425559264385,2.8844015909096608,0.667530016189645,4.270695952029551,4.137164559405029,3.2208738275308737,0.6792718340663283,3.383392757028649,2.997730276216664,3.577548771469606,5.523458920524919,0.691153161953081])",1.0
R147,"['agree','idea','positive','structure','people','area','opportunity','mission','station','knowledge','experts','discuss','ongoing','developments','climate','change']","(1000,[87,212,247,311,321,442,455,466,504,508,567,570,625,680,822,995],[2.8154087194227095,0.6753425559264385,3.577548771469606,3.5085558999826545,0.667530016189645,3.577548771469606,3.2721671219184243,3.172083663361442,4.019381523748645,3.8187108282864943,0.6792718340663283,4.270695952029551,2.849310271098391,3.6516567436233283,4.137164559405029,0.691153161953081])",1.0
F198,"['police','audience','rate','heavy','music','bring','involve','share','base','fish','find','necessary','—','shocking','claims','government','cover-up','surface','internet']","(1000,[51,149,183,230,233,288,399,403,423,440,452,517,542,620,631,663,837,866,912],[3.8187108282864943,3.7316994512968646,4.137164559405029,0.6871770135734415,0.667530016189645,2.920769235080536,4.019381523748645,3.3262343431887,4.607168188650764,3.0811118851557153,3.2208738275308737,0.6753425559264385,2.366458499374806,3.6516567436233283,4.830311739964974,3.6516567436233283,0.691153161953081,2.6902455764687034,0.6832166123573445])",0.0
R081,"['yes','part','special','put','quickly','apply','remain','view','hand','must','action','really','occur','discover','couple','experts','discuss','ongoing','developments','climate','change']","(1000,[87,93,101,139,212,227,237,264,321,383,448,567,609,625,694,743,820,873,938,966,995],[2.8154087194227095,3.172083663361442,4.019381523748645,3.577548771469606,0.6753425559264385,3.914021008090819,3.8187108282864943,3.125563647726549,0.667530016189645,2.345405090176974,3.383392757028649,0.6792718340663283,3.914021008090819,2.849310271098391,3.383392757028649,3.577548771469606,3.383392757028649,2.60568818844064,2.455405985391302,3.4440173788450834,0.691153161953081])",1.0
F050,"['smile','arrive','school','mother','pick','collection','protect','bill','yeah','amount','action','visit','simply','leader','—','shocking','claims','aliens','surface','internet']","(1000,[77,143,230,233,234,334,375,517,613,743,747,801,819,837,871,875,912,929,974],[3.577548771469606,3.6516567436233283,0.6871770135734415,0.667530016189645,2.6902455764687034,8.541391904059102,4.019381523748645,0.6753425559264385,2.997730276216664,3.577548771469606,4.137164559405029,4.42484663185681,2.958509563063383,0.691153161953081,3.5085558999826545,2.997730276216664,0.6832166123573445,2.920769235080536,3.3262343431887])",0.0
F162,"['four','yes','bag','less','tv','entire','record','happen','life','example','response','opportunity','computer','like','prove','war','try','first','—','shocking','claims','celebrity','scandal','surface','internet']","(1000,[55,151,174,190,230,233,279,300,364,421,517,560,608,650,764,775,811,822,837,843,912,932,949,966],[4.270695952029551,3.8187108282864943,3.4440173788450834,3.3262343431887,0.6871770135734415,0.667530016189645,2.997730276216664,3.8187108282864943,4.137164559405029,3.383392757028649,0.6753425559264385,3.0385522707369192,4.137164559405029,4.137164559405029,4.607168188650764,2.997730276216664,2.5277266469709283,4.137164559405029,0.691153161953081,3.6516567436233283,0.6832166123573445,2.849310271098391,7.017111799965309,3.4440173788450834])",0.0
R028,"['go','capital','policy','sister','score','strong','tough','near','condition','heavy','one','century','television','head','score','yard','experts','discuss','ongoing','developments','technology','breakthrough']","(1000,[21,52,149,212,282,306,312,321,356,383,466,550,567,584,599,735,742,798,829,981,995],[3.383392757028649,4.607168188650764,3.7316994512968646,0.6753425559264385,3.4440173788450834,4.019381523748645,4.270695952029551,0.667530016189645,5.523458920524919,2.345405090176974,3.172083663361442,6.6524686863774,0.6792718340663283,3.8187108282864943,2.7200985396183848,4.270695952029551,3.383392757028649,3.0385522707369192,2.8154087194227095,2.997730276216664,0.691153161953081])",1.0
R195,"['skin','stage','explain','player','rise','nice','read','bed','voice','since','improve','ability','forget','threat','sense','experts','discuss','ongoing','developments','budget','report']","(1000,[4,81,103,106,116,167,200,212,246,321,546,555,567,578,612,642,869,948,962,995,998],[3.914021008090819,3.172083663361442,3.914021008090819,2.661258039595451,3.3262343431887,5.117993812416755,3.914021008090819,0.6753425559264385,3.2208738275308737,0.667530016189645,4.830311739964974,2.3045830956567186,0.6792718340663283,3.914021008090819,3.2721671219184243,4.42484663185681,3.383392757028649,3.577548771469606,3.172083663361442,0.691153161953081,4.137164559405029])",1.0
F116,"['media','thing','would','politics','method','role','week','money','tonight','—','shocking','claims','aliens','surface','internet']","(1000,[22,89,215,230,233,373,463,494,517,536,823,837,899,912,929],[3.914021008090819,3.577548771469606,3.8187108282864943,0.6871770135734415,0.667530016189645,3.8187108282864943,4.830311739964974,4.019381523748645,0.6753425559264385,4.42484663185681,3.577548771469606,0.691153161953081,3.914021008090819,0.6832166123573445,2.920769235080536])",0.0
R018,"['wish','alone','edge','hair','condition','baby','understand','defense','no','experts','discuss','ongoing','developments','research']","(1000,[50,178,212,269,283,321,442,447,468,567,742,917,995,997],[3.8187108282864943,3.6516567436233283,0.6753425559264385,5.117993812416755,3.6516567436233283,0.667530016189645,3.577548771469606,2.8844015909096608,2.246314187532743,0.6792718340663283,3.383392757028649,3.8187108282864943,0.691153161953081,3.8187108282864943])",1.0
F073,"['describe','hundred','task','offer','start','final','likely','evening','gas','join','responsibility','standard','—','shocking','claims','immortal','jellyfish','surface','internet']","(1000,[29,207,230,233,383,420,452,486,517,527,561,605,636,740,837,912,928,945,981],[2.6902455764687034,4.42484663185681,0.6871770135734415,0.667530016189645,2.345405090176974,3.172083663361442,3.2208738275308737,3.8187108282864943,0.6753425559264385,3.2208738275308737,3.383392757028649,2.7508701982851385,4.830311739964974,3.577548771469606,0.691153161953081,0.6832166123573445,3.8187108282864943,3.914021008090819,2.997730276216664])",0.0
F059,"['simply','alone','task','huge','travel','parent','standard','else','quickly','stock','—','shocking','claims','miracle','drug','surface','internet']","(1000,[21,194,218,230,233,294,383,420,452,517,551,572,639,665,837,912,917],[3.383392757028649,2.8844015909096608,4.019381523748645,0.6871770135734415,0.667530016189645,3.914021008090819,2.345405090176974,3.172083663361442,3.2208738275308737,0.6753425559264385,3.914021008090819,3.6516567436233283,3.125563647726549,2.7826188965997183,0.691153161953081,0.6832166123573445,3.8187108282864943])",0.0
R078,"['personal','stage','blue','buy','threat','record','notice','write','allow','sound','experts','discuss','ongoing','developments','budget','report']","(1000,[24,103,106,116,154,212,300,321,555,567,673,692,930,967,973,995],[3.125563647726549,3.914021008090819,2.661258039595451,3.3262343431887,4.137164559405029,0.6753425559264385,3.8187108282864943,0.667530016189645,2.3045830956567186,0.6792718340663283,3.3262343431887,4.137164559405029,3.914021008090819,3.7316994512968646,4.607168188650764,0.691153161953081])",1.0
F216,"['star','result','area','heavy','us','upon','vote','protect','draw','enough','race','surface','pay','anyone','miss','school','employee','—','shocking','claims','secret','cure','surface','internet']","(1000,[43,95,140,149,230,233,234,396,418,466,517,534,542,556,576,766,819,837,861,890,912,918,930],[4.270695952029551,4.42484663185681,2.38796470459577,3.7316994512968646,1.374354027146883,0.667530016189645,2.6902455764687034,2.5530444549552183,4.137164559405029,3.172083663361442,0.6753425559264385,3.4440173788450834,2.366458499374806,4.137164559405029,3.577548771469606,3.8187108282864943,2.958509563063383,0.691153161953081,4.137164559405029,4.137164559405029,0.6832166123573445,4.42484663185681,3.914021008090819])",0.0
F206,"['goal','dark','tax','one','arrive','hour','—','shocking','claims','celebrity','scandal','surface','internet']","(1000,[143,194,230,233,270,517,742,811,829,837,847,912,932],[3.6516567436233283,2.8844015909096608,0.6871770135734415,0.667530016189645,4.019381523748645,0.6753425559264385,3.383392757028649,2.5277266469709283,2.8154087194227095,0.691153161953081,4.270695952029551,0.6832166123573445,2.849310271098391])",0.0
R036,"['short','paper','provide','take','present','significant','minute','thing','soldier','least','apply','finally','difficult','woman','experts','discuss','ongoing','developments','research']","(1000,[25,155,160,179,212,215,237,256,284,321,389,447,533,544,567,805,946,963,995],[3.7316994512968646,5.117993812416755,3.7316994512968646,3.914021008090819,0.6753425559264385,3.8187108282864943,3.8187108282864943,3.383392757028649,3.383392757028649,0.667530016189645,4.270695952029551,2.8844015909096608,4.42484663185681,3.8187108282864943,0.6792718340663283,4.42484663185681,3.4440173788450834,4.019381523748645,0.691153161953081])",1.0
F104,"['develop','little','former','economic','information','number','product','much','sound','write','rich','almost','however','if','—','shocking','claims','aliens','surface','internet']","(1000,[90,154,230,233,307,365,486,506,517,535,799,837,889,902,912,929,931,943,953,967],[3.125563647726549,4.137164559405029,0.6871770135734415,0.667530016189645,5.117993812416755,4.830311739964974,3.8187108282864943,5.117993812416755,0.6753425559264385,2.6902455764687034,3.914021008090819,0.691153161953081,3.577548771469606,3.8187108282864943,0.6832166123573445,2.920769235080536,3.8187108282864943,4.607168188650764,3.7316994512968646,3.7316994512968646])",0.0
F000,"['raise','thousand','bring','goal','popular','open','job','wall','know','oil','share','—','shocking','claims','hoax','surface','internet']","(1000,[26,67,89,220,230,233,399,440,468,517,577,594,620,803,837,912],[5.523458920524919,2.7826188965997183,3.577548771469606,4.019381523748645,0.6871770135734415,0.667530016189645,4.019381523748645,3.0811118851557153,4.492628375065486,0.6753425559264385,2.920769235080536,4.607168188650764,3.6516567436233283,3.7316994512968646,0.691153161953081,0.6832166123573445])",0.0
R136,"['design','feel','wonder','must','box','listen','say','special','dark','yard','open','their','experts','discuss','ongoing','developments','education']","(1000,[24,89,153,194,212,227,282,297,321,327,475,567,580,740,844,938,995],[3.125563647726549,3.577548771469606,5.117993812416755,2.8844015909096608,0.6753425559264385,3.914021008090819,3.4440173788450834,3.125563647726549,0.667530016189645,2.5277266469709283,3.4440173788450834,0.6792718340663283,2.997730276216664,3.577548771469606,4.019381523748645,2.455405985391302,0.691153161953081])",1.0
F019,"['soon','measure','green','statement','federal','step','suffer','treat','his','foot','north','relate','fear','—','shocking','claims','immortal','jellyfish','surface','internet']","(1000,[29,78,125,168,173,230,233,446,517,555,585,605,615,634,687,837,912,914,976],[2.6902455764687034,3.8187108282864943,3.383392757028649,5.322516079190902,3.577548771469606,0.6871770135734415,0.667530016189645,3.5085558999826545,0.6753425559264385,2.3045830956567186,4.137164559405029,2.7508701982851385,3.914021008090819,3.914021008090819,3.5085558999826545,0.691153161953081,0.6832166123573445,4.607168188650764,3.914021008090819])",0.0
R012,"['quickly','court','course','start','argue','response','other','expect','concern','event','dark','morning','eye','participant','keep','network','establish','subject','foreign','sure','mrs','cell','place','read','four','experts','discuss','ongoing','developments','technology','breakthrough']","(1000,[6,44,91,110,160,174,185,194,212,253,279,321,327,383,390,491,520,567,583,599,638,676,681,718,790,820,854,889,948,981,995],[4.019381523748645,4.137164559405029,4.137164559405029,4.607168188650764,3.7316994512968646,3.4440173788450834,4.42484663185681,2.8844015909096608,0.6753425559264385,3.914021008090819,2.997730276216664,0.667530016189645,2.5277266469709283,2.345405090176974,4.270695952029551,2.958509563063383,3.4440173788450834,0.6792718340663283,4.42484663185681,2.7200985396183848,3.7316994512968646,4.607168188650764,4.137164559405029,3.914021008090819,3.5085558999826545,3.383392757028649,3.2208738275308737,3.577548771469606,3.577548771469606,2.997730276216664,0.691153161953081])",1.0
R052,"['job','move','girl','authority','unit','always','way','probably','meet','experts','discuss','ongoing','developments','education']","(1000,[62,184,212,232,245,321,327,567,724,778,854,880,885,995],[3.914021008090819,4.137164559405029,0.6753425559264385,4.137164559405029,4.42484663185681,0.667530016189645,2.5277266469709283,0.6792718340663283,4.270695952029551,3.6516567436233283,3.2208738275308737,3.8187108282864943,3.125563647726549,0.691153161953081])",1.0
R123,"['international','life','forward','job','often','raise','could','security','cultural','people','enough','land','us','shake','get','wrong','response','experts','discuss','ongoing','developments','climate','change']","(1000,[43,87,109,151,174,212,216,235,321,336,362,418,504,567,620,625,698,835,876,918,927,995],[4.270695952029551,2.8154087194227095,4.019381523748645,3.8187108282864943,3.4440173788450834,0.6753425559264385,3.172083663361442,3.2721671219184243,0.667530016189645,3.577548771469606,3.577548771469606,4.137164559405029,4.019381523748645,0.6792718340663283,3.6516567436233283,2.849310271098391,3.2208738275308737,4.019381523748645,7.017111799965309,4.42484663185681,3.4440173788450834,0.691153161953081])",1.0
F040,"['year','let','force','record','case','blue','especially','throughout','weight','tonight','window','campaign','daughter','account','someone','single','still','behavior','first','example','—','shocking','claims','government','cover-up','surface','internet']","(1000,[27,51,82,177,230,233,279,300,324,415,433,469,494,517,542,602,673,687,762,768,811,833,837,866,873,912,949],[3.2721671219184243,3.8187108282864943,3.383392757028649,5.523458920524919,0.6871770135734415,0.667530016189645,2.997730276216664,3.8187108282864943,3.4440173788450834,3.577548771469606,3.2208738275308737,3.2208738275308737,4.019381523748645,0.6753425559264385,2.366458499374806,3.7316994512968646,3.3262343431887,3.5085558999826545,4.270695952029551,4.42484663185681,2.5277266469709283,3.383392757028649,0.691153161953081,2.6902455764687034,2.60568818844064,0.6832166123573445,3.5085558999826545])",0.0
R160,"['left','speak','apply','congress','game','unit','friend','understand','writer','campaign','drug','fall','bar','central','experts','discuss','ongoing','developments','climate','change']","(1000,[87,184,212,223,237,283,321,429,433,479,534,567,593,615,625,665,873,976,995,996],[2.8154087194227095,4.137164559405029,0.6753425559264385,4.137164559405029,3.8187108282864943,3.6516567436233283,0.667530016189645,3.4440173788450834,3.2208738275308737,3.6516567436233283,3.4440173788450834,0.6792718340663283,4.019381523748645,3.914021008090819,2.849310271098391,2.7826188965997183,2.60568818844064,3.914021008090819,0.691153161953081,2.958509563063383])",1.0
F067,"['court','shoulder','long','available','sport','may','either','result','section','—','shocking','claims','immortal','jellyfish','surface','internet']","(1000,[29,194,230,233,449,479,517,542,556,559,605,633,837,896,912,989],[2.6902455764687034,2.8844015909096608,0.6871770135734415,0.667530016189645,4.42484663185681,3.6516567436233283,0.6753425559264385,2.366458499374806,4.137164559405029,4.137164559405029,2.7508701982851385,3.577548771469606,0.691153161953081,3.5085558999826545,0.6832166123573445,4.42484663185681])",0.0
R069,"['training','pick','congress','drop','prevent','ago','rich','stop','skill','president','town','describe','republican','car','study','beautiful','experts','discuss','ongoing','developments','research']","(1000,[77,130,202,212,219,223,225,235,301,314,321,412,447,469,475,477,514,567,666,902,995],[3.577548771469606,4.137164559405029,3.914021008090819,0.6753425559264385,4.42484663185681,4.137164559405029,3.8187108282864943,3.2721671219184243,3.2208738275308737,4.019381523748645,0.667530016189645,4.270695952029551,2.8844015909096608,3.2208738275308737,3.4440173788450834,3.914021008090819,4.137164559405029,0.6792718340663283,4.019381523748645,3.8187108282864943,0.691153161953081])",1.0
F160,"['worker','big','wife','know','history','pick','worker','official','house','catch','—','shocking','claims','mind','control','surface','internet']","(1000,[77,216,230,233,285,289,310,316,448,501,517,542,577,831,837,912,938],[3.577548771469606,3.172083663361442,0.6871770135734415,0.667530016189645,3.3262343431887,3.914021008090819,2.5530444549552183,3.5085558999826545,3.383392757028649,3.8187108282864943,0.6753425559264385,2.366458499374806,2.920769235080536,3.4440173788450834,0.691153161953081,0.6832166123573445,2.455405985391302])",0.0
F053,"['throughout','apply','wide','involve','least','compare','team','glass','quality','south','summer','—','shocking','claims','hoax','surface','internet']","(1000,[7,105,230,233,237,389,403,410,468,491,517,555,782,837,912,923],[3.6516567436233283,3.7316994512968646,0.6871770135734415,0.667530016189645,3.8187108282864943,4.270695952029551,6.6524686863774,4.270695952029551,2.246314187532743,2.958509563063383,0.6753425559264385,2.3045830956567186,3.4440173788450834,0.691153161953081,0.6832166123573445,5.523458920524919])",0.0
R074,"['heavy','pressure','theory','seem','prevent','movement','visit','ever','approach','whose','experts','discuss','ongoing','developments','education']","(1000,[212,225,271,321,327,507,523,567,582,667,703,777,871,885,995],[0.6753425559264385,3.8187108282864943,4.270695952029551,0.667530016189645,2.5277266469709283,4.270695952029551,3.4440173788450834,0.6792718340663283,3.172083663361442,3.4440173788450834,4.019381523748645,5.117993812416755,3.5085558999826545,3.125563647726549,0.691153161953081])",1.0
R007,"['issue','mrs','training','author','military','one','money','international','professor','activity','experts','discuss','ongoing','developments','election']","(1000,[49,91,212,242,321,359,373,437,488,567,829,843,873,921,995],[3.7316994512968646,4.137164559405029,0.6753425559264385,2.8844015909096608,0.667530016189645,4.270695952029551,3.8187108282864943,4.019381523748645,3.6516567436233283,0.6792718340663283,2.8154087194227095,3.6516567436233283,2.60568818844064,3.125563647726549,0.691153161953081])",1.0
R119,"['happy','partner','agency','participant','human','window','region','level','claim','reflect','where','experts','discuss','ongoing','developments','climate','change']","(1000,[19,47,87,201,212,252,321,343,415,567,586,612,625,638,873,883,995],[5.117993812416755,3.2208738275308737,2.8154087194227095,3.577548771469606,0.6753425559264385,2.997730276216664,0.667530016189645,4.137164559405029,3.577548771469606,0.6792718340663283,3.7316994512968646,3.2721671219184243,2.849310271098391,3.7316994512968646,2.60568818844064,2.997730276216664,0.691153161953081])",1.0
R087,"['party','green','executive','expert','true','agreement','eight','seek','experts','discuss','ongoing','developments','budget','report']","(1000,[24,38,90,93,106,125,212,320,321,436,555,567,570,995],[3.125563647726549,3.8187108282864943,3.125563647726549,3.172083663361442,2.661258039595451,3.383392757028649,0.6753425559264385,5.117993812416755,0.667530016189645,5.117993812416755,2.3045830956567186,0.6792718340663283,4.270695952029551,0.691153161953081])",1.0
F145,"['pattern','economic','lot','fund','charge','piece','now','maybe','rate','win','avoid','send','return','population','condition','partner','still','many','—','shocking','claims','miracle','drug','surface','internet']","(1000,[58,218,230,233,243,324,360,368,415,421,517,535,607,620,639,665,690,691,716,742,812,837,912,988,996],[4.019381523748645,4.019381523748645,0.6871770135734415,0.667530016189645,3.8187108282864943,3.4440173788450834,4.137164559405029,4.137164559405029,3.577548771469606,3.383392757028649,0.6753425559264385,2.6902455764687034,3.7316994512968646,3.6516567436233283,3.125563647726549,2.7826188965997183,3.2721671219184243,4.830311739964974,4.42484663185681,3.383392757028649,4.019381523748645,0.691153161953081,0.6832166123573445,3.8187108282864943,2.958509563063383])",0.0
R065,"['defense','idea','price','current','perhaps','woman','task','theory','time','cultural','range','morning','challenge','model','growth','hear','free','experts','discuss','ongoing','developments','budget','report']","(1000,[78,97,106,109,160,212,235,247,264,308,321,357,376,452,531,555,567,583,591,628,667,995],[3.8187108282864943,3.7316994512968646,2.661258039595451,4.019381523748645,3.7316994512968646,0.6753425559264385,3.2721671219184243,7.155097542939212,3.125563647726549,3.914021008090819,0.667530016189645,3.2721671219184243,5.117993812416755,3.2208738275308737,3.2208738275308737,2.3045830956567186,0.6792718340663283,4.42484663185681,4.270695952029551,3.8187108282864943,3.4440173788450834,0.691153161953081])",1.0
R208,"['visit','contain','maybe','huge','condition','participant','large','result','girl','mission','professional','partner','find','experts','discuss','ongoing','developments','budget','report']","(1000,[106,168,182,212,218,243,245,321,375,415,442,555,556,567,613,638,663,742,995],[2.661258039595451,2.661258039595451,3.7316994512968646,0.6753425559264385,4.019381523748645,3.8187108282864943,4.42484663185681,0.667530016189645,4.019381523748645,3.577548771469606,3.577548771469606,2.3045830956567186,4.137164559405029,0.6792718340663283,2.997730276216664,3.7316994512968646,3.6516567436233283,3.383392757028649,0.691153161953081])",1.0
R048,"['tree','responsibility','term','wonder','serious','seem','listen','recognize','whose','true','push','grow','speak','admit','experts','discuss','ongoing','developments','budget','report']","(1000,[7,17,81,90,106,118,197,212,297,321,453,507,534,555,567,740,885,904,928,995],[3.6516567436233283,2.958509563063383,3.172083663361442,3.125563647726549,2.661258039595451,4.137164559405029,4.019381523748645,0.6753425559264385,3.125563647726549,0.667530016189645,3.2208738275308737,4.270695952029551,3.4440173788450834,2.3045830956567186,0.6792718340663283,3.577548771469606,3.125563647726549,4.42484663185681,3.8187108282864943,0.691153161953081])",1.0
F076,"['within','month','word','floor','south','—','shocking','claims','aliens','surface','internet']","(1000,[105,166,230,233,517,564,617,661,837,912,929],[3.7316994512968646,4.42484663185681,0.6871770135734415,0.667530016189645,0.6753425559264385,3.914021008090819,3.125563647726549,4.019381523748645,0.691153161953081,0.6832166123573445,2.920769235080536])",0.0
R019,"['far','daughter','institution','education','relate','young','tree','per','marriage','player','without','ability','appear','current','experts','discuss','ongoing','developments','policy']","(1000,[47,82,212,234,247,252,321,330,497,555,567,612,698,824,919,941,995,998],[3.2208738275308737,3.383392757028649,0.6753425559264385,2.6902455764687034,3.577548771469606,2.997730276216664,1.33506003237929,3.7316994512968646,3.2721671219184243,2.3045830956567186,0.6792718340663283,3.2721671219184243,3.2208738275308737,3.7316994512968646,4.137164559405029,3.914021008090819,0.691153161953081,4.137164559405029])",1.0
F115,"['adult','common','serious','read','thing','grow','agent','least','dinner','term','—','shocking','claims','immortal','jellyfish','surface','internet']","(1000,[17,27,29,118,150,215,230,233,389,453,457,517,605,837,896,912,948],[2.958509563063383,3.2721671219184243,2.6902455764687034,4.137164559405029,5.523458920524919,3.8187108282864943,0.6871770135734415,0.667530016189645,4.270695952029551,3.2208738275308737,4.830311739964974,0.6753425559264385,2.7508701982851385,0.691153161953081,3.5085558999826545,0.6832166123573445,3.577548771469606])",0.0
R031,"['point','example','start','church','short','knowledge','bill','say','debate','system','return','others','spring','around','owner','experts','discuss','ongoing','developments','education']","(1000,[15,158,212,249,279,311,321,327,375,455,567,609,632,690,798,844,879,897,981,995],[4.137164559405029,3.577548771469606,0.6753425559264385,3.7316994512968646,2.997730276216664,3.5085558999826545,0.667530016189645,2.5277266469709283,4.019381523748645,3.2721671219184243,0.6792718340663283,3.914021008090819,4.42484663185681,3.2721671219184243,3.0385522707369192,4.019381523748645,4.019381523748645,3.914021008090819,2.997730276216664,0.691153161953081])",1.0
R190,"['way','else','follow','summer','wrong','experts','discuss','ongoing','developments','research']","(1000,[212,216,253,321,410,420,447,567,572,995],[0.6753425559264385,3.172083663361442,3.914021008090819,0.667530016189645,4.270695952029551,3.172083663361442,2.8844015909096608,0.6792718340663283,3.6516567436233283,0.691153161953081])",1.0
F057,"['interesting','history','break','property','edge','matter','business','commercial','—','shocking','claims','mind','control','surface','internet']","(1000,[230,233,310,316,390,510,517,529,607,800,804,837,912,938,997],[0.6871770135734415,0.667530016189645,2.5530444549552183,3.5085558999826545,4.270695952029551,4.137164559405029,0.6753425559264385,3.2208738275308737,3.7316994512968646,3.8187108282864943,3.125563647726549,0.691153161953081,0.6832166123573445,2.455405985391302,3.8187108282864943])",0.0
F158,"['current','protect','soldier','act','government','chance','ago','process','defense','later','defense','—','shocking','claims','immortal','jellyfish','surface','internet']","(1000,[29,86,121,178,230,233,256,291,314,412,517,605,819,837,866,883,912],[2.6902455764687034,3.383392757028649,3.914021008090819,7.3033134872466565,0.6871770135734415,0.667530016189645,3.383392757028649,4.270695952029551,4.019381523748645,4.270695952029551,0.6753425559264385,2.7508701982851385,2.958509563063383,0.691153161953081,2.6902455764687034,2.997730276216664,0.6832166123573445])",0.0
F234,"['player','early','face','president','interest','former','box','laugh','agency','low','model','newspaper','teach','last','—','shocking','claims','flat','earth','surface','internet']","(1000,[67,92,134,136,202,230,233,252,264,401,475,517,523,549,596,784,819,837,875,912,931],[2.7826188965997183,4.019381523748645,4.42484663185681,5.523458920524919,3.914021008090819,0.6871770135734415,0.667530016189645,2.997730276216664,3.125563647726549,2.920769235080536,3.4440173788450834,0.6753425559264385,3.4440173788450834,2.920769235080536,4.137164559405029,2.958509563063383,2.958509563063383,0.691153161953081,2.997730276216664,0.6832166123573445,3.8187108282864943])",0.0
F155,"['one','happy','hot','exist','event','discover','save','sure','evidence','population','sure','—','shocking','claims','flat','earth','surface','internet']","(1000,[90,160,230,233,246,337,358,401,517,549,718,778,807,812,837,912,966],[3.125563647726549,7.463398902593729,0.6871770135734415,0.667530016189645,3.2208738275308737,3.914021008090819,4.019381523748645,2.920769235080536,0.6753425559264385,2.920769235080536,3.914021008090819,3.6516567436233283,3.914021008090819,4.019381523748645,0.691153161953081,0.6832166123573445,3.4440173788450834])",0.0
F106,"['drop','record','reach','kitchen','use','step','rule','rich','training','teach','pretty','early','serve','—','shocking','claims','flat','earth','surface','internet']","(1000,[92,115,168,230,233,276,300,346,401,517,549,767,804,824,837,875,902,912,921],[4.019381523748645,3.8187108282864943,2.661258039595451,0.6871770135734415,0.667530016189645,4.270695952029551,3.8187108282864943,5.523458920524919,2.920769235080536,0.6753425559264385,2.920769235080536,3.7316994512968646,3.125563647726549,3.7316994512968646,0.691153161953081,2.997730276216664,3.8187108282864943,0.6832166123573445,6.251127295453098])",0.0
R051,"['speak','yeah','order','garden','perform','outside','apply','chance','book','catch','physical','language','term','song','event','guy','imagine','experts','discuss','ongoing','developments','policy']","(1000,[65,86,118,142,212,234,237,285,306,321,379,464,567,613,652,718,761,825,833,933,995,999],[3.8187108282864943,3.383392757028649,4.137164559405029,3.8187108282864943,0.6753425559264385,2.6902455764687034,3.8187108282864943,3.3262343431887,4.019381523748645,0.667530016189645,3.7316994512968646,3.125563647726549,0.6792718340663283,2.997730276216664,4.270695952029551,3.914021008090819,3.2721671219184243,4.137164559405029,3.383392757028649,3.914021008090819,0.691153161953081,3.914021008090819])",1.0
R203,"['significant','upon','computer','word','leg','past','front','reflect','eight','experts','discuss','ongoing','developments','education']","(1000,[15,93,166,212,321,327,350,418,421,567,586,602,899,995],[4.137164559405029,3.172083663361442,4.42484663185681,0.6753425559264385,0.667530016189645,2.5277266469709283,4.137164559405029,4.137164559405029,3.383392757028649,0.6792718340663283,3.7316994512968646,3.7316994512968646,3.914021008090819,0.691153161953081])",1.0
F063,"['discuss','line','magazine','born','give','main','walk','later','out','company','father','house','goal','person','phone','social','run','seven','customer','somebody','—','shocking','claims','secret','cure','surface','internet']","(1000,[57,140,182,213,230,233,289,291,302,329,336,344,365,381,396,427,476,517,531,594,600,622,685,837,912,915],[4.137164559405029,2.38796470459577,3.7316994512968646,4.42484663185681,0.6871770135734415,1.33506003237929,3.914021008090819,4.270695952029551,4.019381523748645,3.914021008090819,3.577548771469606,3.4440173788450834,4.830311739964974,4.270695952029551,2.5530444549552183,4.137164559405029,3.914021008090819,0.6753425559264385,3.2208738275308737,4.607168188650764,3.914021008090819,4.137164559405029,3.7316994512968646,0.691153161953081,0.6832166123573445,3.125563647726549])",0.0
R080,"['authority','relate','lot','student','here','threat','another','owner','almost','soldier','ready','benefit','pressure','answer','experts','discuss','ongoing','developments','policy']","(1000,[14,116,190,212,234,256,321,421,555,567,582,654,788,857,889,897,969,995],[4.42484663185681,3.3262343431887,3.3262343431887,0.6753425559264385,2.6902455764687034,3.383392757028649,0.667530016189645,3.383392757028649,2.3045830956567186,0.6792718340663283,3.172083663361442,3.7316994512968646,7.3033134872466565,3.914021008090819,3.577548771469606,3.914021008090819,5.117993812416755,0.691153161953081])",1.0
R226,"['edge','hand','sense','see','represent','behavior','mother','article','read','data','itself','plan','right','garden','make','develop','everything','daughter','news','step','today','experts','discuss','ongoing','developments','public','health']","(1000,[23,75,82,129,140,162,168,212,264,321,379,408,415,501,520,567,618,851,855,875,925,926,948,962,966,995,996],[3.7316994512968646,4.270695952029551,3.383392757028649,3.914021008090819,2.38796470459577,3.914021008090819,2.661258039595451,0.6753425559264385,3.125563647726549,0.667530016189645,3.7316994512968646,3.5085558999826545,3.577548771469606,3.8187108282864943,3.4440173788450834,0.6792718340663283,2.958509563063383,3.4440173788450834,3.5085558999826545,2.997730276216664,3.172083663361442,3.914021008090819,3.577548771469606,3.172083663361442,3.4440173788450834,0.691153161953081,2.958509563063383])",1.0
F144,"['walk','pattern','explain','mrs','interesting','test','player','eight','—','shocking','claims','hoax','surface','internet']","(1000,[81,91,93,189,230,233,260,468,517,837,846,871,912,998],[3.172083663361442,4.137164559405029,3.172083663361442,3.2721671219184243,0.6871770135734415,0.667530016189645,3.7316994512968646,2.246314187532743,0.6753425559264385,0.691153161953081,5.117993812416755,3.5085558999826545,0.6832166123573445,4.137164559405029])",0.0
F241,"['heart','strong','whether','beyond','color','sign','laugh','identify','—','shocking','claims','flat','earth','surface','internet']","(1000,[67,139,230,233,271,344,401,408,466,487,517,549,837,871,912],[2.7826188965997183,3.577548771469606,0.6871770135734415,0.667530016189645,4.270695952029551,3.4440173788450834,2.920769235080536,3.5085558999826545,3.172083663361442,4.830311739964974,0.6753425559264385,2.920769235080536,0.691153161953081,3.5085558999826545,0.6832166123573445])",0.0
R150,"['business','note','attorney','room','never','agree','home','next','experts','discuss','ongoing','developments','election']","(1000,[181,212,222,242,250,321,478,484,567,661,751,900,995],[4.270695952029551,0.6753425559264385,3.3262343431887,2.8844015909096608,4.42484663185681,0.667530016189645,3.5085558999826545,4.019381523748645,0.6792718340663283,4.019381523748645,4.137164559405029,5.523458920524919,0.691153161953081])",1.0
R153,"['want','enjoy','true','institution','study','admit','wrong','story','system','price','maintain','scientist','which','experts','discuss','ongoing','developments','research']","(1000,[7,78,90,125,212,216,321,379,447,455,458,475,567,673,682,742,995],[3.6516567436233283,3.8187108282864943,3.125563647726549,3.383392757028649,0.6753425559264385,3.172083663361442,1.33506003237929,3.7316994512968646,2.8844015909096608,3.2721671219184243,5.523458920524919,3.4440173788450834,0.6792718340663283,3.3262343431887,3.7316994512968646,3.383392757028649,0.691153161953081])",1.0
F175,"['less','nearly','every','mother','store','word','member','fly','someone','—','shocking','claims','hoax','surface','internet']","(1000,[27,166,198,230,233,301,363,468,477,517,550,837,875,885,912],[3.2721671219184243,4.42484663185681,4.137164559405029,0.6871770135734415,0.667530016189645,3.2208738275308737,4.42484663185681,2.246314187532743,3.914021008090819,0.6753425559264385,3.3262343431887,0.691153161953081,2.997730276216664,3.125563647726549,0.6832166123573445])",0.0
F161,"['continue','low','new','defense','strategy','draw','manage','range','help','involve','probably','painting','explain','serve','blue','teach','change','item','memory','—','shocking','claims','immortal','jellyfish','surface','internet']","(1000,[29,81,178,230,233,330,386,403,437,517,536,542,577,605,617,628,648,673,753,781,804,819,837,875,880,912],[2.6902455764687034,3.172083663361442,3.6516567436233283,0.6871770135734415,0.667530016189645,3.7316994512968646,4.019381523748645,3.3262343431887,4.019381523748645,0.6753425559264385,4.42484663185681,2.366458499374806,2.920769235080536,2.7508701982851385,3.125563647726549,3.8187108282864943,3.4440173788450834,3.3262343431887,4.137164559405029,3.8187108282864943,3.125563647726549,2.958509563063383,0.691153161953081,2.997730276216664,3.8187108282864943,0.6832166123573445])",0.0
F147,"['rule','base','group','look','traditional','—','shocking','claims','secret','cure','surface','internet']","(1000,[51,96,140,215,230,233,396,517,816,837,912],[3.8187108282864943,3.7316994512968646,2.38796470459577,3.8187108282864943,0.6871770135734415,1.33506003237929,2.5530444549552183,0.6753425559264385,4.270695952029551,0.691153161953081,0.6832166123573445])",0.0
F018,"['risk','scene','difference','read','interesting','thousand','according','government','provide','listen','right','easy','civil','easy','consider','ago','particular','course','successful','wife','—','shocking','claims','secret','cure','surface','internet']","(1000,[32,140,174,212,230,233,295,297,314,340,396,448,468,517,560,633,790,805,837,839,866,871,912,948,974],[3.4440173788450834,4.77592940919154,3.4440173788450834,0.6753425559264385,0.6871770135734415,0.667530016189645,4.270695952029551,3.125563647726549,4.019381523748645,4.607168188650764,2.5530444549552183,3.383392757028649,2.246314187532743,0.6753425559264385,3.0385522707369192,3.577548771469606,3.5085558999826545,4.42484663185681,0.691153161953081,3.7316994512968646,2.6902455764687034,3.5085558999826545,0.6832166123573445,3.577548771469606,6.6524686863774])",0.0
F211,"['scientist','growth','old','effect','think','seven','management','—','shocking','claims','celebrity','scandal','surface','internet']","(1000,[213,230,233,285,341,357,517,708,811,837,865,912,932,962],[4.42484663185681,0.6871770135734415,0.667530016189645,3.3262343431887,5.117993812416755,3.2721671219184243,0.6753425559264385,3.3262343431887,2.5277266469709283,0.691153161953081,3.914021008090819,0.6832166123573445,2.849310271098391,3.172083663361442])",0.0
R117,"['maybe','tree','main','great','act','special','chance','piece','matter','experts','discuss','ongoing','developments','research']","(1000,[86,121,212,321,381,447,529,567,628,698,915,938,995,996],[3.383392757028649,3.914021008090819,0.6753425559264385,0.667530016189645,4.270695952029551,2.8844015909096608,3.2208738275308737,0.6792718340663283,3.8187108282864943,3.2208738275308737,3.125563647726549,2.455405985391302,0.691153161953081,2.958509563063383])",1.0
F016,"['worker','evening','bring','expect','name','likely','suggest','community','measure','evening','determine','tonight','manage','support','produce','education','it','morning','best','campaign','—','shocking','claims','aliens','surface','internet']","(1000,[44,47,56,180,207,230,233,241,383,386,433,440,494,517,571,583,608,687,831,837,898,912,922,927,929],[4.137164559405029,3.2208738275308737,4.607168188650764,3.8187108282864943,8.84969326371362,0.6871770135734415,0.667530016189645,3.5085558999826545,2.345405090176974,4.019381523748645,3.2208738275308737,3.0811118851557153,4.019381523748645,0.6753425559264385,3.914021008090819,4.42484663185681,4.137164559405029,3.5085558999826545,3.4440173788450834,0.691153161953081,3.8187108282864943,0.6832166123573445,3.7316994512968646,3.4440173788450834,2.920769235080536])",0.0
F029,"['bar','campaign','resource','rise','far','matter','health','threat','keep','something','upon','hospital','—','shocking','claims','flat','earth','surface','internet']","(1000,[32,116,230,233,274,279,401,418,433,517,529,549,642,682,697,707,837,909,912],[3.4440173788450834,3.3262343431887,0.6871770135734415,0.667530016189645,3.8187108282864943,2.997730276216664,2.920769235080536,4.137164559405029,3.2208738275308737,0.6753425559264385,3.2208738275308737,2.920769235080536,4.42484663185681,3.7316994512968646,3.8187108282864943,4.607168188650764,0.691153161953081,3.914021008090819,0.6832166123573445])",0.0
F205,"['natural','decide','produce','record','factor','education','them','—','shocking','claims','celebrity','scandal','surface','internet']","(1000,[47,230,233,241,300,454,517,644,742,811,837,881,912,932],[3.2208738275308737,0.6871770135734415,0.667530016189645,3.5085558999826545,3.8187108282864943,4.270695952029551,0.6753425559264385,4.830311739964974,3.383392757028649,2.5277266469709283,0.691153161953081,4.42484663185681,0.6832166123573445,2.849310271098391])",0.0
R112,"['chair','education','suggest','begin','clearly','policy','contain','within','test','exist','individual','authority','why','experts','discuss','ongoing','developments','economic','growth']","(1000,[47,50,62,113,120,153,182,189,212,321,535,553,567,569,663,735,807,927,995],[3.2208738275308737,3.8187108282864943,3.914021008090819,4.270695952029551,4.270695952029551,5.117993812416755,3.7316994512968646,3.2721671219184243,0.6753425559264385,0.667530016189645,2.6902455764687034,2.920769235080536,0.6792718340663283,3.914021008090819,3.6516567436233283,4.270695952029551,3.914021008090819,3.4440173788450834,0.691153161953081])",1.0
F218,"['local','song','use','deal','everybody','risk','position','agree','already','mean','—','shocking','claims','government','cover-up','surface','internet']","(1000,[28,80,144,230,233,517,542,560,722,751,758,759,767,825,837,866,912],[3.8187108282864943,3.383392757028649,3.383392757028649,0.6871770135734415,0.667530016189645,0.6753425559264385,2.366458499374806,3.0385522707369192,4.019381523748645,4.137164559405029,3.914021008090819,5.117993812416755,3.7316994512968646,4.137164559405029,0.691153161953081,2.6902455764687034,0.6832166123573445])",0.0
R187,"['make','instead','old','score','peace','thing','trade','size','debate','listen','camera','source','bill','hospital','experts','discuss','ongoing','developments','education']","(1000,[145,174,212,215,222,282,297,321,327,375,380,550,567,632,682,708,760,818,995],[4.42484663185681,3.4440173788450834,0.6753425559264385,3.8187108282864943,3.3262343431887,3.4440173788450834,3.125563647726549,0.667530016189645,2.5277266469709283,4.019381523748645,4.270695952029551,3.3262343431887,0.6792718340663283,4.42484663185681,3.7316994512968646,3.3262343431887,3.8187108282864943,3.914021008090819,0.691153161953081])",1.0
F087,"['author','enter','tree','use','participant','sense','represent','task','church','wait','last','shake','half','place','woman','—','shocking','claims','celebrity','scandal','surface','internet']","(1000,[160,230,233,253,452,501,517,523,542,638,643,695,698,767,798,811,837,855,912,927,932,962],[3.7316994512968646,0.6871770135734415,0.667530016189645,3.914021008090819,3.2208738275308737,3.8187108282864943,0.6753425559264385,3.4440173788450834,2.366458499374806,3.7316994512968646,4.270695952029551,5.117993812416755,3.2208738275308737,3.7316994512968646,3.0385522707369192,2.5277266469709283,0.691153161953081,3.5085558999826545,0.6832166123573445,3.4440173788450834,2.849310271098391,3.172083663361442])",0.0
R171,"['fall','fact','character','write','another','mrs','language','wife','people','yourself','experts','discuss','ongoing','developments','education']","(1000,[91,157,212,321,327,394,448,504,567,652,746,788,922,967,995],[4.137164559405029,2.997730276216664,0.6753425559264385,0.667530016189645,2.5277266469709283,3.914021008090819,3.383392757028649,4.019381523748645,0.6792718340663283,4.270695952029551,3.2721671219184243,3.6516567436233283,3.7316994512968646,3.7316994512968646,0.691153161953081])",1.0
R113,"['receive','series','future','newspaper','detail','five','despite','race','thought','experts','discuss','ongoing','developments','technology','breakthrough']","(1000,[36,69,134,212,321,373,383,464,567,577,599,677,930,984,995],[4.137164559405029,4.137164559405029,4.42484663185681,0.6753425559264385,0.667530016189645,3.8187108282864943,2.345405090176974,3.125563647726549,0.6792718340663283,2.920769235080536,2.7200985396183848,4.019381523748645,3.914021008090819,5.523458920524919,0.691153161953081])",1.0
R222,"['like','contain','necessary','property','fish','stop','simple','late','piece','republican','together','few','turn','land','check','thus','experts','discuss','ongoing','developments','public','health']","(1000,[83,157,182,212,239,316,321,423,452,469,477,567,607,618,648,766,876,883,907,925,995,996],[4.137164559405029,2.997730276216664,3.7316994512968646,0.6753425559264385,5.117993812416755,3.5085558999826545,0.667530016189645,4.607168188650764,3.2208738275308737,3.2208738275308737,3.914021008090819,0.6792718340663283,3.7316994512968646,2.958509563063383,3.4440173788450834,3.8187108282864943,3.5085558999826545,2.997730276216664,3.6516567436233283,3.172083663361442,0.691153161953081,2.958509563063383])",1.0
F233,"['use','buy','anyone','evidence','similar','school','nice','discussion','military','—','shocking','claims','secret','cure','surface','internet']","(1000,[24,140,168,230,233,234,246,396,465,517,567,576,578,837,843,912],[3.125563647726549,2.38796470459577,2.661258039595451,0.6871770135734415,0.667530016189645,2.6902455764687034,3.2208738275308737,2.5530444549552183,4.42484663185681,0.6753425559264385,0.6792718340663283,3.577548771469606,3.914021008090819,0.691153161953081,3.6516567436233283,0.6832166123573445])",0.0
R223,"['shake','time','official','over','method','level','particularly','effort','record','experts','discuss','ongoing','developments','climate','change']","(1000,[87,97,212,216,300,321,343,534,567,625,667,722,796,899,995],[2.8154087194227095,3.7316994512968646,0.6753425559264385,3.172083663361442,3.8187108282864943,0.667530016189645,4.137164559405029,3.4440173788450834,0.6792718340663283,2.849310271098391,3.4440173788450834,4.019381523748645,5.117993812416755,3.914021008090819,0.691153161953081])",1.0
F224,"['letter','eat','treat','white','bed','trouble','price','west','suggest','everybody','race','—','shocking','claims','secret','cure','surface','internet']","(1000,[78,140,200,230,233,396,517,527,549,560,577,580,634,837,905,912,927,930],[3.8187108282864943,2.38796470459577,3.914021008090819,0.6871770135734415,0.667530016189645,2.5530444549552183,0.6753425559264385,3.2208738275308737,2.920769235080536,3.0385522707369192,2.920769235080536,2.997730276216664,3.914021008090819,0.691153161953081,4.270695952029551,0.6832166123573445,3.4440173788450834,3.914021008090819])",0.0
R181,"['improve','next','cost','order','ask','forward','cut','leg','tree','attorney','fly','road','defense','reality','experts','discuss','ongoing','developments','climate','change']","(1000,[87,128,178,212,222,286,301,321,350,362,374,478,567,625,698,708,755,935,995,999],[2.8154087194227095,3.7316994512968646,3.6516567436233283,0.6753425559264385,3.3262343431887,3.383392757028649,3.2208738275308737,0.667530016189645,4.137164559405029,3.577548771469606,3.7316994512968646,3.5085558999826545,0.6792718340663283,2.849310271098391,3.2208738275308737,3.3262343431887,4.42484663185681,4.42484663185681,0.691153161953081,3.914021008090819])",1.0
R056,"['debate','generation','chair','recently','need','analysis','magazine','still','member','feeling','far','participant','matter','plant','year','experts','discuss','ongoing','developments','public','health']","(1000,[32,198,212,294,321,324,476,523,529,554,567,618,638,640,685,790,853,925,961,974,995],[3.4440173788450834,4.137164559405029,0.6753425559264385,3.914021008090819,0.667530016189645,3.4440173788450834,3.914021008090819,3.4440173788450834,3.2208738275308737,4.137164559405029,0.6792718340663283,2.958509563063383,3.7316994512968646,4.42484663185681,3.7316994512968646,3.5085558999826545,4.137164559405029,3.172083663361442,3.577548771469606,3.3262343431887,0.691153161953081])",1.0
R110,"['develop','teach','matter','answer','gas','back','woman','present','old','sometimes','three','hard','experts','discuss','ongoing','developments','education']","(1000,[25,160,212,238,321,327,413,486,506,529,567,579,654,708,875,895,995],[3.7316994512968646,3.7316994512968646,0.6753425559264385,3.8187108282864943,0.667530016189645,2.5277266469709283,4.137164559405029,3.8187108282864943,5.117993812416755,3.2208738275308737,0.6792718340663283,4.42484663185681,3.7316994512968646,3.3262343431887,2.997730276216664,3.577548771469606,0.691153161953081])",1.0
R219,"['understand','buy','if','college','difficult','fill','friend','mean','base','campaign','generation','ten','husband','majority','hope','lead','fly','environmental','cultural','candidate','experts','discuss','ongoing','developments','education']","(1000,[24,28,34,51,82,212,235,284,301,321,327,365,395,417,433,488,517,519,523,567,744,873,933,972,995],[3.125563647726549,3.8187108282864943,4.830311739964974,3.8187108282864943,3.383392757028649,0.6753425559264385,3.2721671219184243,3.383392757028649,3.2208738275308737,0.667530016189645,2.5277266469709283,4.830311739964974,3.914021008090819,4.270695952029551,3.2208738275308737,3.6516567436233283,0.6753425559264385,4.42484663185681,3.4440173788450834,0.6792718340663283,4.42484663185681,2.60568818844064,3.914021008090819,4.270695952029551,0.691153161953081])",1.0
R224,"['design','large','short','discussion','everything','candidate','recognize','box','house','smile','ready','hospital','contain','bring','push','short','trip','experts','discuss','ongoing','developments','education']","(1000,[24,81,158,168,182,190,197,212,256,289,321,327,440,465,475,517,567,571,682,851,995],[3.125563647726549,3.172083663361442,7.155097542939212,2.661258039595451,3.7316994512968646,3.3262343431887,4.019381523748645,0.6753425559264385,3.383392757028649,3.914021008090819,0.667530016189645,2.5277266469709283,3.0811118851557153,4.42484663185681,3.4440173788450834,0.6753425559264385,0.6792718340663283,3.914021008090819,3.7316994512968646,3.4440173788450834,0.691153161953081])",1.0
F178,"['including','form','clear','skill','everyone','hotel','old','whether','test','interesting','answer','clear','tv','—','shocking','claims','immortal','jellyfish','surface','internet']","(1000,[17,29,60,189,230,233,364,408,517,539,605,654,666,708,761,837,856,871,912],[5.917019126126766,2.6902455764687034,4.830311739964974,3.2721671219184243,0.6871770135734415,0.667530016189645,4.137164559405029,3.5085558999826545,0.6753425559264385,4.270695952029551,2.7508701982851385,3.7316994512968646,4.019381523748645,3.3262343431887,3.2721671219184243,0.691153161953081,4.137164559405029,3.5085558999826545,0.6832166123573445])",0.0
F074,"['quality','light','manage','also','thing','suffer','education','pretty','—','shocking','claims','secret','cure','surface','internet']","(1000,[47,140,173,215,230,233,276,386,396,441,517,582,837,890,912],[3.2208738275308737,2.38796470459577,3.577548771469606,3.8187108282864943,0.6871770135734415,0.667530016189645,4.270695952029551,4.019381523748645,2.5530444549552183,4.42484663185681,0.6753425559264385,3.172083663361442,0.691153161953081,4.137164559405029,0.6832166123573445])",0.0
R034,"['memory','certain','represent','natural','human','receive','individual','chair','budget','hit','thus','chair','experts','discuss','ongoing','developments','budget','report']","(1000,[3,7,47,83,106,212,321,554,555,567,569,784,804,850,855,995],[5.117993812416755,3.6516567436233283,3.2208738275308737,4.137164559405029,2.661258039595451,0.6753425559264385,0.667530016189645,8.274329118810059,4.609166191313437,0.6792718340663283,3.914021008090819,2.958509563063383,3.125563647726549,4.270695952029551,3.5085558999826545,0.691153161953081])",1.0
R095,"['force','business','miss','early','answer','outside','voice','whose','recently','analysis','experts','discuss','ongoing','developments','policy']","(1000,[4,92,212,234,321,491,507,567,640,654,766,790,804,933,995],[3.914021008090819,4.019381523748645,0.6753425559264385,2.6902455764687034,0.667530016189645,2.958509563063383,4.270695952029551,0.6792718340663283,4.42484663185681,3.7316994512968646,3.8187108282864943,3.5085558999826545,3.125563647726549,3.914021008090819,0.691153161953081])",1.0
F011,"['production','hundred','force','recent','movie','possible','medical','join','full','election','past','sense','—','shocking','claims','aliens','surface','internet']","(1000,[30,63,221,230,233,469,517,527,561,602,694,746,837,848,912,929,962,975],[4.270695952029551,3.7316994512968646,4.830311739964974,0.6871770135734415,0.667530016189645,3.2208738275308737,0.6753425559264385,3.2208738275308737,3.383392757028649,3.7316994512968646,3.383392757028649,3.2721671219184243,0.691153161953081,4.270695952029551,0.6832166123573445,2.920769235080536,3.172083663361442,4.42484663185681])",0.0
R162,"['likely','technology','one','including','federal','clear','wrong','possible','war','participant','read','maybe','experts','discuss','ongoing','developments','policy']","(1000,[17,63,212,216,234,243,321,383,433,446,567,638,775,820,829,948,995],[2.958509563063383,3.7316994512968646,0.6753425559264385,3.172083663361442,2.6902455764687034,3.8187108282864943,0.667530016189645,2.345405090176974,3.2208738275308737,3.5085558999826545,0.6792718340663283,3.7316994512968646,2.997730276216664,3.383392757028649,2.8154087194227095,3.577548771469606,0.691153161953081])",1.0
R218,"['serious','answer','above','act','institution','need','thing','experts','discuss','ongoing','developments','election']","(1000,[121,130,212,215,242,321,552,567,654,961,995],[3.914021008090819,4.137164559405029,0.6753425559264385,3.8187108282864943,2.8844015909096608,1.33506003237929,5.523458920524919,0.6792718340663283,3.7316994512968646,3.577548771469606,0.691153161953081])",1.0
F136,"['member','free','charge','apply','easy','forward','concern','every','entire','big','degree','friend','wife','speech','edge','—','shocking','claims','miracle','drug','surface','internet']","(1000,[6,17,52,55,109,230,233,237,285,362,448,501,517,550,639,665,691,837,873,912,974,997],[4.019381523748645,2.958509563063383,4.607168188650764,4.270695952029551,4.019381523748645,0.6871770135734415,0.667530016189645,3.8187108282864943,3.3262343431887,3.577548771469606,3.383392757028649,3.8187108282864943,0.6753425559264385,3.3262343431887,3.125563647726549,2.7826188965997183,4.830311739964974,0.691153161953081,2.60568818844064,0.6832166123573445,3.3262343431887,3.8187108282864943])",0.0
R108,"['training','ahead','size','too','stuff','stay','three','difference','collection','experts','discuss','ongoing','developments','economic','growth']","(1000,[28,152,162,212,282,321,413,514,535,553,567,747,839,952,995],[3.8187108282864943,4.137164559405029,3.914021008090819,0.6753425559264385,3.4440173788450834,0.667530016189645,4.137164559405029,4.137164559405029,2.6902455764687034,2.920769235080536,0.6792718340663283,4.137164559405029,3.7316994512968646,4.42484663185681,0.691153161953081])",1.0
R186,"['impact','actually','audience','sport','eat','address','region','drive','live','environment','want','experts','discuss','ongoing','developments','research']","(1000,[183,195,212,275,284,321,447,521,527,562,567,612,679,746,989,995],[4.137164559405029,3.6516567436233283,0.6753425559264385,4.607168188650764,3.383392757028649,0.667530016189645,2.8844015909096608,3.914021008090819,3.2208738275308737,3.914021008090819,0.6792718340663283,3.2721671219184243,4.830311739964974,3.2721671219184243,4.42484663185681,0.691153161953081])",1.0
R248,"['use','face','drug','or','letter','anyone','business','officer','arrive','experts','discuss','ongoing','developments','technology','breakthrough']","(1000,[58,143,157,212,321,383,567,576,599,617,665,784,804,995],[4.019381523748645,3.6516567436233283,2.997730276216664,0.6753425559264385,0.667530016189645,2.345405090176974,1.3585436681326566,3.577548771469606,2.7200985396183848,3.125563647726549,2.7826188965997183,2.958509563063383,3.125563647726549,0.691153161953081])",1.0
F045,"['difference','program','bag','good','control','scene','success','garden','any','else','tree','house','tv','—','shocking','claims','immortal','jellyfish','surface','internet']","(1000,[5,29,212,230,233,289,364,379,421,428,517,572,605,650,698,837,912,938,942,978],[4.270695952029551,2.6902455764687034,0.6753425559264385,0.6871770135734415,0.667530016189645,3.914021008090819,4.137164559405029,3.7316994512968646,3.383392757028649,4.830311739964974,0.6753425559264385,3.6516567436233283,2.7508701982851385,4.137164559405029,3.2208738275308737,0.691153161953081,0.6832166123573445,2.455405985391302,4.270695952029551,3.8187108282864943])",0.0
F092,"['much','score','decide','campaign','reveal','young','money','paper','music','value','role','matter','character','—','shocking','claims','secret','cure','surface','internet']","(1000,[22,140,230,233,288,304,373,394,396,433,517,529,533,550,837,881,903,907,912,941],[3.914021008090819,2.38796470459577,0.6871770135734415,0.667530016189645,2.920769235080536,5.523458920524919,3.8187108282864943,3.914021008090819,2.5530444549552183,3.2208738275308737,0.6753425559264385,3.2208738275308737,4.42484663185681,3.3262343431887,0.691153161953081,4.42484663185681,3.6516567436233283,3.6516567436233283,0.6832166123573445,3.914021008090819])",0.0
R100,"['skill','watch','kitchen','son','team','star','official','wife','deep','region','fly','democratic','particular','experts','discuss','ongoing','developments','technology','breakthrough']","(1000,[32,49,195,212,216,301,321,383,448,491,544,567,599,611,612,800,908,921,995],[3.4440173788450834,3.7316994512968646,3.6516567436233283,0.6753425559264385,3.172083663361442,3.2208738275308737,0.667530016189645,2.345405090176974,3.383392757028649,2.958509563063383,3.8187108282864943,0.6792718340663283,2.7200985396183848,3.7316994512968646,3.2721671219184243,3.8187108282864943,4.42484663185681,3.125563647726549,0.691153161953081])",1.0
F075,"['democratic','free','worker','present','accept','difference','far','—','shocking','claims','miracle','drug','surface','internet']","(1000,[25,32,81,109,230,233,517,542,565,639,665,837,839,912],[3.7316994512968646,3.4440173788450834,3.172083663361442,4.019381523748645,0.6871770135734415,0.667530016189645,0.6753425559264385,2.366458499374806,5.117993812416755,3.125563647726549,2.7826188965997183,0.691153161953081,3.7316994512968646,0.6832166123573445])",0.0
R059,"['water','study','senior','affect','middle','voice','technology','term','experts','discuss','ongoing','developments','technology','breakthrough']","(1000,[4,118,212,321,375,383,475,567,599,734,738,869,995],[3.914021008090819,4.137164559405029,0.6753425559264385,0.667530016189645,4.019381523748645,4.690810180353948,3.4440173788450834,0.6792718340663283,2.7200985396183848,4.137164559405029,3.914021008090819,3.383392757028649,0.691153161953081])",1.0
F213,"['soon','enter','lot','future','occur','fish','base','hot','cause','push','pattern','activity','either','base','big','national','never','yeah','—','shocking','claims','hoax','surface','internet']","(1000,[51,78,81,230,233,250,260,359,373,421,452,468,499,501,517,542,613,643,775,778,837,873,912],[7.637421656572989,3.8187108282864943,3.172083663361442,0.6871770135734415,0.667530016189645,4.42484663185681,3.7316994512968646,4.270695952029551,3.8187108282864943,3.383392757028649,3.2208738275308737,2.246314187532743,4.270695952029551,3.8187108282864943,0.6753425559264385,2.366458499374806,2.997730276216664,4.270695952029551,2.997730276216664,3.6516567436233283,0.691153161953081,2.60568818844064,0.6832166123573445])",0.0
R233,"['statement','improve','wrong','attention','group','experts','discuss','ongoing','developments','education']","(1000,[96,212,216,246,321,327,567,690,794,995],[3.7316994512968646,0.6753425559264385,3.172083663361442,3.2208738275308737,0.667530016189645,2.5277266469709283,0.6792718340663283,3.2721671219184243,4.830311739964974,0.691153161953081])",1.0
F072,"['later','religious','election','avoid','full','human','sound','spend','amount','left','himself','level','middle','wall','include','clearly','commercial','believe','industry','institution','boy','cause','—','shocking','claims','mind','control','surface','internet']","(1000,[30,47,67,120,154,230,233,279,310,318,321,343,515,517,572,580,588,738,746,775,792,800,837,912,938,974,988,990,996],[4.270695952029551,3.2208738275308737,2.7826188965997183,4.270695952029551,4.137164559405029,0.6871770135734415,0.667530016189645,2.997730276216664,2.5530444549552183,4.830311739964974,0.667530016189645,4.137164559405029,3.914021008090819,0.6753425559264385,3.6516567436233283,2.997730276216664,3.8187108282864943,3.914021008090819,3.2721671219184243,2.997730276216664,3.914021008090819,3.8187108282864943,0.691153161953081,0.6832166123573445,2.455405985391302,3.3262343431887,3.8187108282864943,4.42484663185681,2.958509563063383])",0.0
R184,"['value','direction','threat','industry','eight','garden','order','fish','hundred','want','exactly','soldier','well','system','hotel','father','network','experts','discuss','ongoing','developments','budget','report']","(1000,[80,93,106,116,212,256,321,379,427,452,455,515,527,539,555,562,567,613,623,676,708,995,999],[3.383392757028649,3.172083663361442,2.661258039595451,3.3262343431887,0.6753425559264385,3.383392757028649,0.667530016189645,3.7316994512968646,4.137164559405029,3.2208738275308737,3.2721671219184243,3.914021008090819,3.2208738275308737,4.270695952029551,2.3045830956567186,3.914021008090819,0.6792718340663283,2.997730276216664,4.137164559405029,4.607168188650764,3.3262343431887,0.691153161953081,3.914021008090819])",1.0
F134,"['week','want','bad','forward','speech','lawyer','tell','process','moment','guess','—','shocking','claims','secret','cure','surface','internet']","(1000,[140,230,233,285,286,352,362,396,517,562,663,699,837,853,877,883,912],[2.38796470459577,0.6871770135734415,0.667530016189645,3.3262343431887,3.383392757028649,3.8187108282864943,3.577548771469606,2.5530444549552183,0.6753425559264385,3.914021008090819,3.6516567436233283,3.7316994512968646,0.691153161953081,4.137164559405029,3.383392757028649,2.997730276216664,0.6832166123573445])",0.0
R096,"['remember','city','small','factor','those','cover','age','affect','subject','north','red','goal','owner','home','option','experts','discuss','ongoing','developments','research']","(1000,[117,212,241,288,321,447,454,469,567,594,661,686,820,869,879,897,906,914,975,995],[4.42484663185681,0.6753425559264385,3.5085558999826545,2.920769235080536,0.667530016189645,2.8844015909096608,4.270695952029551,3.2208738275308737,0.6792718340663283,4.607168188650764,4.019381523748645,4.137164559405029,3.383392757028649,3.383392757028649,4.019381523748645,3.914021008090819,3.8187108282864943,4.607168188650764,4.42484663185681,0.691153161953081])",1.0
R020,"['office','family','congress','inside','part','everybody','south','last','again','experts','discuss','ongoing','developments','policy']","(1000,[93,105,189,212,223,234,321,512,523,560,567,770,908,995],[3.172083663361442,3.7316994512968646,3.2721671219184243,0.6753425559264385,4.137164559405029,2.6902455764687034,0.667530016189645,4.019381523748645,3.4440173788450834,3.0385522707369192,0.6792718340663283,4.019381523748645,4.42484663185681,0.691153161953081])",1.0
R067,"['catch','low','executive','president','voice','production','finish','team','stock','effort','use','security','able','television','law','experts','discuss','ongoing','developments','policy']","(1000,[4,132,202,212,234,283,306,321,491,551,567,570,604,667,686,767,819,835,995],[3.914021008090819,4.137164559405029,3.914021008090819,0.6753425559264385,2.6902455764687034,3.6516567436233283,4.019381523748645,0.667530016189645,5.917019126126766,3.914021008090819,0.6792718340663283,4.270695952029551,3.914021008090819,3.4440173788450834,4.137164559405029,3.7316994512968646,2.958509563063383,4.019381523748645,0.691153161953081])",1.0
R215,"['window','understand','science','local','type','personal','hot','candidate','experts','discuss','ongoing','developments','education']","(1000,[158,201,212,283,321,327,517,567,700,710,778,811,995],[3.577548771469606,3.577548771469606,0.6753425559264385,3.6516567436233283,0.667530016189645,2.5277266469709283,0.6753425559264385,0.6792718340663283,4.137164559405029,4.270695952029551,3.6516567436233283,2.5277266469709283,0.691153161953081])",1.0
R127,"['federal','treatment','senior','teach','hair','knowledge','lawyer','simply','across','far','interesting','common','experts','discuss','ongoing','developments','policy']","(1000,[27,32,133,212,234,311,321,442,567,629,663,734,784,801,871,875,995],[3.2721671219184243,3.4440173788450834,4.830311739964974,0.6753425559264385,2.6902455764687034,3.5085558999826545,0.667530016189645,3.577548771469606,0.6792718340663283,5.523458920524919,3.6516567436233283,4.137164559405029,2.958509563063383,4.42484663185681,3.5085558999826545,2.997730276216664,0.691153161953081])",1.0
R235,"['response','service','mention','military','quickly','place','produce','person','business','arrive','resource','raise','light','method','summer','physical','soon','government','experts','discuss','ongoing','developments','technology','breakthrough']","(1000,[143,212,241,253,321,329,336,383,410,464,510,535,567,582,597,599,804,843,866,899,909,940,995],[3.6516567436233283,0.6753425559264385,3.5085558999826545,3.914021008090819,0.667530016189645,3.914021008090819,3.577548771469606,4.690810180353948,4.270695952029551,3.125563647726549,4.137164559405029,2.6902455764687034,0.6792718340663283,3.172083663361442,4.019381523748645,2.7200985396183848,3.125563647726549,3.6516567436233283,2.6902455764687034,3.914021008090819,3.914021008090819,4.137164559405029,0.691153161953081])",1.0
R163,"['discussion','beat','experts','discuss','ongoing','developments','climate','change']","(1000,[87,212,289,321,567,625,748,995],[2.8154087194227095,0.6753425559264385,3.914021008090819,0.667530016189645,0.6792718340663283,2.849310271098391,3.914021008090819,0.691153161953081])",1.0
R002,"['compare','civil','threat','movie','they','follow','table','staff','man','discuss','serious','artist','experts','discuss','ongoing','developments','education']","(1000,[21,116,119,212,251,321,327,420,453,455,518,560,567,601,848,995],[3.383392757028649,3.3262343431887,3.3262343431887,0.6753425559264385,5.523458920524919,1.33506003237929,2.5277266469709283,3.172083663361442,3.2208738275308737,3.2721671219184243,4.270695952029551,3.0385522707369192,0.6792718340663283,4.137164559405029,4.270695952029551,0.691153161953081])",1.0
R021,"['firm','certainly','rock','seat','she','federal','business','deal','road','agreement','stay','prove','trip','call','experts','discuss','ongoing','developments','education']","(1000,[53,144,152,190,212,256,321,327,357,436,446,567,682,711,804,829,935,981,995],[4.019381523748645,3.383392757028649,4.137164559405029,3.3262343431887,0.6753425559264385,3.383392757028649,0.667530016189645,2.5277266469709283,3.2721671219184243,5.117993812416755,3.5085558999826545,0.6792718340663283,3.7316994512968646,5.523458920524919,3.125563647726549,2.8154087194227095,4.42484663185681,2.997730276216664,0.691153161953081])",1.0
R013,"['dog','single','ten','whether','glass','least','turn','population','various','recently','fish','star','financial','hotel','everybody','method','nothing','class','experts','discuss','ongoing','developments','technology','breakthrough']","(1000,[80,212,321,333,374,383,389,408,440,452,488,539,555,560,567,599,611,640,660,762,812,899,907,995],[3.383392757028649,0.6753425559264385,0.667530016189645,5.117993812416755,3.7316994512968646,2.345405090176974,4.270695952029551,3.5085558999826545,3.0811118851557153,3.2208738275308737,3.6516567436233283,4.270695952029551,2.3045830956567186,3.0385522707369192,0.6792718340663283,2.7200985396183848,3.7316994512968646,4.42484663185681,4.830311739964974,4.270695952029551,4.019381523748645,3.914021008090819,3.6516567436233283,0.691153161953081])",1.0
F195,"['finally','purpose','including','customer','deep','back','—','shocking','claims','flat','earth','surface','internet']","(1000,[195,230,233,238,401,433,489,517,549,775,837,912,915],[3.6516567436233283,0.6871770135734415,0.667530016189645,3.8187108282864943,2.920769235080536,3.2208738275308737,5.523458920524919,0.6753425559264385,2.920769235080536,2.997730276216664,0.691153161953081,0.6832166123573445,3.125563647726549])",0.0
R101,"['staff','say','national','stock','prepare','product','foot','bag','set','fly','audience','family','offer','experts','discuss','ongoing','developments','research']","(1000,[77,100,183,212,301,321,447,499,512,551,567,650,740,844,895,953,976,995],[3.577548771469606,4.019381523748645,4.137164559405029,0.6753425559264385,3.2208738275308737,0.667530016189645,2.8844015909096608,4.270695952029551,4.019381523748645,3.914021008090819,0.6792718340663283,4.137164559405029,3.577548771469606,4.019381523748645,3.577548771469606,3.7316994512968646,3.914021008090819,0.691153161953081])",1.0
R055,"['better','occur','whole','certainly','national','unit','piece','something','improve','hot','experts','discuss','ongoing','developments','research']","(1000,[184,212,246,321,429,447,499,567,697,706,778,829,873,995,996],[4.137164559405029,0.6753425559264385,3.2208738275308737,0.667530016189645,3.4440173788450834,2.8844015909096608,4.270695952029551,0.6792718340663283,3.8187108282864943,4.830311739964974,3.6516567436233283,2.8154087194227095,2.60568818844064,0.691153161953081,2.958509563063383])",1.0
F190,"['return','keep','stage','answer','staff','boy','before','arm','according','friend','seven','—','shocking','claims','secret','cure','surface','internet']","(1000,[93,103,140,213,230,233,279,396,455,517,520,580,633,654,837,845,873,912],[3.172083663361442,3.914021008090819,2.38796470459577,4.42484663185681,0.6871770135734415,0.667530016189645,2.997730276216664,2.5530444549552183,3.2721671219184243,0.6753425559264385,3.4440173788450834,2.997730276216664,3.577548771469606,3.7316994512968646,0.691153161953081,4.607168188650764,2.60568818844064,0.6832166123573445])",0.0
R004,"['fire','traditional','card','phone','democratic','ball','minute','loss','window','worry','police','good','experts','discuss','ongoing','developments','education']","(1000,[5,49,59,212,233,321,327,497,531,543,567,613,680,823,873,963,995],[4.270695952029551,3.7316994512968646,4.42484663185681,0.6753425559264385,0.667530016189645,0.667530016189645,2.5277266469709283,3.2721671219184243,3.2208738275308737,4.830311739964974,0.6792718340663283,2.997730276216664,3.6516567436233283,3.577548771469606,2.60568818844064,4.019381523748645,0.691153161953081])",1.0
F080,"['simple','value','yeah','common','reality','—','shocking','claims','celebrity','scandal','surface','internet']","(1000,[27,128,230,233,517,613,811,837,903,912,932,994],[3.2721671219184243,3.7316994512968646,0.6871770135734415,0.667530016189645,0.6753425559264385,2.997730276216664,2.5277266469709283,0.691153161953081,3.6516567436233283,0.6832166123573445,2.849310271098391,5.523458920524919])",0.0
F049,"['political','official','old','argue','listen','within','true','issue','development','president','ball','certainly','check','administration','very','—','shocking','claims','hoax','surface','internet']","(1000,[67,90,96,113,202,216,230,233,256,297,316,456,468,491,517,708,823,829,837,912],[2.7826188965997183,3.125563647726549,3.7316994512968646,4.270695952029551,3.914021008090819,3.172083663361442,0.6871770135734415,0.667530016189645,3.383392757028649,3.125563647726549,3.5085558999826545,5.523458920524919,2.246314187532743,2.958509563063383,0.6753425559264385,3.3262343431887,3.577548771469606,2.8154087194227095,0.691153161953081,1.366433224714689])",0.0
F184,"['manage','sell','cause','see','popular','share','threat','follow','mission','authority','away','believe','—','shocking','claims','secret','cure','surface','internet']","(1000,[62,75,116,140,230,233,279,396,399,420,442,517,694,775,803,837,912,928,946],[3.914021008090819,4.270695952029551,3.3262343431887,2.38796470459577,0.6871770135734415,0.667530016189645,2.997730276216664,2.5530444549552183,4.019381523748645,3.172083663361442,3.577548771469606,0.6753425559264385,3.383392757028649,2.997730276216664,3.7316994512968646,0.691153161953081,0.6832166123573445,3.8187108282864943,3.4440173788450834])",0.0
F030,"['goal','baby','race','lot','require','relationship','single','instead','affect','imagine','project','bit','discover','feeling','whatever','—','shocking','claims','secret','cure','surface','internet']","(1000,[65,140,145,193,230,233,258,396,421,468,514,517,742,743,762,837,869,912,930,966,974],[7.637421656572989,2.38796470459577,4.42484663185681,4.137164559405029,0.6871770135734415,0.667530016189645,4.137164559405029,2.5530444549552183,3.383392757028649,2.246314187532743,4.137164559405029,0.6753425559264385,3.383392757028649,3.577548771469606,4.270695952029551,0.691153161953081,3.383392757028649,0.6832166123573445,3.914021008090819,3.4440173788450834,3.3262343431887])",0.0
R213,"['sort','compare','staff','leg','according','international','professor','establish','possible','experts','discuss','ongoing','developments','budget','report']","(1000,[63,106,212,321,350,403,455,488,555,567,633,854,873,922,995],[3.7316994512968646,2.661258039595451,0.6753425559264385,0.667530016189645,4.137164559405029,3.3262343431887,3.2721671219184243,3.6516567436233283,2.3045830956567186,0.6792718340663283,3.577548771469606,3.2208738275308737,2.60568818844064,3.7316994512968646,0.691153161953081])",1.0
F128,"['choose','explain','also','power','give','win','like','agency','body','although','sense','rich','rock','short','behind','—','shocking','claims','immortal','jellyfish','surface','internet']","(1000,[29,58,81,158,182,230,233,252,349,441,517,605,656,682,702,764,782,830,837,902,912,962],[2.6902455764687034,4.019381523748645,3.172083663361442,3.577548771469606,3.7316994512968646,0.6871770135734415,0.667530016189645,2.997730276216664,4.607168188650764,4.42484663185681,0.6753425559264385,2.7508701982851385,4.42484663185681,3.7316994512968646,3.914021008090819,4.607168188650764,3.4440173788450834,5.523458920524919,0.691153161953081,3.8187108282864943,0.6832166123573445,3.172083663361442])",0.0
R231,"['prevent','church','day','send','say','free','boy','must','throw','current','treat','best','various','anyone','back','experts','discuss','ongoing','developments','policy']","(1000,[109,212,227,234,238,247,321,368,440,567,571,576,580,634,686,798,816,840,844,995],[4.019381523748645,0.6753425559264385,3.914021008090819,2.6902455764687034,3.8187108282864943,3.577548771469606,0.667530016189645,4.137164559405029,3.0811118851557153,0.6792718340663283,3.914021008090819,3.577548771469606,2.997730276216664,3.914021008090819,4.137164559405029,3.0385522707369192,4.270695952029551,3.6516567436233283,4.019381523748645,0.691153161953081])",1.0
R061,"['real','beautiful','happen','seat','writer','catch','room','partner','hear','entire','tax','investment','party','year','experts','discuss','ongoing','developments','technology','breakthrough']","(1000,[55,130,181,212,270,285,294,299,321,357,383,405,415,531,560,567,590,593,599,995],[4.270695952029551,4.137164559405029,4.270695952029551,0.6753425559264385,4.019381523748645,3.3262343431887,3.914021008090819,5.117993812416755,0.667530016189645,3.2721671219184243,2.345405090176974,3.914021008090819,3.577548771469606,3.2208738275308737,3.0385522707369192,0.6792718340663283,4.137164559405029,4.019381523748645,2.7200985396183848,0.691153161953081])",1.0
R137,"['green','save','money','protect','enter','ahead','exactly','wait','argue','certainly','staff','race','put','would','experts','discuss','ongoing','developments','education']","(1000,[101,162,212,321,327,337,373,455,463,491,501,534,567,623,643,819,829,930,995],[4.019381523748645,3.914021008090819,0.6753425559264385,0.667530016189645,2.5277266469709283,3.914021008090819,3.8187108282864943,3.2721671219184243,4.830311739964974,2.958509563063383,3.8187108282864943,3.4440173788450834,0.6792718340663283,4.137164559405029,4.270695952029551,2.958509563063383,2.8154087194227095,3.914021008090819,0.691153161953081])",1.0
R185,"['future','pretty','important','society','site','perhaps','amount','experience','suffer','economy','skill','old','safe','experts','discuss','ongoing','developments','technology','breakthrough']","(1000,[173,212,276,308,321,383,414,460,472,567,592,599,606,666,690,708,709,974,995],[3.577548771469606,0.6753425559264385,4.270695952029551,3.914021008090819,0.667530016189645,2.345405090176974,3.914021008090819,4.019381523748645,4.42484663185681,0.6792718340663283,4.607168188650764,2.7200985396183848,4.137164559405029,4.019381523748645,3.2721671219184243,3.3262343431887,4.42484663185681,3.3262343431887,0.691153161953081])",1.0
R204,"['must','must','future','give','effect','performance','available','security','we','write','west','position','discuss','experts','discuss','ongoing','developments','technology','breakthrough']","(1000,[80,182,212,227,321,330,373,383,567,577,599,633,835,878,962,967,971,995],[3.383392757028649,3.7316994512968646,0.6753425559264385,3.914021008090819,1.33506003237929,3.7316994512968646,3.8187108282864943,2.345405090176974,0.6792718340663283,2.920769235080536,2.7200985396183848,3.577548771469606,4.019381523748645,5.523458920524919,3.172083663361442,3.7316994512968646,4.42484663185681,0.691153161953081])",1.0
F217,"['important','government','yet','fish','quickly','home','team','address','role','measure','almost','voice','time','sister','fact','note','program','series','—','shocking','claims','immortal','jellyfish','surface','internet']","(1000,[4,22,29,97,157,230,233,312,383,452,484,491,497,517,577,605,661,687,746,837,866,889,912,960,978],[3.914021008090819,3.914021008090819,2.6902455764687034,3.7316994512968646,2.997730276216664,0.6871770135734415,0.667530016189645,4.270695952029551,2.345405090176974,3.2208738275308737,4.019381523748645,2.958509563063383,3.2721671219184243,0.6753425559264385,2.920769235080536,2.7508701982851385,4.019381523748645,3.5085558999826545,3.2721671219184243,0.691153161953081,2.6902455764687034,3.577548771469606,0.6832166123573445,4.830311739964974,3.8187108282864943])",0.0
F176,"['easy','grow','media','measure','prove','blue','know','nature','mission','another','development','gas','market','commercial','ten','hotel','music','rule','house','build','most','—','shocking','claims','miracle','drug','surface','internet']","(1000,[17,67,190,230,233,248,288,289,362,442,449,486,488,517,539,545,577,639,665,673,687,742,788,800,824,837,912,917],[2.958509563063383,2.7826188965997183,3.3262343431887,0.6871770135734415,0.667530016189645,3.7316994512968646,2.920769235080536,3.914021008090819,3.577548771469606,3.577548771469606,4.42484663185681,3.8187108282864943,3.6516567436233283,0.6753425559264385,4.270695952029551,5.523458920524919,2.920769235080536,3.125563647726549,2.7826188965997183,3.3262343431887,3.5085558999826545,3.383392757028649,3.6516567436233283,3.8187108282864943,3.7316994512968646,0.691153161953081,0.6832166123573445,3.8187108282864943])",0.0
R245,"['subject','sister','though','national','inside','news','grow','exactly','staff','event','mrs','concern','along','suddenly','guy','experts','discuss','ongoing','developments','technology','breakthrough']","(1000,[2,6,17,23,91,130,189,212,252,312,321,345,383,455,499,567,599,623,718,761,995],[4.830311739964974,4.019381523748645,2.958509563063383,3.7316994512968646,4.137164559405029,4.137164559405029,3.2721671219184243,0.6753425559264385,2.997730276216664,4.270695952029551,0.667530016189645,4.42484663185681,2.345405090176974,3.2721671219184243,4.270695952029551,0.6792718340663283,2.7200985396183848,4.137164559405029,3.914021008090819,3.2721671219184243,0.691153161953081])",1.0
R104,"['street','play','serve','head','country','property','majority','positive','bank','account','single','education','every','travel','lead','chair','experts','discuss','ongoing','developments','election']","(1000,[6,21,47,212,242,321,455,519,550,554,567,574,584,607,669,744,762,803,804,833,995],[4.019381523748645,3.383392757028649,3.2208738275308737,0.6753425559264385,2.8844015909096608,0.667530016189645,3.2721671219184243,4.42484663185681,3.3262343431887,4.137164559405029,0.6792718340663283,5.117993812416755,3.8187108282864943,3.7316994512968646,4.830311739964974,4.42484663185681,4.270695952029551,3.7316994512968646,3.125563647726549,3.383392757028649,0.691153161953081])",1.0
F156,"['wife','cover','something','side','represent','next','everything','dark','smile','within','writer','—','shocking','claims','flat','earth','surface','internet']","(1000,[106,113,117,194,222,230,233,401,517,549,561,571,593,697,837,851,855,912],[2.661258039595451,4.270695952029551,4.42484663185681,2.8844015909096608,3.3262343431887,0.6871770135734415,0.667530016189645,2.920769235080536,0.6753425559264385,2.920769235080536,3.383392757028649,3.914021008090819,4.019381523748645,3.8187108282864943,0.691153161953081,3.4440173788450834,3.5085558999826545,0.6832166123573445])",0.0
R194,"['establish','manage','election','word','red','whatever','tree','let','score','manager','suggest','experts','discuss','ongoing','developments','election']","(1000,[30,166,212,242,288,321,386,438,550,567,698,743,811,927,945,995],[4.270695952029551,4.42484663185681,0.6753425559264385,2.8844015909096608,2.920769235080536,0.667530016189645,4.019381523748645,4.830311739964974,3.3262343431887,0.6792718340663283,3.2208738275308737,3.577548771469606,2.5277266469709283,3.4440173788450834,3.914021008090819,0.691153161953081])",1.0
R161,"['yeah','gas','east','vote','part','five','company','thus','minute','degree','past','key','question','central','think','mouth','bag','seek','degree','occur','experts','discuss','ongoing','developments','technology','breakthrough']","(1000,[17,38,83,93,212,285,321,324,383,486,567,597,599,602,604,650,677,685,708,798,861,873,963,995,996],[5.917019126126766,3.8187108282864943,4.137164559405029,3.172083663361442,0.6753425559264385,3.3262343431887,0.667530016189645,3.4440173788450834,2.345405090176974,3.8187108282864943,0.6792718340663283,4.019381523748645,2.7200985396183848,3.7316994512968646,3.914021008090819,4.137164559405029,4.019381523748645,3.7316994512968646,3.3262343431887,3.0385522707369192,4.137164559405029,2.60568818844064,4.019381523748645,0.691153161953081,2.958509563063383])",1.0
F113,"['hundred','ahead','throughout','traditional','six','main','fly','which','—','shocking','claims','immortal','jellyfish','surface','internet']","(1000,[29,162,230,233,301,381,517,580,605,682,768,837,898,912],[2.6902455764687034,3.914021008090819,0.6871770135734415,1.33506003237929,3.2208738275308737,4.270695952029551,0.6753425559264385,2.997730276216664,2.7508701982851385,3.7316994512968646,4.42484663185681,0.691153161953081,3.8187108282864943,0.6832166123573445])",0.0
F150,"['month','manage','parent','news','grow','describe','it','scene','easy','also','like','detail','race','appear','return','place','hold','state','—','shocking','claims','hoax','surface','internet']","(1000,[17,23,69,148,194,212,230,233,253,386,412,441,468,497,500,517,690,764,837,877,898,912,930,974],[2.958509563063383,3.7316994512968646,4.137164559405029,3.6516567436233283,2.8844015909096608,0.6753425559264385,0.6871770135734415,0.667530016189645,3.914021008090819,4.019381523748645,4.270695952029551,4.42484663185681,2.246314187532743,3.2721671219184243,5.117993812416755,0.6753425559264385,3.2721671219184243,4.607168188650764,0.691153161953081,3.383392757028649,3.8187108282864943,0.6832166123573445,3.914021008090819,3.3262343431887])",0.0
F047,"['know','vote','expert','claim','course','drug','republican','—','shocking','claims','miracle','drug','surface','internet']","(1000,[24,201,230,233,445,477,517,639,665,790,837,861,912],[3.125563647726549,3.577548771469606,0.6871770135734415,0.667530016189645,5.117993812416755,3.914021008090819,0.6753425559264385,3.125563647726549,5.565237793199437,3.5085558999826545,0.691153161953081,4.137164559405029,0.6832166123573445])",0.0
F008,"['around','generation','take','present','response','attention','all','role','poor','box','development','—','shocking','claims','hoax','surface','internet']","(1000,[22,25,67,174,179,230,233,446,468,475,517,523,690,698,837,912,987],[3.914021008090819,3.7316994512968646,2.7826188965997183,3.4440173788450834,3.914021008090819,0.6871770135734415,0.667530016189645,3.5085558999826545,2.246314187532743,3.4440173788450834,0.6753425559264385,3.4440173788450834,3.2721671219184243,3.2208738275308737,0.691153161953081,0.6832166123573445,5.117993812416755])",0.0
F229,"['meet','mention','government','new','me','growth','husband','east','system','tree','—','shocking','claims','aliens','surface','internet']","(1000,[82,230,233,357,437,455,517,592,597,604,698,742,837,866,912,929],[3.383392757028649,0.6871770135734415,0.667530016189645,3.2721671219184243,4.019381523748645,3.2721671219184243,0.6753425559264385,4.607168188650764,4.019381523748645,3.914021008090819,3.2208738275308737,3.383392757028649,0.691153161953081,2.6902455764687034,0.6832166123573445,2.920769235080536])",0.0
R001,"['spend','list','court','quite','business','worker','purpose','democrat','practice','sit','send','market','customer','thought','standard','experts','discuss','ongoing','developments','research']","(1000,[17,36,46,212,248,288,321,368,420,447,542,567,681,731,775,787,804,915,995,996],[2.958509563063383,4.137164559405029,3.8187108282864943,0.6753425559264385,3.7316994512968646,2.920769235080536,0.667530016189645,4.137164559405029,3.172083663361442,2.8844015909096608,2.366458499374806,0.6792718340663283,4.137164559405029,4.137164559405029,2.997730276216664,4.270695952029551,3.125563647726549,3.125563647726549,0.691153161953081,2.958509563063383])",1.0
R241,"['health','stuff','top','at','follow','future','recently','mr','beautiful','use','experts','discuss','ongoing','developments','public','health']","(1000,[130,185,212,298,321,373,420,563,567,618,640,767,838,925,952,995],[4.137164559405029,4.42484663185681,0.6753425559264385,5.523458920524919,0.667530016189645,3.8187108282864943,3.172083663361442,5.117993812416755,0.6792718340663283,2.958509563063383,4.42484663185681,3.7316994512968646,4.42484663185681,3.172083663361442,4.42484663185681,0.691153161953081])",1.0
R198,"['size','measure','back','choose','call','perform','score','experts','discuss','ongoing','developments','climate','change']","(1000,[10,87,212,238,321,550,567,625,687,832,833,981,995],[4.019381523748645,2.8154087194227095,0.6753425559264385,3.8187108282864943,0.667530016189645,3.3262343431887,0.6792718340663283,2.849310271098391,3.5085558999826545,5.523458920524919,3.383392757028649,2.997730276216664,0.691153161953081])",1.0
R229,"['road','character','kind','grow','cover','represent','tend','experts','discuss','ongoing','developments','research']","(1000,[17,72,117,212,274,321,394,447,567,855,931,995],[2.958509563063383,5.523458920524919,4.42484663185681,0.6753425559264385,3.8187108282864943,0.667530016189645,3.914021008090819,2.8844015909096608,0.6792718340663283,3.5085558999826545,3.8187108282864943,0.691153161953081])",1.0
R205,"['model','probably','front','daughter','foreign','stay','drive','loss','force','improve','light','experts','discuss','ongoing','developments','public','health']","(1000,[15,82,110,152,212,246,284,321,469,567,582,613,618,880,925,992,995],[4.137164559405029,3.383392757028649,4.607168188650764,4.137164559405029,0.6753425559264385,3.2208738275308737,3.383392757028649,0.667530016189645,3.2208738275308737,0.6792718340663283,3.172083663361442,2.997730276216664,2.958509563063383,3.8187108282864943,3.172083663361442,5.523458920524919,0.691153161953081])",1.0
F123,"['reality','probably','increase','produce','data','move','enough','market','customer','owner','effect','writer','statement','far','nothing','long','someone','let','state','—','shocking','claims','celebrity','scandal','surface','internet']","(1000,[27,32,43,80,148,194,230,232,233,241,248,309,339,517,520,585,593,811,837,880,897,912,915,932,962],[3.2721671219184243,3.4440173788450834,4.270695952029551,3.383392757028649,3.6516567436233283,2.8844015909096608,0.6871770135734415,4.137164559405029,0.667530016189645,3.5085558999826545,3.7316994512968646,4.830311739964974,4.42484663185681,0.6753425559264385,3.4440173788450834,4.137164559405029,4.019381523748645,5.055453293941857,0.691153161953081,3.8187108282864943,3.914021008090819,0.6832166123573445,3.125563647726549,2.849310271098391,3.172083663361442])",0.0
F043,"['space','back','store','artist','effort','describe','someone','family','moment','develop','account','toward','development','science','beat','war','line','—','shocking','claims','celebrity','scandal','surface','internet']","(1000,[27,67,119,158,230,233,238,336,347,408,412,512,517,627,667,748,775,811,833,837,877,885,912,932],[3.2721671219184243,2.7826188965997183,3.3262343431887,3.577548771469606,0.6871770135734415,0.667530016189645,3.8187108282864943,3.577548771469606,4.607168188650764,3.5085558999826545,4.270695952029551,4.019381523748645,0.6753425559264385,4.830311739964974,3.4440173788450834,3.914021008090819,2.997730276216664,2.5277266469709283,3.383392757028649,0.691153161953081,3.383392757028649,3.125563647726549,0.6832166123573445,2.849310271098391])",0.0
F097,"['environmental','attack','side','specific','list','ever','take','public','religious','space','—','shocking','claims','celebrity','scandal','surface','internet']","(1000,[144,148,172,179,230,233,517,523,561,588,618,731,811,837,840,912,932],[3.383392757028649,3.6516567436233283,4.830311739964974,3.914021008090819,0.6871770135734415,0.667530016189645,0.6753425559264385,3.4440173788450834,3.383392757028649,3.8187108282864943,2.958509563063383,4.137164559405029,2.5277266469709283,0.691153161953081,3.6516567436233283,0.6832166123573445,2.849310271098391])",0.0
R014,"['blue','start','affect','mention','popular','main','eye','smile','baby','shoulder','discussion','campaign','blue','experts','discuss','ongoing','developments','research']","(1000,[212,321,327,381,433,447,465,468,559,567,571,575,597,673,803,869,981,995],[0.6753425559264385,0.667530016189645,2.5277266469709283,4.270695952029551,3.2208738275308737,2.8844015909096608,4.42484663185681,2.246314187532743,4.137164559405029,0.6792718340663283,3.914021008090819,4.270695952029551,4.019381523748645,3.3262343431887,3.7316994512968646,3.383392757028649,2.997730276216664,0.691153161953081])",1.0
F005,"['charge','town','truth','allow','scene','walk','—','shocking','claims','flat','earth','surface','internet']","(1000,[57,104,212,230,233,235,401,517,549,692,831,837,912],[4.137164559405029,5.523458920524919,0.6753425559264385,0.6871770135734415,0.667530016189645,3.2721671219184243,2.920769235080536,0.6753425559264385,2.920769235080536,4.137164559405029,3.4440173788450834,0.691153161953081,0.6832166123573445])",0.0
R234,"['effect','benefit','various','various','risk','realize','third','individual','mean','person','focus','follow','support','experts','discuss','ongoing','developments','research']","(1000,[28,180,212,321,329,420,440,447,567,569,611,722,827,836,857,909,995],[3.8187108282864943,3.8187108282864943,0.6753425559264385,0.667530016189645,3.914021008090819,3.172083663361442,6.162223770311431,2.8844015909096608,0.6792718340663283,3.914021008090819,3.7316994512968646,4.019381523748645,5.523458920524919,4.607168188650764,3.914021008090819,3.914021008090819,0.691153161953081])",1.0
F143,"['class','teach','perhaps','same','set','west','security','tonight','something','reflect','laugh','bring','—','shocking','claims','aliens','surface','internet']","(1000,[40,67,100,230,233,308,440,494,517,577,586,697,835,837,875,912,915,929],[5.523458920524919,2.7826188965997183,4.019381523748645,0.6871770135734415,0.667530016189645,3.914021008090819,3.0811118851557153,4.019381523748645,0.6753425559264385,2.920769235080536,3.7316994512968646,3.8187108282864943,4.019381523748645,0.691153161953081,2.997730276216664,0.6832166123573445,3.125563647726549,2.920769235080536])",0.0
R073,"['force','exactly','large','stand','item','experts','discuss','ongoing','developments','economic','growth']","(1000,[168,173,212,321,491,535,553,567,623,753,995],[2.661258039595451,3.577548771469606,0.6753425559264385,0.667530016189645,2.958509563063383,2.6902455764687034,2.920769235080536,0.6792718340663283,4.137164559405029,4.137164559405029,0.691153161953081])",1.0
R239,"['black','letter','cover','director','anyone','perhaps','weight','space','service','buy','world','fight','experts','discuss','ongoing','developments','education']","(1000,[24,116,117,148,212,308,321,327,358,387,567,576,617,662,687,940,995],[3.125563647726549,3.3262343431887,4.42484663185681,3.6516567436233283,0.6753425559264385,3.914021008090819,0.667530016189645,2.5277266469709283,4.019381523748645,4.830311739964974,0.6792718340663283,3.577548771469606,3.125563647726549,4.42484663185681,3.5085558999826545,4.137164559405029,0.691153161953081])",1.0
F181,"['arm','despite','tell','interesting','seek','those','almost','former','police','skill','—','shocking','claims','aliens','surface','internet']","(1000,[38,155,230,233,464,517,666,680,699,837,871,879,889,912,929,931],[3.8187108282864943,5.117993812416755,0.6871770135734415,0.667530016189645,3.125563647726549,0.6753425559264385,4.019381523748645,3.6516567436233283,3.7316994512968646,0.691153161953081,3.5085558999826545,4.019381523748645,3.577548771469606,0.6832166123573445,2.920769235080536,3.8187108282864943])",0.0
R138,"['production','may','either','voice','attorney','american','plan','guy','senior','probably','great','soon','test','land','rest','experts','discuss','ongoing','developments','election']","(1000,[4,61,189,212,221,242,321,478,479,510,542,567,637,734,761,876,880,915,926,995],[3.914021008090819,4.019381523748645,3.2721671219184243,0.6753425559264385,4.830311739964974,2.8844015909096608,0.667530016189645,3.5085558999826545,3.6516567436233283,4.137164559405029,2.366458499374806,0.6792718340663283,4.137164559405029,4.137164559405029,3.2721671219184243,3.5085558999826545,3.8187108282864943,3.125563647726549,3.914021008090819,0.691153161953081])",1.0
R172,"['today','truth','career','exist','appear','light','scientist','free','anything','begin','new','organization','keep','tv','experts','discuss','ongoing','developments','economic','growth']","(1000,[50,109,125,212,279,321,364,437,497,535,553,558,567,582,696,739,781,807,831,995],[3.8187108282864943,4.019381523748645,3.383392757028649,0.6753425559264385,2.997730276216664,0.667530016189645,4.137164559405029,4.019381523748645,3.2721671219184243,2.6902455764687034,2.920769235080536,4.42484663185681,0.6792718340663283,3.172083663361442,4.607168188650764,5.523458920524919,3.8187108282864943,3.914021008090819,3.4440173788450834,0.691153161953081])",1.0
R143,"['life','none','board','hit','seven','year','dark','administration','year','moment','experts','discuss','ongoing','developments','policy']","(1000,[96,114,119,194,212,213,234,273,294,321,567,784,877,995],[3.7316994512968646,4.42484663185681,3.3262343431887,2.8844015909096608,0.6753425559264385,4.42484663185681,2.6902455764687034,5.117993812416755,7.828042016181638,0.667530016189645,0.6792718340663283,2.958509563063383,3.383392757028649,0.691153161953081])",1.0
F166,"['imagine','anything','expect','away','half','rich','cost','need','election','may','image','push','allow','local','television','produce','threat','beat','toward','behavior','—','shocking','claims','mind','control','surface','internet']","(1000,[30,44,81,116,230,233,241,255,306,310,347,415,466,479,517,692,694,695,710,748,755,781,837,902,912,938,961],[4.270695952029551,4.137164559405029,3.172083663361442,3.3262343431887,0.6871770135734415,0.667530016189645,3.5085558999826545,5.523458920524919,4.019381523748645,2.5530444549552183,4.607168188650764,3.577548771469606,3.172083663361442,3.6516567436233283,0.6753425559264385,4.137164559405029,3.383392757028649,5.117993812416755,4.270695952029551,3.914021008090819,4.42484663185681,3.8187108282864943,0.691153161953081,3.8187108282864943,0.6832166123573445,2.455405985391302,3.577548771469606])",0.0
R003,"['large','building','share','east','nation','trip','even','side','stuff','option','current','year','experts','discuss','ongoing','developments','budget','report']","(1000,[106,125,184,212,241,247,249,256,294,321,399,555,561,567,604,626,952,995],[2.661258039595451,3.383392757028649,4.137164559405029,0.6753425559264385,3.5085558999826545,3.577548771469606,3.7316994512968646,3.383392757028649,3.914021008090819,0.667530016189645,4.019381523748645,2.3045830956567186,3.383392757028649,0.6792718340663283,3.914021008090819,4.270695952029551,4.42484663185681,0.691153161953081])",1.0
R167,"['important','defense','one','beat','degree','kid','per','crime','laugh','compare','experts','discuss','ongoing','developments','climate','change']","(1000,[17,67,87,178,212,303,321,371,403,567,625,748,829,919,960,995],[2.958509563063383,2.7826188965997183,2.8154087194227095,3.6516567436233283,0.6753425559264385,3.172083663361442,0.667530016189645,4.830311739964974,3.3262343431887,0.6792718340663283,2.849310271098391,3.914021008090819,2.8154087194227095,4.137164559405029,4.830311739964974,0.691153161953081])",1.0
R183,"['record','movie','consider','oil','modern','campaign','face','scientist','skill','never','including','experts','discuss','ongoing','developments','climate','change']","(1000,[87,125,174,212,220,250,284,321,433,567,625,666,714,784,848,995],[2.8154087194227095,3.383392757028649,3.4440173788450834,0.6753425559264385,4.019381523748645,4.42484663185681,3.383392757028649,0.667530016189645,6.441747655061747,0.6792718340663283,2.849310271098391,4.019381523748645,5.523458920524919,2.958509563063383,4.270695952029551,0.691153161953081])",1.0
R238,"['likely','ten','drug','force','father','skill','pressure','enough','new','experts','discuss','ongoing','developments','technology','breakthrough']","(1000,[43,212,321,383,427,437,469,488,567,582,599,665,666,820,995],[4.270695952029551,0.6753425559264385,0.667530016189645,2.345405090176974,4.137164559405029,4.019381523748645,3.2208738275308737,3.6516567436233283,0.6792718340663283,3.172083663361442,2.7200985396183848,2.7826188965997183,4.019381523748645,3.383392757028649,0.691153161953081])",1.0
R041,"['cost','owner','management','report','pressure','wind','growth','authority','research','brother','pay','take','conference','general','order','present','face','challenge','city','experts','discuss','ongoing','developments','election']","(1000,[25,62,179,212,240,242,297,321,357,395,453,469,567,582,591,730,784,856,865,890,897,906,995,999],[3.7316994512968646,3.914021008090819,3.914021008090819,0.6753425559264385,4.42484663185681,2.8844015909096608,3.125563647726549,0.667530016189645,3.2721671219184243,3.914021008090819,3.2208738275308737,3.2208738275308737,0.6792718340663283,3.172083663361442,4.270695952029551,4.607168188650764,2.958509563063383,4.137164559405029,3.914021008090819,4.137164559405029,3.914021008090819,3.8187108282864943,0.691153161953081,3.914021008090819])",1.0
F237,"['sport','government','class','low','tell','dog','civil','dream','decision','believe','according','—','shocking','claims','government','cover-up','surface','internet']","(1000,[142,221,225,230,233,279,374,517,542,560,633,699,819,837,866,912,942],[3.8187108282864943,4.830311739964974,3.8187108282864943,0.6871770135734415,0.667530016189645,2.997730276216664,3.7316994512968646,0.6753425559264385,2.366458499374806,3.0385522707369192,3.577548771469606,3.7316994512968646,2.958509563063383,0.691153161953081,5.380491152937407,0.6832166123573445,4.270695952029551])",0.0
R086,"['standard','father','cell','military','involve','require','song','peace','reality','experts','discuss','ongoing','developments','research']","(1000,[128,193,212,321,403,427,447,520,567,818,825,843,941,995],[3.7316994512968646,4.137164559405029,0.6753425559264385,0.667530016189645,3.3262343431887,4.137164559405029,2.8844015909096608,3.4440173788450834,0.6792718340663283,3.914021008090819,4.137164559405029,3.6516567436233283,3.914021008090819,0.691153161953081])",1.0
R240,"['important','station','institution','lay','close','question','city','history','cut','high','trial','people','size','shoulder','parent','experts','discuss','ongoing','developments','policy']","(1000,[194,212,234,282,286,316,321,504,508,529,559,567,734,798,873,906,939,960,995],[2.8844015909096608,0.6753425559264385,2.6902455764687034,3.4440173788450834,3.383392757028649,3.5085558999826545,1.33506003237929,4.019381523748645,3.8187108282864943,3.2208738275308737,4.137164559405029,0.6792718340663283,4.137164559405029,3.0385522707369192,2.60568818844064,3.8187108282864943,4.607168188650764,4.830311739964974,0.691153161953081])",1.0
R133,"['throw','alone','eye','official','special','door','begin','station','perhaps','without','article','hair','eight','low','experts','discuss','ongoing','developments','public','health']","(1000,[50,93,201,212,216,252,308,321,327,442,508,567,579,618,819,917,925,938,995,996],[3.8187108282864943,3.172083663361442,3.577548771469606,0.6753425559264385,3.172083663361442,2.997730276216664,3.914021008090819,0.667530016189645,2.5277266469709283,3.577548771469606,3.8187108282864943,0.6792718340663283,4.42484663185681,2.958509563063383,2.958509563063383,3.8187108282864943,3.172083663361442,2.455405985391302,0.691153161953081,2.958509563063383])",1.0
F044,"['option','property','though','program','much','often','kind','marriage','court','bit','increase','feeling','anything','even','—','shocking','claims','hoax','surface','internet']","(1000,[1,230,233,252,274,339,468,514,517,607,626,681,698,781,799,824,837,912,974,978],[5.523458920524919,0.6871770135734415,0.667530016189645,2.997730276216664,3.8187108282864943,4.42484663185681,2.246314187532743,4.137164559405029,0.6753425559264385,3.7316994512968646,4.270695952029551,4.137164559405029,3.2208738275308737,3.8187108282864943,3.914021008090819,3.7316994512968646,0.691153161953081,0.6832166123573445,3.3262343431887,3.8187108282864943])",0.0
F125,"['become','tonight','list','reason','study','perform','office','get','much','development','—','shocking','claims','government','cover-up','surface','internet']","(1000,[67,146,230,233,311,475,494,496,517,542,731,799,833,837,866,876,912],[2.7826188965997183,4.607168188650764,0.6871770135734415,0.667530016189645,3.5085558999826545,3.4440173788450834,4.019381523748645,4.137164559405029,0.6753425559264385,2.366458499374806,4.137164559405029,3.914021008090819,3.383392757028649,0.691153161953081,2.6902455764687034,3.5085558999826545,0.6832166123573445])",0.0
F165,"['pattern','meet','parent','question','market','arm','involve','human','sort','marriage','note','cut','available','—','shocking','claims','secret','cure','surface','internet']","(1000,[47,93,140,194,218,230,233,248,286,310,396,403,484,517,633,724,798,824,837,912],[3.2208738275308737,3.172083663361442,2.38796470459577,2.8844015909096608,4.019381523748645,0.6871770135734415,0.667530016189645,3.7316994512968646,3.383392757028649,2.5530444549552183,2.5530444549552183,3.3262343431887,4.019381523748645,0.6753425559264385,3.577548771469606,4.270695952029551,3.0385522707369192,3.7316994512968646,0.691153161953081,0.6832166123573445])",0.0
F137,"['service','fill','reality','task','turn','bed','choose','seat','friend','few','old','mean','learn','—','shocking','claims','flat','earth','surface','internet']","(1000,[10,28,128,200,230,233,357,401,452,478,517,549,694,708,766,837,873,907,912,972],[4.019381523748645,3.8187108282864943,3.7316994512968646,3.914021008090819,0.6871770135734415,0.667530016189645,3.2721671219184243,2.920769235080536,3.2208738275308737,3.5085558999826545,0.6753425559264385,2.920769235080536,3.383392757028649,3.3262343431887,3.8187108282864943,0.691153161953081,2.60568818844064,3.6516567436233283,0.6832166123573445,4.270695952029551])",0.0
R088,"['half','always','inside','serious','activity','news','democrat','population','home','simple','stop','generation','person','away','send','head','born','save','hard','send','occur','my','experts','discuss','ongoing','developments','research']","(1000,[23,189,212,254,288,302,321,329,337,359,368,447,453,469,523,567,584,661,694,812,873,883,885,895,929,995],[3.7316994512968646,3.2721671219184243,0.6753425559264385,4.830311739964974,2.920769235080536,4.019381523748645,0.667530016189645,3.914021008090819,3.914021008090819,4.270695952029551,8.274329118810059,2.8844015909096608,3.2208738275308737,3.2208738275308737,3.4440173788450834,0.6792718340663283,3.8187108282864943,4.019381523748645,3.383392757028649,4.019381523748645,2.60568818844064,2.997730276216664,3.125563647726549,3.577548771469606,2.920769235080536,0.691153161953081])",1.0
R169,"['movement','apply','major','reduce','customer','among','might','someone','already','practice','conference','part','change','experts','discuss','ongoing','developments','technology','breakthrough']","(1000,[27,53,93,212,222,237,321,330,340,383,453,491,567,590,599,758,787,915,995],[3.2721671219184243,4.019381523748645,3.172083663361442,0.6753425559264385,3.3262343431887,3.8187108282864943,0.667530016189645,3.7316994512968646,4.607168188650764,2.345405090176974,3.2208738275308737,2.958509563063383,0.6792718340663283,4.137164559405029,2.7200985396183848,3.914021008090819,4.270695952029551,3.125563647726549,0.691153161953081])",1.0
R193,"['north','range','anything','young','third','might','explain','picture','say','name','institution','expect','situation','person','very','experts','discuss','ongoing','developments','technology','breakthrough']","(1000,[44,81,196,212,222,256,321,329,383,567,599,628,776,781,844,909,922,941,979,995],[4.137164559405029,3.172083663361442,4.42484663185681,0.6753425559264385,3.3262343431887,3.383392757028649,1.33506003237929,3.914021008090819,2.345405090176974,0.6792718340663283,2.7200985396183848,3.8187108282864943,4.830311739964974,3.8187108282864943,4.019381523748645,3.914021008090819,3.7316994512968646,3.914021008090819,4.607168188650764,0.691153161953081])",1.0
F247,"['watch','program','say','citizen','shake','area','nature','air','mother','without','pass','house','call','project','daughter','guess','rather','baby','cup','argue','—','shocking','claims','mind','control','surface','internet']","(1000,[82,168,230,233,252,258,289,297,310,352,358,362,372,466,468,491,517,527,837,844,875,912,927,938,978,981],[3.383392757028649,2.661258039595451,0.6871770135734415,0.667530016189645,2.997730276216664,4.137164559405029,3.914021008090819,3.125563647726549,2.5530444549552183,3.8187108282864943,4.019381523748645,3.577548771469606,4.42484663185681,3.172083663361442,2.246314187532743,2.958509563063383,0.6753425559264385,3.2208738275308737,0.691153161953081,4.019381523748645,2.997730276216664,0.6832166123573445,6.888034757690167,2.455405985391302,3.8187108282864943,2.997730276216664])",0.0
R179,"['listen','watch','ten','every','case','recently','green','experts','discuss','ongoing','developments','technology','breakthrough']","(1000,[51,125,212,260,321,383,488,544,550,567,599,640,995],[3.8187108282864943,3.383392757028649,0.6753425559264385,3.7316994512968646,0.667530016189645,2.345405090176974,3.6516567436233283,3.8187108282864943,3.3262343431887,0.6792718340663283,2.7200985396183848,4.42484663185681,0.691153161953081])",1.0
F138,"['management','test','mother','check','television','environmental','hand','southern','yet','community','these','—','shocking','claims','immortal','jellyfish','surface','internet']","(1000,[29,189,230,233,247,264,306,316,417,481,497,517,605,608,717,837,875,912],[2.6902455764687034,3.2721671219184243,0.6871770135734415,0.667530016189645,3.577548771469606,3.125563647726549,4.019381523748645,3.5085558999826545,4.270695952029551,5.523458920524919,3.2721671219184243,0.6753425559264385,2.7508701982851385,4.137164559405029,4.830311739964974,0.691153161953081,2.997730276216664,0.6832166123573445])",0.0
R017,"['attention','return','per','section','process','important','hotel','fact','character','everyone','hit','likely','news','travel','thought','large','experts','discuss','ongoing','developments','policy']","(1000,[21,23,36,77,157,168,212,234,321,383,394,539,567,606,690,761,784,883,896,919,995],[3.383392757028649,3.7316994512968646,4.137164559405029,3.577548771469606,2.997730276216664,2.661258039595451,0.6753425559264385,2.6902455764687034,0.667530016189645,2.345405090176974,3.914021008090819,4.270695952029551,0.6792718340663283,4.137164559405029,3.2721671219184243,3.2721671219184243,2.958509563063383,2.997730276216664,3.5085558999826545,4.137164559405029,0.691153161953081])",1.0
F090,"['five','democratic','different','question','reflect','prove','particular','letter','nice','city','various','station','sometimes','get','reality','usually','parent','—','shocking','claims','mind','control','surface','internet']","(1000,[32,49,128,190,194,230,233,310,440,508,517,578,579,586,617,770,776,798,831,837,876,906,912,938],[3.4440173788450834,3.7316994512968646,3.7316994512968646,3.3262343431887,2.8844015909096608,0.6871770135734415,0.667530016189645,2.5530444549552183,3.0811118851557153,3.8187108282864943,0.6753425559264385,3.914021008090819,4.42484663185681,3.7316994512968646,3.125563647726549,4.019381523748645,4.830311739964974,3.0385522707369192,3.4440173788450834,0.691153161953081,3.5085558999826545,3.8187108282864943,0.6832166123573445,2.455405985391302])",0.0
F222,"['style','listen','camera','personal','stop','price','require','power','stay','turn','similar','whom','—','shocking','claims','mind','control','surface','internet']","(1000,[78,116,152,168,193,230,233,262,297,310,380,469,517,782,811,837,907,912,938],[3.8187108282864943,3.3262343431887,4.137164559405029,2.661258039595451,4.137164559405029,0.6871770135734415,0.667530016189645,5.523458920524919,3.125563647726549,2.5530444549552183,4.270695952029551,3.2208738275308737,0.6753425559264385,3.4440173788450834,2.5277266469709283,0.691153161953081,3.6516567436233283,0.6832166123573445,2.455405985391302])",0.0
R114,"['light','four','instead','opportunity','mrs','sort','magazine','experts','discuss','ongoing','developments','climate','change']","(1000,[87,91,145,212,246,310,321,476,567,625,822,889,995],[2.8154087194227095,4.137164559405029,4.42484663185681,0.6753425559264385,3.2208738275308737,2.5530444549552183,0.667530016189645,3.914021008090819,0.6792718340663283,2.849310271098391,4.137164559405029,3.577548771469606,0.691153161953081])",1.0
F235,"['professional','set','issue','according','usually','either','good','seek','wife','get','become','different','side','build','anyone','affect','student','body','—','shocking','claims','celebrity','scandal','surface','internet']","(1000,[5,38,100,230,233,348,448,449,517,542,561,576,633,656,770,788,811,831,837,869,876,912,932,961],[4.270695952029551,3.8187108282864943,4.019381523748645,0.6871770135734415,0.667530016189645,3.8187108282864943,3.383392757028649,4.42484663185681,0.6753425559264385,2.366458499374806,3.383392757028649,3.577548771469606,3.577548771469606,4.42484663185681,4.019381523748645,3.6516567436233283,2.5277266469709283,3.4440173788450834,0.691153161953081,3.383392757028649,3.5085558999826545,1.366433224714689,2.849310271098391,3.577548771469606])",0.0
F185,"['research','woman','girl','nation','for','—','shocking','claims','hoax','surface','internet']","(1000,[125,160,180,230,233,245,366,468,517,837,912],[3.383392757028649,3.7316994512968646,3.8187108282864943,0.6871770135734415,0.667530016189645,4.42484663185681,5.117993812416755,2.246314187532743,0.6753425559264385,0.691153161953081,0.6832166123573445])",0.0
F221,"['first','program','effect','law','four','democrat','finally','officer','serve','rest','writer','its','—','shocking','claims','flat','earth','surface','internet']","(1000,[132,157,220,230,233,266,288,401,517,544,549,593,637,804,837,889,912,962,978],[4.137164559405029,2.997730276216664,4.019381523748645,0.6871770135734415,0.667530016189645,4.42484663185681,2.920769235080536,2.920769235080536,0.6753425559264385,3.8187108282864943,2.920769235080536,4.019381523748645,4.137164559405029,3.125563647726549,0.691153161953081,3.577548771469606,0.6832166123573445,3.172083663361442,3.8187108282864943])",0.0
F054,"['drug','without','compare','democratic','level','different','paper','camera','leave','power','behind','when','—','shocking','claims','secret','cure','surface','internet']","(1000,[0,49,94,138,140,230,233,252,343,380,396,403,517,533,702,782,831,837,912],[5.523458920524919,3.7316994512968646,4.137164559405029,4.607168188650764,2.38796470459577,0.6871770135734415,0.667530016189645,2.997730276216664,4.137164559405029,4.270695952029551,2.5530444549552183,3.3262343431887,0.6753425559264385,4.42484663185681,3.914021008090819,3.4440173788450834,3.4440173788450834,0.691153161953081,0.6832166123573445])",0.0
R000,"['really','attorney','board','detail','join','subject','expert','five','experts','discuss','ongoing','developments','public','health']","(1000,[24,69,119,212,321,362,478,561,567,618,677,820,925,995],[3.125563647726549,4.137164559405029,3.3262343431887,0.6753425559264385,0.667530016189645,3.577548771469606,3.5085558999826545,3.383392757028649,0.6792718340663283,2.958509563063383,4.019381523748645,3.383392757028649,3.172083663361442,0.691153161953081])",1.0
R178,"['condition','expect','deep','single','experience','east','building','hear','election','experts','discuss','ongoing','developments','budget','report']","(1000,[30,44,106,195,212,249,321,531,555,567,604,709,762,850,995],[4.270695952029551,4.137164559405029,2.661258039595451,3.6516567436233283,0.6753425559264385,3.7316994512968646,0.667530016189645,3.2208738275308737,2.3045830956567186,0.6792718340663283,3.914021008090819,4.42484663185681,4.270695952029551,4.270695952029551,0.691153161953081])",1.0
F006,"['involve','sell','role','member','collection','artist','friend','respond','sit','—','shocking','claims','hoax','surface','internet']","(1000,[22,46,119,198,230,233,447,468,517,699,747,837,873,912,946],[3.914021008090819,3.8187108282864943,3.3262343431887,4.137164559405029,0.6871770135734415,0.667530016189645,2.8844015909096608,2.246314187532743,0.6753425559264385,3.7316994512968646,4.137164559405029,0.691153161953081,2.60568818844064,0.6832166123573445,3.4440173788450834])",0.0
F174,"['state','wonder','lot','address','head','successful','relationship','individual','high','—','shocking','claims','secret','cure','surface','internet']","(1000,[65,140,230,233,295,396,421,517,529,569,584,740,746,770,837,912],[3.8187108282864943,2.38796470459577,0.6871770135734415,0.667530016189645,4.270695952029551,2.5530444549552183,3.383392757028649,0.6753425559264385,3.2208738275308737,3.914021008090819,3.8187108282864943,3.577548771469606,3.2721671219184243,4.019381523748645,0.691153161953081,0.6832166123573445])",0.0
R009,"['scientist','star','billion','game','popular','gun','style','continue','difference','traditional','be','experts','discuss','ongoing','developments','election']","(1000,[212,233,242,321,341,343,429,567,611,615,751,803,839,851,981,995],[0.6753425559264385,0.667530016189645,2.8844015909096608,0.667530016189645,5.117993812416755,4.137164559405029,3.4440173788450834,0.6792718340663283,3.7316994512968646,3.914021008090819,4.137164559405029,3.7316994512968646,3.7316994512968646,3.4440173788450834,2.997730276216664,0.691153161953081])",1.0
R122,"['catch','campaign','charge','black','store','throw','memory','whatever','care','yard','old','experts','discuss','ongoing','developments','economic','growth']","(1000,[212,282,321,433,535,553,567,577,686,691,708,716,743,885,982,995],[0.6753425559264385,3.4440173788450834,0.667530016189645,3.2208738275308737,2.6902455764687034,2.920769235080536,0.6792718340663283,2.920769235080536,8.274329118810059,4.830311739964974,3.3262343431887,4.42484663185681,3.577548771469606,3.125563647726549,4.607168188650764,0.691153161953081])",1.0
F189,"['day','reduce','night','collection','stock','support','away','vote','sell','reduce','tough','might','rest','six','pass','—','shocking','claims','immortal','jellyfish','surface','internet']","(1000,[29,53,168,180,222,230,233,404,517,551,580,605,637,694,747,837,861,912,946,981],[5.380491152937407,8.03876304749729,2.661258039595451,3.8187108282864943,3.3262343431887,0.6871770135734415,0.667530016189645,3.914021008090819,0.6753425559264385,3.914021008090819,2.997730276216664,2.7508701982851385,4.137164559405029,3.383392757028649,4.137164559405029,0.691153161953081,4.137164559405029,0.6832166123573445,3.4440173788450834,2.997730276216664])",0.0
R146,"['purpose','design','letter','maybe','market','respond','reflect','experts','discuss','ongoing','developments','technology','breakthrough']","(1000,[67,212,243,248,321,383,567,586,599,617,699,813,995],[2.7826188965997183,0.6753425559264385,3.8187108282864943,3.7316994512968646,0.667530016189645,2.345405090176974,0.6792718340663283,3.7316994512968646,2.7200985396183848,3.125563647726549,3.7316994512968646,5.523458920524919,0.691153161953081])",1.0
R022,"['center','add','firm','certainly','doctor','soon','run','beat','born','leg','teacher','become','management','mind','experts','discuss','ongoing','developments','climate','change']","(1000,[86,87,211,212,233,302,310,321,348,350,453,510,567,625,748,829,865,868,898,995],[3.383392757028649,2.8154087194227095,4.42484663185681,0.6753425559264385,0.667530016189645,4.019381523748645,2.5530444549552183,0.667530016189645,3.8187108282864943,4.137164559405029,3.2208738275308737,4.137164559405029,0.6792718340663283,2.849310271098391,3.914021008090819,2.8154087194227095,3.914021008090819,4.830311739964974,3.8187108282864943,0.691153161953081])",1.0
F177,"['defense','argue','late','lot','various','grow','good','century','bed','risk','face','list','argue','determine','bag','draw','—','shocking','claims','aliens','surface','internet']","(1000,[5,17,21,56,157,200,230,233,376,421,440,491,517,542,650,722,731,784,837,912,929],[4.270695952029551,2.958509563063383,3.383392757028649,4.607168188650764,2.997730276216664,3.914021008090819,0.6871770135734415,0.667530016189645,5.117993812416755,3.383392757028649,3.0811118851557153,5.917019126126766,0.6753425559264385,2.366458499374806,4.137164559405029,4.019381523748645,4.137164559405029,2.958509563063383,0.691153161953081,0.6832166123573445,2.920769235080536])",0.0
F021,"['somebody','option','news','brother','son','management','interest','bank','prepare','tree','nothing','ready','—','shocking','claims','secret','cure','surface','internet']","(1000,[23,80,140,190,230,233,241,395,396,517,561,596,698,803,837,865,895,908,912],[3.7316994512968646,3.383392757028649,2.38796470459577,3.3262343431887,0.6871770135734415,0.667530016189645,3.5085558999826545,3.914021008090819,2.5530444549552183,0.6753425559264385,3.383392757028649,4.137164559405029,3.2208738275308737,3.7316994512968646,0.691153161953081,3.914021008090819,3.577548771469606,4.42484663185681,0.6832166123573445])",0.0
R039,"['around','worker','clear','move','beyond','herself','appear','south','two','nation','daughter','view','trouble','able','significant','experts','discuss','ongoing','developments','economic','growth']","(1000,[17,82,105,125,129,139,212,232,283,321,497,535,542,553,567,580,609,678,698,946,995],[2.958509563063383,3.383392757028649,3.7316994512968646,3.383392757028649,3.914021008090819,3.577548771469606,0.6753425559264385,4.137164559405029,3.6516567436233283,0.667530016189645,3.2721671219184243,2.6902455764687034,2.366458499374806,2.920769235080536,0.6792718340663283,2.997730276216664,3.914021008090819,4.270695952029551,3.2208738275308737,3.4440173788450834,0.691153161953081])",1.0
F061,"['rise','answer','top','better','fish','learn','either','product','life','top','suddenly','—','shocking','claims','miracle','drug','surface','internet']","(1000,[151,185,230,233,345,452,478,517,542,639,654,665,756,837,912,921,953],[3.8187108282864943,8.84969326371362,0.6871770135734415,0.667530016189645,4.42484663185681,3.2208738275308737,3.5085558999826545,0.6753425559264385,2.366458499374806,3.125563647726549,3.7316994512968646,2.7826188965997183,5.523458920524919,0.691153161953081,0.6832166123573445,3.125563647726549,3.7316994512968646])",0.0
R057,"['across','bring','compare','although','experts','discuss','ongoing','developments','technology','breakthrough']","(1000,[212,321,349,370,383,403,440,567,599,995],[0.6753425559264385,0.667530016189645,4.607168188650764,5.523458920524919,2.345405090176974,3.3262343431887,3.0811118851557153,0.6792718340663283,2.7200985396183848,0.691153161953081])",1.0
F154,"['believe','course','official','month','service','management','travel','rate','adult','party','account','necessary','second','ability','minute','different','attention','hundred','action','participant','—','shocking','claims','immortal','jellyfish','surface','internet']","(1000,[21,29,216,230,233,297,330,405,423,517,527,605,610,612,617,620,638,690,743,790,831,833,837,865,912,940,963],[3.383392757028649,2.6902455764687034,3.172083663361442,0.6871770135734415,0.667530016189645,3.125563647726549,3.7316994512968646,3.914021008090819,4.607168188650764,0.6753425559264385,3.2208738275308737,2.7508701982851385,4.607168188650764,3.2721671219184243,3.125563647726549,3.6516567436233283,3.7316994512968646,3.2721671219184243,3.577548771469606,3.5085558999826545,3.4440173788450834,3.383392757028649,0.691153161953081,3.914021008090819,0.6832166123573445,4.137164559405029,4.019381523748645])",0.0
F052,"['fast','piece','defense','field','century','north','teach','treatment','establish','front','—','shocking','claims','mind','control','surface','internet']","(1000,[15,21,178,230,233,310,517,784,837,854,875,912,914,933,938,961,996],[4.137164559405029,3.383392757028649,3.6516567436233283,0.6871770135734415,0.667530016189645,2.5530444549552183,0.6753425559264385,2.958509563063383,0.691153161953081,3.2208738275308737,2.997730276216664,0.6832166123573445,4.607168188650764,3.914021008090819,2.455405985391302,3.577548771469606,2.958509563063383])",0.0
F124,"['win','nice','so','nice','officer','three','—','shocking','claims','flat','earth','surface','internet']","(1000,[157,230,233,401,413,451,517,549,578,812,837,912],[2.997730276216664,0.6871770135734415,0.667530016189645,2.920769235080536,4.137164559405029,4.830311739964974,0.6753425559264385,2.920769235080536,7.828042016181638,4.019381523748645,0.691153161953081,0.6832166123573445])",0.0
R071,"['live','town','night','represent','material','event','consumer','music','democrat','daughter','realize','assume','environmental','american','though','type','ball','not','experts','discuss','ongoing','developments','budget','report']","(1000,[61,82,106,212,235,252,288,321,404,417,496,524,555,567,611,622,678,700,718,723,823,855,995],[4.019381523748645,3.383392757028649,2.661258039595451,0.6753425559264385,3.2721671219184243,2.997730276216664,5.841538470161072,0.667530016189645,3.914021008090819,4.270695952029551,4.137164559405029,5.523458920524919,2.3045830956567186,0.6792718340663283,3.7316994512968646,4.137164559405029,4.270695952029551,4.137164559405029,3.914021008090819,3.8187108282864943,3.577548771469606,3.5085558999826545,0.691153161953081])",1.0
R152,"['truth','time','his','class','call','teacher','sign','rest','write','operation','practice','similar','door','late','leave','structure','experts','discuss','ongoing','developments','budget','report']","(1000,[86,94,97,106,157,168,201,212,321,374,487,555,567,615,637,680,787,874,876,967,981,995],[3.383392757028649,4.137164559405029,3.7316994512968646,2.661258039595451,2.997730276216664,2.661258039595451,3.577548771469606,0.6753425559264385,0.667530016189645,3.7316994512968646,4.830311739964974,2.3045830956567186,0.6792718340663283,3.914021008090819,4.137164559405029,3.6516567436233283,4.270695952029551,4.830311739964974,3.5085558999826545,3.7316994512968646,2.997730276216664,0.691153161953081])",1.0
F038,"['congress','wall','analysis','month','design','share','take','agency','begin','avoid','apply','alone','among','region','deep','cultural','—','shocking','claims','mind','control','surface','internet']","(1000,[50,67,179,195,230,233,235,237,252,310,399,517,590,612,617,790,837,870,912,917,938,988],[3.8187108282864943,5.565237793199437,3.914021008090819,3.6516567436233283,0.6871770135734415,0.667530016189645,3.2721671219184243,3.8187108282864943,2.997730276216664,2.5530444549552183,4.019381523748645,0.6753425559264385,4.137164559405029,3.2721671219184243,3.125563647726549,3.5085558999826545,0.691153161953081,5.117993812416755,0.6832166123573445,3.8187108282864943,2.455405985391302,3.8187108282864943])",0.0
F101,"['coach','protect','avoid','—','shocking','claims','immortal','jellyfish','surface','internet']","(1000,[29,230,233,517,563,605,819,837,912,988],[2.6902455764687034,0.6871770135734415,0.667530016189645,0.6753425559264385,5.117993812416755,2.7508701982851385,2.958509563063383,0.691153161953081,0.6832166123573445,3.8187108282864943])",0.0
F203,"['month','teach','several','feeling','anyone','occur','edge','go','american','concern','—','shocking','claims','celebrity','scandal','surface','internet']","(1000,[6,61,230,233,392,500,517,576,811,837,873,875,912,932,958,974,997],[4.019381523748645,4.019381523748645,0.6871770135734415,0.667530016189645,4.607168188650764,5.117993812416755,0.6753425559264385,3.577548771469606,2.5277266469709283,0.691153161953081,2.60568818844064,2.997730276216664,0.6832166123573445,2.849310271098391,4.270695952029551,3.3262343431887,3.8187108282864943])",0.0
F192,"['produce','possible','subject','pass','meet','voice','low','mouth','business','war','where','—','shocking','claims','government','cover-up','surface','internet']","(1000,[4,63,168,230,233,517,542,587,708,724,775,804,819,820,837,866,883,912],[3.914021008090819,3.7316994512968646,2.661258039595451,0.6871770135734415,0.667530016189645,0.6753425559264385,2.366458499374806,5.523458920524919,3.3262343431887,4.270695952029551,2.997730276216664,3.125563647726549,2.958509563063383,3.383392757028649,0.691153161953081,2.6902455764687034,2.997730276216664,0.6832166123573445])",0.0
R189,"['run','much','term','choose','address','hair','benefit','professor','among','really','organization','light','ago','impact','middle','experts','discuss','ongoing','developments','climate','change']","(1000,[10,85,87,118,212,314,321,442,488,521,558,567,582,590,625,738,746,799,820,857,995],[4.019381523748645,5.523458920524919,2.8154087194227095,4.137164559405029,0.6753425559264385,4.019381523748645,0.667530016189645,3.577548771469606,3.6516567436233283,3.914021008090819,4.42484663185681,0.6792718340663283,3.172083663361442,4.137164559405029,2.849310271098391,3.914021008090819,3.2721671219184243,3.914021008090819,3.383392757028649,3.914021008090819,0.691153161953081])",1.0
R098,"['public','mr','establish','individual','future','five','write','weight','join','issue','sit','fear','officer','mind','site','use','president','late','experts','discuss','ongoing','developments','election']","(1000,[46,157,168,202,212,242,310,321,373,472,561,567,569,677,687,757,767,838,854,912,967,995],[3.8187108282864943,5.995460552433328,2.661258039595451,3.914021008090819,0.6753425559264385,2.8844015909096608,2.5530444549552183,0.667530016189645,3.8187108282864943,4.42484663185681,3.383392757028649,0.6792718340663283,3.914021008090819,4.019381523748645,3.5085558999826545,5.117993812416755,3.7316994512968646,4.42484663185681,3.2208738275308737,0.6832166123573445,3.7316994512968646,0.691153161953081])",1.0
R149,"['tend','candidate','choose','knowledge','public','hear','lay','experts','discuss','ongoing','developments','economic','growth']","(1000,[10,212,311,321,333,517,531,535,553,567,618,873,995],[4.019381523748645,0.6753425559264385,3.5085558999826545,0.667530016189645,5.117993812416755,0.6753425559264385,3.2208738275308737,2.6902455764687034,2.920769235080536,0.6792718340663283,2.958509563063383,2.60568818844064,0.691153161953081])",1.0
R046,"['huge','turn','family','light','stand','yeah','stay','culture','fear','floor','baby','site','year','offer','send','early','experts','discuss','ongoing','developments','education']","(1000,[92,152,168,173,212,266,294,321,327,368,468,472,512,564,567,582,613,740,743,907,995],[4.019381523748645,4.137164559405029,2.661258039595451,3.577548771469606,0.6753425559264385,4.42484663185681,3.914021008090819,0.667530016189645,2.5277266469709283,4.137164559405029,2.246314187532743,4.42484663185681,4.019381523748645,3.914021008090819,0.6792718340663283,3.172083663361442,2.997730276216664,3.577548771469606,3.577548771469606,3.6516567436233283,0.691153161953081])",1.0
F055,"['yes','participant','between','stuff','town','product','someone','item','fear','stuff','mission','let','long','step','standard','—','shocking','claims','hoax','surface','internet']","(1000,[27,98,139,168,194,230,233,235,420,442,468,517,638,753,811,837,912,952,953],[3.2721671219184243,5.523458920524919,3.577548771469606,5.322516079190902,2.8844015909096608,0.6871770135734415,0.667530016189645,3.2721671219184243,3.172083663361442,3.577548771469606,2.246314187532743,0.6753425559264385,3.7316994512968646,4.137164559405029,2.5277266469709283,0.691153161953081,0.6832166123573445,8.84969326371362,3.7316994512968646])",0.0
F159,"['board','business','value','true','change','budget','something','class','open','data','test','—','shocking','claims','flat','earth','surface','internet']","(1000,[89,90,130,189,230,233,330,374,401,517,520,549,555,697,804,837,903,912],[3.577548771469606,3.125563647726549,4.137164559405029,3.2721671219184243,0.6871770135734415,0.667530016189645,3.7316994512968646,3.7316994512968646,2.920769235080536,0.6753425559264385,3.4440173788450834,2.920769235080536,2.3045830956567186,3.8187108282864943,3.125563647726549,0.691153161953081,3.6516567436233283,0.6832166123573445])",0.0
F083,"['test','natural','sing','middle','home','we','security','probably','—','shocking','claims','secret','cure','surface','internet']","(1000,[140,230,233,330,352,396,414,517,661,738,835,837,850,880,912],[2.38796470459577,0.6871770135734415,0.667530016189645,3.7316994512968646,3.8187108282864943,2.5530444549552183,3.914021008090819,0.6753425559264385,4.019381523748645,3.914021008090819,4.019381523748645,0.691153161953081,4.270695952029551,3.8187108282864943,0.6832166123573445])",0.0
R109,"['near','true','idea','pull','late','church','feeling','mouth','course','various','effort','wear','certainly','feeling','lay','authority','experts','discuss','ongoing','developments','education']","(1000,[62,90,157,212,247,321,327,440,567,667,671,708,790,798,829,873,885,974,995],[3.914021008090819,3.125563647726549,2.997730276216664,0.6753425559264385,3.577548771469606,0.667530016189645,2.5277266469709283,3.0811118851557153,0.6792718340663283,3.4440173788450834,5.523458920524919,3.3262343431887,3.5085558999826545,3.0385522707369192,5.630817438845419,2.60568818844064,3.125563647726549,6.6524686863774,0.691153161953081])",1.0
R102,"['radio','author','behind','daughter','program','include','stage','bag','right','realize','something','experts','discuss','ongoing','developments','climate','change']","(1000,[49,82,87,103,140,212,321,398,567,611,625,650,697,702,792,978,995],[3.7316994512968646,3.383392757028649,2.8154087194227095,3.914021008090819,2.38796470459577,0.6753425559264385,0.667530016189645,5.523458920524919,0.6792718340663283,3.7316994512968646,2.849310271098391,4.137164559405029,3.8187108282864943,3.914021008090819,3.914021008090819,3.8187108282864943,0.691153161953081])",1.0
R060,"['happy','military','standard','window','heart','story','success','sea','value','stop','approach','plan','only','experts','discuss','ongoing','developments','election']","(1000,[19,212,242,321,382,420,428,469,567,641,673,703,841,843,873,903,926,995],[5.117993812416755,0.6753425559264385,2.8844015909096608,0.667530016189645,5.523458920524919,3.172083663361442,4.830311739964974,3.2208738275308737,0.6792718340663283,4.830311739964974,3.3262343431887,4.019381523748645,4.42484663185681,3.6516567436233283,2.60568818844064,3.6516567436233283,3.914021008090819,0.691153161953081])",1.0
F085,"['religious','brother','maintain','religious','issue','glass','part','travel','middle','benefit','floor','program','want','life','project','character','thus','yeah','style','—','shocking','claims','secret','cure','surface','internet']","(1000,[21,83,93,140,151,230,233,258,394,395,396,517,555,562,564,588,613,738,742,837,851,857,912,978],[3.383392757028649,4.137164559405029,3.172083663361442,2.38796470459577,3.8187108282864943,0.6871770135734415,0.667530016189645,4.137164559405029,3.914021008090819,3.914021008090819,2.5530444549552183,0.6753425559264385,2.3045830956567186,3.914021008090819,3.914021008090819,3.8187108282864943,2.997730276216664,3.914021008090819,3.383392757028649,1.382306323906162,3.4440173788450834,3.914021008090819,1.366433224714689,3.8187108282864943])",0.0
F188,"['meeting','us','real','want','station','responsibility','letter','go','make','open','despite','entire','management','south','always','almost','—','shocking','claims','hoax','surface','internet']","(1000,[55,89,105,129,230,233,400,464,468,508,517,562,617,736,837,865,885,889,912,918,928,958],[4.270695952029551,3.577548771469606,3.7316994512968646,3.914021008090819,0.6871770135734415,0.667530016189645,5.523458920524919,3.125563647726549,2.246314187532743,3.8187108282864943,0.6753425559264385,3.914021008090819,3.125563647726549,4.270695952029551,0.691153161953081,3.914021008090819,3.125563647726549,3.577548771469606,0.6832166123573445,4.42484663185681,3.8187108282864943,4.270695952029551])",0.0
F131,"['room','eye','smile','coach','machine','figure','let','show','kid','piece','cold','technology','ability','adult','quite','—','shocking','claims','hoax','surface','internet']","(1000,[230,233,301,303,327,383,468,517,571,610,612,628,723,760,811,837,864,898,912,996],[0.6871770135734415,0.667530016189645,3.2208738275308737,3.172083663361442,2.5277266469709283,2.345405090176974,2.246314187532743,0.6753425559264385,3.914021008090819,4.607168188650764,3.2721671219184243,3.8187108282864943,3.8187108282864943,3.8187108282864943,2.5277266469709283,0.691153161953081,4.830311739964974,3.8187108282864943,0.6832166123573445,5.917019126126766])",0.0
R202,"['party','list','simple','perhaps','doctor','put','bar','we','experts','discuss','ongoing','developments','public','health']","(1000,[101,212,308,320,321,330,429,453,567,618,731,883,925,995],[4.019381523748645,0.6753425559264385,3.914021008090819,5.117993812416755,0.667530016189645,3.7316994512968646,3.4440173788450834,3.2208738275308737,0.6792718340663283,2.958509563063383,4.137164559405029,2.997730276216664,3.172083663361442,0.691153161953081])",1.0
F111,"['claim','night','stock','serious','a','benefit','without','pass','power','there','—','shocking','claims','celebrity','scandal','surface','internet']","(1000,[114,168,230,233,238,252,279,404,453,517,551,782,811,837,857,912,932],[4.42484663185681,2.661258039595451,0.6871770135734415,0.667530016189645,3.8187108282864943,2.997730276216664,2.997730276216664,3.914021008090819,3.2208738275308737,0.6753425559264385,3.914021008090819,3.4440173788450834,2.5277266469709283,0.691153161953081,3.914021008090819,0.6832166123573445,2.849310271098391])",0.0
R151,"['effort','employee','issue','into','happy','let','building','effect','organization','mission','imagine','pressure','experts','discuss','ongoing','developments','policy']","(1000,[33,65,90,95,111,212,234,249,321,442,558,567,582,811,912,962,995],[5.523458920524919,3.8187108282864943,3.125563647726549,4.42484663185681,5.523458920524919,0.6753425559264385,2.6902455764687034,3.7316994512968646,0.667530016189645,3.577548771469606,4.42484663185681,0.6792718340663283,3.172083663361442,2.5277266469709283,0.6832166123573445,3.172083663361442,0.691153161953081])",1.0
F058,"['manage','throw','human','month','treatment','magazine','situation','often','expert','five','—','shocking','claims','government','cover-up','surface','internet']","(1000,[24,47,196,230,233,476,517,542,617,677,686,698,784,837,866,912,928],[3.125563647726549,3.2208738275308737,4.42484663185681,0.6871770135734415,0.667530016189645,3.914021008090819,0.6753425559264385,2.366458499374806,3.125563647726549,4.019381523748645,4.137164559405029,3.2208738275308737,2.958509563063383,0.691153161953081,2.6902455764687034,0.6832166123573445,3.8187108282864943])",0.0
R164,"['upon','buy','today','continue','sing','eye','six','experts','discuss','ongoing','developments','education']","(1000,[24,212,321,327,352,567,580,792,966,981,995],[3.125563647726549,0.6753425559264385,0.667530016189645,5.055453293941857,3.8187108282864943,0.6792718340663283,2.997730276216664,3.914021008090819,3.4440173788450834,2.997730276216664,0.691153161953081])",1.0
F242,"['national','since','discover','matter','already','sit','pull','together','growth','whose','even','—','shocking','claims','celebrity','scandal','surface','internet']","(1000,[46,230,233,351,357,507,517,529,626,648,758,811,837,869,885,912,932,966],[3.8187108282864943,0.6871770135734415,0.667530016189645,4.830311739964974,3.2721671219184243,4.270695952029551,0.6753425559264385,3.2208738275308737,4.270695952029551,3.4440173788450834,3.914021008090819,2.5277266469709283,0.691153161953081,3.383392757028649,3.125563647726549,0.6832166123573445,2.849310271098391,3.4440173788450834])",0.0
F064,"['spring','organization','either','beat','note','structure','focus','happy','defense','hold','determine','tonight','—','shocking','claims','mind','control','surface','internet']","(1000,[56,90,178,230,233,310,450,484,494,517,542,558,680,748,836,837,877,912,938],[4.607168188650764,3.125563647726549,3.6516567436233283,0.6871770135734415,0.667530016189645,2.5530444549552183,4.830311739964974,4.019381523748645,4.019381523748645,0.6753425559264385,2.366458499374806,4.42484663185681,3.6516567436233283,3.914021008090819,4.607168188650764,0.691153161953081,3.383392757028649,0.6832166123573445,2.455405985391302])",0.0
R228,"['yeah','final','reveal','pressure','standard','experts','discuss','ongoing','developments','education']","(1000,[212,321,327,420,567,582,597,907,945,995],[0.6753425559264385,0.667530016189645,2.5277266469709283,3.172083663361442,0.6792718340663283,3.172083663361442,4.019381523748645,3.6516567436233283,3.914021008090819,0.691153161953081])",1.0
R210,"['speak','song','knowledge','billion','available','year','industry','special','cell','become','majority','make','feeling','hit','type','several','teacher','left','note','increase','night','experts','discuss','ongoing','developments','economic','growth']","(1000,[86,129,212,294,306,311,321,339,348,392,404,484,515,519,520,535,553,567,633,700,751,784,825,938,974,990,995],[3.383392757028649,3.914021008090819,0.6753425559264385,3.914021008090819,4.019381523748645,3.5085558999826545,0.667530016189645,4.42484663185681,3.8187108282864943,4.607168188650764,3.914021008090819,4.019381523748645,3.914021008090819,4.42484663185681,3.4440173788450834,2.6902455764687034,2.920769235080536,0.6792718340663283,3.577548771469606,4.137164559405029,4.137164559405029,2.958509563063383,4.137164559405029,2.455405985391302,3.3262343431887,4.42484663185681,0.691153161953081])",1.0
R156,"['someone','budget','current','section','field','already','think','experts','discuss','ongoing','developments','policy']","(1000,[212,234,247,285,321,555,567,758,896,945,961,995],[0.6753425559264385,2.6902455764687034,3.577548771469606,3.3262343431887,0.667530016189645,2.3045830956567186,0.6792718340663283,3.914021008090819,3.5085558999826545,3.914021008090819,3.577548771469606,0.691153161953081])",1.0
R192,"['cold','manage','growth','eat','drop','clear','discuss','perhaps','daughter','sense','pattern','day','maintain','season','loss','quickly','nothing','million','prevent','character','experts','discuss','ongoing','developments','climate','change']","(1000,[17,80,82,87,212,219,225,260,308,321,357,383,386,394,468,527,567,613,625,742,746,840,845,962,995],[2.958509563063383,3.383392757028649,3.383392757028649,2.8154087194227095,0.6753425559264385,4.42484663185681,3.8187108282864943,3.7316994512968646,3.914021008090819,1.33506003237929,3.2721671219184243,2.345405090176974,4.019381523748645,3.914021008090819,2.246314187532743,3.2208738275308737,0.6792718340663283,2.997730276216664,2.849310271098391,3.383392757028649,3.2721671219184243,3.6516567436233283,4.607168188650764,3.172083663361442,0.691153161953081])",1.0
F102,"['positive','buy','central','anything','democrat','model','hundred','product','phone','act','—','shocking','claims','government','cover-up','surface','internet']","(1000,[24,121,230,233,264,288,517,527,531,542,781,828,837,866,912,953,996],[3.125563647726549,3.914021008090819,0.6871770135734415,0.667530016189645,3.125563647726549,2.920769235080536,0.6753425559264385,3.2208738275308737,3.2208738275308737,2.366458499374806,3.8187108282864943,5.523458920524919,0.691153161953081,2.6902455764687034,0.6832166123573445,3.7316994512968646,2.958509563063383])",0.0
R237,"['little','teach','plan','rather','outside','wide','reach','every','figure','analysis','perform','benefit','accept','suggest','feeling','figure','bad','glass','pull','experts','discuss','ongoing','developments','election']","(1000,[81,115,212,242,286,321,358,550,555,567,723,782,790,833,857,875,885,926,927,933,974,976,995],[3.172083663361442,3.8187108282864943,0.6753425559264385,2.8844015909096608,3.383392757028649,0.667530016189645,4.019381523748645,3.3262343431887,2.3045830956567186,0.6792718340663283,7.637421656572989,3.4440173788450834,3.5085558999826545,3.383392757028649,3.914021008090819,2.997730276216664,3.125563647726549,3.914021008090819,3.4440173788450834,3.914021008090819,3.3262343431887,3.914021008090819,0.691153161953081])",1.0
F015,"['figure','item','recent','box','coach','end','film','walk','call','reach','someone','process','civil','see','quite','huge','interview','—','shocking','claims','immortal','jellyfish','surface','internet']","(1000,[27,29,57,75,97,115,218,230,233,288,301,475,517,560,605,694,753,829,837,883,898,912,981,996],[3.2721671219184243,2.6902455764687034,4.137164559405029,4.270695952029551,3.7316994512968646,3.8187108282864943,4.019381523748645,0.6871770135734415,0.667530016189645,2.920769235080536,3.2208738275308737,3.4440173788450834,0.6753425559264385,3.0385522707369192,2.7508701982851385,3.383392757028649,4.137164559405029,2.8154087194227095,0.691153161953081,2.997730276216664,3.8187108282864943,0.6832166123573445,2.997730276216664,2.958509563063383])",0.0
F020,"['heavy','manager','away','turn','despite','study','red','technology','mind','speech','leave','beat','style','read','add','bill','—','shocking','claims','celebrity','scandal','surface','internet']","(1000,[94,211,230,233,285,288,310,375,383,464,475,517,694,748,777,811,837,851,907,912,932,945,948],[4.137164559405029,4.42484663185681,0.6871770135734415,0.667530016189645,3.3262343431887,2.920769235080536,2.5530444549552183,4.019381523748645,2.345405090176974,3.125563647726549,3.4440173788450834,0.6753425559264385,3.383392757028649,3.914021008090819,5.117993812416755,2.5277266469709283,0.691153161953081,3.4440173788450834,3.6516567436233283,0.6832166123573445,2.849310271098391,3.914021008090819,3.577548771469606])",0.0
R083,"['reflect','though','young','economy','agent','floor','grow','art','such','experts','discuss','ongoing','developments','election']","(1000,[17,212,242,252,254,321,401,414,457,564,567,794,941,995],[2.958509563063383,0.6753425559264385,2.8844015909096608,2.997730276216664,4.830311739964974,0.667530016189645,2.920769235080536,3.914021008090819,4.830311739964974,3.914021008090819,0.6792718340663283,4.830311739964974,3.914021008090819,0.691153161953081])",1.0
F035,"['question','enjoy','sit','improve','exist','full','occur','way','husband','back','—','shocking','claims','hoax','surface','internet']","(1000,[46,77,82,230,233,238,246,379,468,517,746,807,837,854,873,912],[3.8187108282864943,3.577548771469606,3.383392757028649,0.6871770135734415,0.667530016189645,3.8187108282864943,3.2208738275308737,3.7316994512968646,2.246314187532743,0.6753425559264385,3.2721671219184243,3.914021008090819,0.691153161953081,3.2208738275308737,2.60568818844064,0.6832166123573445])",0.0
R082,"['type','enjoy','section','together','message','role','suddenly','picture','travel','experts','discuss','ongoing','developments','budget','report']","(1000,[21,22,80,106,212,248,321,345,379,555,567,648,896,979,995],[3.383392757028649,3.914021008090819,3.383392757028649,2.661258039595451,0.6753425559264385,3.7316994512968646,0.667530016189645,4.42484663185681,3.7316994512968646,2.3045830956567186,0.6792718340663283,3.4440173788450834,3.5085558999826545,4.607168188650764,0.691153161953081])",1.0
F114,"['talk','major','leader','value','—','shocking','claims','mind','control','surface','internet']","(1000,[230,233,310,334,450,491,517,837,903,912,938],[0.6871770135734415,0.667530016189645,2.5530444549552183,4.270695952029551,4.830311739964974,2.958509563063383,0.6753425559264385,0.691153161953081,3.6516567436233283,0.6832166123573445,2.455405985391302])",0.0
F179,"['population','born','cause','quite','specific','pressure','design','number','page','art','individual','evidence','one','member','—','shocking','claims','secret','cure','surface','internet']","(1000,[67,140,144,198,230,233,246,302,396,401,486,492,517,569,582,775,829,837,912,948,996],[2.7826188965997183,2.38796470459577,3.383392757028649,4.137164559405029,0.6871770135734415,0.667530016189645,3.2208738275308737,4.019381523748645,2.5530444549552183,2.920769235080536,3.8187108282864943,4.137164559405029,0.6753425559264385,3.914021008090819,3.172083663361442,2.997730276216664,2.8154087194227095,0.691153161953081,0.6832166123573445,3.577548771469606,2.958509563063383])",0.0
F026,"['life','kid','yes','capital','ready','represent','say','clearly','continue','represent','fast','change','—','shocking','claims','celebrity','scandal','surface','internet']","(1000,[120,190,230,233,273,303,330,517,531,798,811,837,844,855,912,932,949,981],[4.270695952029551,3.3262343431887,0.6871770135734415,0.667530016189645,5.117993812416755,3.172083663361442,3.7316994512968646,0.6753425559264385,3.2208738275308737,3.0385522707369192,2.5277266469709283,0.691153161953081,4.019381523748645,7.017111799965309,0.6832166123573445,2.849310271098391,3.5085558999826545,2.997730276216664])",0.0
R217,"['democratic','inside','sort','growth','hundred','else','training','language','source','become','line','federal','six','support','four','walk','offer','experts','discuss','ongoing','developments','election']","(1000,[57,180,189,212,242,310,321,336,348,357,446,527,565,567,572,580,652,740,760,889,921,995],[4.137164559405029,3.8187108282864943,3.2721671219184243,0.6753425559264385,2.8844015909096608,2.5530444549552183,0.667530016189645,3.577548771469606,3.8187108282864943,3.2721671219184243,3.5085558999826545,3.2208738275308737,5.117993812416755,0.6792718340663283,3.6516567436233283,2.997730276216664,4.270695952029551,3.577548771469606,3.8187108282864943,3.577548771469606,3.125563647726549,0.691153161953081])",1.0
F009,"['fact','tonight','sometimes','hear','most','hour','possible','run','cause','remain','everything','later','energy','summer','series','—','shocking','claims','celebrity','scandal','surface','internet']","(1000,[63,230,233,291,292,410,494,517,531,575,577,579,694,742,775,811,837,847,851,912,932],[3.7316994512968646,0.6871770135734415,1.33506003237929,4.270695952029551,4.607168188650764,4.270695952029551,4.019381523748645,0.6753425559264385,3.2208738275308737,4.270695952029551,2.920769235080536,4.42484663185681,3.383392757028649,3.383392757028649,2.997730276216664,2.5277266469709283,0.691153161953081,4.270695952029551,3.4440173788450834,0.6832166123573445,2.849310271098391])",0.0
F240,"['nature','financial','edge','conference','shake','soon','consumer','take','—','shocking','claims','aliens','surface','internet']","(1000,[179,230,233,453,510,517,660,723,731,837,912,927,929,997],[3.914021008090819,0.6871770135734415,0.667530016189645,3.2208738275308737,4.137164559405029,0.6753425559264385,4.830311739964974,3.8187108282864943,4.137164559405029,0.691153161953081,0.6832166123573445,3.4440173788450834,2.920769235080536,3.8187108282864943])",0.0
R216,"['direction','require','kitchen','experience','use','color','within','task','anyone','her','experts','discuss','ongoing','developments','research']","(1000,[113,193,212,235,280,321,344,447,452,567,576,709,767,921,995],[4.270695952029551,4.137164559405029,0.6753425559264385,3.2721671219184243,4.830311739964974,0.667530016189645,3.4440173788450834,2.8844015909096608,3.2208738275308737,0.6792718340663283,3.577548771469606,4.42484663185681,3.7316994512968646,3.125563647726549,0.691153161953081])",1.0
F129,"['democrat','decide','real','box','certainly','body','doctor','join','give','high','indeed','generation','clearly','nature','—','shocking','claims','flat','earth','surface','internet']","(1000,[120,140,157,182,230,233,362,401,453,475,517,523,529,549,561,656,736,829,837,881,912],[4.270695952029551,2.38796470459577,2.997730276216664,3.7316994512968646,0.6871770135734415,0.667530016189645,3.577548771469606,2.920769235080536,3.2208738275308737,3.4440173788450834,0.6753425559264385,3.4440173788450834,3.2208738275308737,2.920769235080536,3.383392757028649,4.42484663185681,4.270695952029551,2.8154087194227095,0.691153161953081,4.42484663185681,0.6832166123573445])",0.0
R197,"['treatment','field','several','position','peace','today','police','rise','experts','discuss','ongoing','developments','education']","(1000,[80,210,212,321,327,392,567,642,680,818,961,966,995],[3.383392757028649,5.523458920524919,0.6753425559264385,0.667530016189645,2.5277266469709283,4.607168188650764,0.6792718340663283,4.42484663185681,3.6516567436233283,3.914021008090819,3.577548771469606,3.4440173788450834,0.691153161953081])",1.0
F142,"['late','wrong','even','leader','close','reach','parent','front','follow','others','—','shocking','claims','government','cover-up','surface','internet']","(1000,[15,115,194,216,230,233,334,377,420,517,542,626,837,866,879,912,939],[4.137164559405029,3.8187108282864943,2.8844015909096608,3.172083663361442,0.6871770135734415,0.667530016189645,4.270695952029551,5.523458920524919,3.172083663361442,0.6753425559264385,2.366458499374806,4.270695952029551,0.691153161953081,2.6902455764687034,4.019381523748645,0.6832166123573445,4.607168188650764])",0.0
R140,"['generation','avoid','throughout','deal','impact','dark','own','security','age','down','experts','discuss','ongoing','developments','climate','change']","(1000,[67,87,144,190,194,212,321,521,567,610,625,768,835,975,988,995],[2.7826188965997183,2.8154087194227095,3.383392757028649,3.3262343431887,2.8844015909096608,0.6753425559264385,0.667530016189645,3.914021008090819,0.6792718340663283,4.607168188650764,2.849310271098391,4.42484663185681,4.019381523748645,4.42484663185681,3.8187108282864943,0.691153161953081])",1.0
R165,"['tree','party','yet','meet','experts','discuss','ongoing','developments','budget','report']","(1000,[106,212,321,405,497,555,567,724,904,995],[2.661258039595451,0.6753425559264385,0.667530016189645,3.914021008090819,3.2721671219184243,2.3045830956567186,0.6792718340663283,4.270695952029551,4.42484663185681,0.691153161953081])",1.0
R139,"['however','interview','south','majority','already','paper','drug','south','painting','experts','discuss','ongoing','developments','education']","(1000,[97,105,212,321,327,460,519,533,567,617,665,758,995],[3.7316994512968646,7.463398902593729,0.6753425559264385,0.667530016189645,2.5277266469709283,4.019381523748645,4.42484663185681,4.42484663185681,0.6792718340663283,3.125563647726549,2.7826188965997183,3.914021008090819,0.691153161953081])",1.0
F232,"['building','hand','community','major','thus','mind','money','product','attention','glass','future','environmental','audience','foot','class','firm','structure','news','dinner','husband','tv','—','shocking','claims','hoax','surface','internet']","(1000,[23,82,83,183,230,233,264,310,364,373,374,417,468,491,517,555,608,680,690,736,837,868,896,912,953,976],[3.7316994512968646,3.383392757028649,4.137164559405029,4.137164559405029,0.6871770135734415,0.667530016189645,3.125563647726549,2.5530444549552183,4.137164559405029,7.637421656572989,3.7316994512968646,4.270695952029551,2.246314187532743,2.958509563063383,0.6753425559264385,2.3045830956567186,4.137164559405029,3.6516567436233283,3.2721671219184243,4.270695952029551,0.691153161953081,4.830311739964974,3.5085558999826545,0.6832166123573445,3.7316994512968646,3.914021008090819])",0.0
F108,"['particularly','yeah','drug','put','media','catch','spring','always','simply','attorney','finish','somebody','condition','congress','material','—','shocking','claims','celebrity','scandal','surface','internet']","(1000,[101,220,223,230,233,285,344,478,491,517,609,613,622,665,742,801,811,837,885,912,917,932],[4.019381523748645,4.019381523748645,4.137164559405029,0.6871770135734415,0.667530016189645,3.3262343431887,3.4440173788450834,3.5085558999826545,2.958509563063383,0.6753425559264385,3.914021008090819,2.997730276216664,4.137164559405029,2.7826188965997183,3.383392757028649,4.42484663185681,2.5277266469709283,0.691153161953081,3.125563647726549,0.6832166123573445,3.8187108282864943,2.849310271098391])",0.0
F167,"['education','plant','carry','meeting','wife','life','eight','item','common','thousand','generation','stay','think','follow','—','shocking','claims','celebrity','scandal','surface','internet']","(1000,[27,93,151,152,203,230,233,285,420,448,468,493,517,523,753,761,811,837,853,912,932],[3.2721671219184243,3.172083663361442,3.8187108282864943,4.137164559405029,5.523458920524919,0.6871770135734415,0.667530016189645,3.3262343431887,3.172083663361442,3.383392757028649,2.246314187532743,5.523458920524919,0.6753425559264385,3.4440173788450834,4.137164559405029,3.2721671219184243,2.5277266469709283,0.691153161953081,4.137164559405029,0.6832166123573445,2.849310271098391])",0.0
R242,"['car','price','soon','possible','require','along','wait','together','experts','discuss','ongoing','developments','research']","(1000,[2,63,78,163,193,212,321,447,501,510,567,648,995],[4.830311739964974,3.7316994512968646,3.8187108282864943,5.117993812416755,4.137164559405029,0.6753425559264385,0.667530016189645,2.8844015909096608,3.8187108282864943,4.137164559405029,0.6792718340663283,3.4440173788450834,0.691153161953081])",1.0
F133,"['issue','talk','stage','strong','model','rest','total','commercial','include','end','former','rate','song','family','across','space','reflect','—','shocking','claims','immortal','jellyfish','surface','internet']","(1000,[29,103,133,148,230,233,264,437,466,512,517,586,605,620,637,792,800,825,829,837,839,912,915,931],[2.6902455764687034,3.914021008090819,4.830311739964974,3.6516567436233283,0.6871770135734415,0.667530016189645,3.125563647726549,4.019381523748645,3.172083663361442,4.019381523748645,0.6753425559264385,3.7316994512968646,2.7508701982851385,3.6516567436233283,4.137164559405029,3.914021008090819,3.8187108282864943,4.137164559405029,2.8154087194227095,0.691153161953081,3.7316994512968646,0.6832166123573445,3.125563647726549,3.8187108282864943])",0.0
F025,"['possible','campaign','history','—','shocking','claims','flat','earth','surface','internet']","(1000,[230,233,316,401,433,517,549,837,912,997],[0.6871770135734415,0.667530016189645,3.5085558999826545,2.920769235080536,3.2208738275308737,0.6753425559264385,2.920769235080536,0.691153161953081,0.6832166123573445,3.8187108282864943])",0.0
F093,"['successful','each','evening','evidence','seek','interview','trip','section','—','shocking','claims','immortal','jellyfish','surface','internet']","(1000,[29,38,97,106,207,230,233,246,256,517,605,765,837,896,912],[2.6902455764687034,3.8187108282864943,3.7316994512968646,2.661258039595451,4.42484663185681,0.6871770135734415,0.667530016189645,3.2208738275308737,3.383392757028649,0.6753425559264385,2.7508701982851385,5.523458920524919,0.691153161953081,3.5085558999826545,0.6832166123573445])",0.0
F236,"['side','increase','mrs','cup','assume','—','shocking','claims','government','cover-up','surface','internet']","(1000,[91,230,233,297,325,339,496,517,542,837,866,912],[4.137164559405029,0.6871770135734415,0.667530016189645,3.125563647726549,5.523458920524919,4.42484663185681,4.137164559405029,0.6753425559264385,2.366458499374806,0.691153161953081,2.6902455764687034,0.6832166123573445])",0.0
F069,"['bank','buy','black','—','shocking','claims','flat','earth','surface','internet']","(1000,[24,230,233,401,517,549,837,912,982,985],[3.125563647726549,0.6871770135734415,0.667530016189645,2.920769235080536,0.6753425559264385,2.920769235080536,0.691153161953081,0.6832166123573445,4.607168188650764,5.523458920524919])",0.0
F219,"['debate','various','white','bag','look','key','knowledge','ability','light','truth','per','behavior','field','certain','middle','suffer','maybe','sell','create','—','shocking','claims','flat','earth','surface','internet']","(1000,[173,230,233,243,303,311,324,401,415,440,517,549,582,612,650,685,738,804,816,831,837,905,912,919,946,961],[3.577548771469606,0.6871770135734415,0.667530016189645,3.8187108282864943,3.172083663361442,3.5085558999826545,3.4440173788450834,2.920769235080536,3.577548771469606,3.0811118851557153,0.6753425559264385,2.920769235080536,3.172083663361442,3.2721671219184243,4.137164559405029,3.7316994512968646,3.914021008090819,3.125563647726549,4.270695952029551,3.4440173788450834,0.691153161953081,4.270695952029551,0.6832166123573445,4.137164559405029,3.4440173788450834,3.577548771469606])",0.0
R079,"['third','law','fly','nice','easy','single','reality','wide','exist','process','quickly','feeling','southern','good','experts','discuss','ongoing','developments','election']","(1000,[5,128,132,212,242,301,321,383,567,572,578,717,762,782,807,883,974,995],[4.270695952029551,3.7316994512968646,4.137164559405029,0.6753425559264385,2.8844015909096608,3.2208738275308737,0.667530016189645,2.345405090176974,0.6792718340663283,3.6516567436233283,3.914021008090819,4.830311739964974,4.270695952029551,3.4440173788450834,3.914021008090819,2.997730276216664,6.6524686863774,0.691153161953081])",1.0
F042,"['office','son','prepare','enter','debate','source','avoid','recognize','consumer','pass','exist','return','including','name','skin','style','leg','test','exist','mother','purpose','—','shocking','claims','hoax','surface','internet']","(1000,[168,169,189,197,230,233,350,433,468,517,632,643,690,723,760,770,775,807,837,851,875,895,908,912,922,988],[2.661258039595451,4.270695952029551,3.2721671219184243,4.019381523748645,0.6871770135734415,0.667530016189645,4.137164559405029,3.2208738275308737,2.246314187532743,0.6753425559264385,4.42484663185681,4.270695952029551,3.2721671219184243,3.8187108282864943,3.8187108282864943,4.019381523748645,2.997730276216664,7.828042016181638,0.691153161953081,3.4440173788450834,2.997730276216664,3.577548771469606,4.42484663185681,0.6832166123573445,3.7316994512968646,3.8187108282864943])",0.0
R154,"['type','heavy','factor','minute','production','exactly','teacher','seat','power','moment','get','so','experts','discuss','ongoing','developments','budget','report']","(1000,[80,86,106,149,212,321,357,451,454,555,567,604,623,782,876,877,963,995],[3.383392757028649,3.383392757028649,2.661258039595451,3.7316994512968646,0.6753425559264385,0.667530016189645,3.2721671219184243,4.830311739964974,4.270695952029551,2.3045830956567186,0.6792718340663283,3.914021008090819,4.137164559405029,3.4440173788450834,3.5085558999826545,3.383392757028649,4.019381523748645,0.691153161953081])",1.0
R089,"['least','reality','crime','threat','grow','social','author','degree','follow','eat','court','field','leg','thus','recognize','experts','discuss','ongoing','developments','public','health']","(1000,[17,49,83,116,128,197,212,321,350,371,420,527,567,600,618,663,681,925,961,995],[5.917019126126766,3.7316994512968646,4.137164559405029,3.3262343431887,3.7316994512968646,4.019381523748645,0.6753425559264385,0.667530016189645,4.137164559405029,4.830311739964974,3.172083663361442,3.2208738275308737,0.6792718340663283,3.914021008090819,2.958509563063383,3.6516567436233283,4.137164559405029,3.172083663361442,3.577548771469606,0.691153161953081])",1.0
R038,"['assume','collection','official','full','cut','big','human','may','experts','discuss','ongoing','developments','public','health']","(1000,[47,212,216,286,321,479,501,567,618,746,747,802,925,995],[3.2208738275308737,0.6753425559264385,3.172083663361442,3.383392757028649,0.667530016189645,3.6516567436233283,3.8187108282864943,0.6792718340663283,2.958509563063383,3.2721671219184243,4.137164559405029,5.523458920524919,3.172083663361442,0.691153161953081])",1.0
R053,"['around','plan','everybody','remain','project','feel','response','set','test','life','table','share','explain','particularly','indicate','message','experts','discuss','ongoing','developments','economic','growth']","(1000,[81,100,151,174,189,212,248,258,321,348,399,534,535,553,560,567,580,601,694,698,926,995],[3.172083663361442,4.019381523748645,3.8187108282864943,3.4440173788450834,3.2721671219184243,0.6753425559264385,3.7316994512968646,4.137164559405029,0.667530016189645,3.8187108282864943,4.019381523748645,3.4440173788450834,2.6902455764687034,2.920769235080536,3.0385522707369192,0.6792718340663283,2.997730276216664,4.137164559405029,3.383392757028649,3.2208738275308737,3.914021008090819,0.691153161953081])",1.0
F201,"['daughter','attorney','everyone','nothing','important','hand','institution','people','threat','—','shocking','claims','hoax','surface','internet']","(1000,[80,116,230,233,264,321,468,478,504,517,606,761,837,912,982],[3.383392757028649,3.3262343431887,0.6871770135734415,0.667530016189645,3.125563647726549,0.667530016189645,2.246314187532743,3.5085558999826545,4.019381523748645,0.6753425559264385,4.137164559405029,3.2721671219184243,0.691153161953081,0.6832166123573445,4.607168188650764])",0.0
F013,"['attention','country','huge','total','story','despite','—','shocking','claims','secret','cure','surface','internet']","(1000,[77,140,218,230,233,396,464,517,669,673,837,839,912],[3.577548771469606,2.38796470459577,4.019381523748645,0.6871770135734415,0.667530016189645,2.5530444549552183,3.125563647726549,0.6753425559264385,4.830311739964974,3.3262343431887,0.691153161953081,3.7316994512968646,0.6832166123573445])",0.0
R023,"['couple','wish','accept','visit','tv','church','affect','example','lose','protect','actually','toward','class','us','throughout','back','go','experts','discuss','ongoing','developments','policy']","(1000,[81,195,212,232,234,238,257,279,321,347,364,374,455,567,768,798,819,869,871,918,958,995],[3.172083663361442,3.6516567436233283,0.6753425559264385,4.137164559405029,2.6902455764687034,3.8187108282864943,4.270695952029551,2.997730276216664,0.667530016189645,4.607168188650764,4.137164559405029,3.7316994512968646,3.2721671219184243,0.6792718340663283,4.42484663185681,3.0385522707369192,2.958509563063383,3.383392757028649,3.5085558999826545,4.42484663185681,4.270695952029551,0.691153161953081])",1.0
R068,"['second','possible','run','collection','song','provide','low','dog','policy','win','share','color','table','rule','mean','away','able','experts','discuss','ongoing','developments','technology','breakthrough']","(1000,[28,58,63,142,212,233,283,321,344,372,383,399,567,599,601,694,735,747,805,819,824,825,995],[3.8187108282864943,4.019381523748645,3.7316994512968646,3.8187108282864943,0.6753425559264385,0.667530016189645,3.6516567436233283,0.667530016189645,3.4440173788450834,4.42484663185681,2.345405090176974,4.019381523748645,0.6792718340663283,2.7200985396183848,4.137164559405029,3.383392757028649,4.270695952029551,4.137164559405029,4.42484663185681,2.958509563063383,3.7316994512968646,4.137164559405029,0.691153161953081])",1.0
F065,"['nothing','everybody','size','central','eye','face','tonight','total','follow','prepare','key','second','research','—','shocking','claims','hoax','surface','internet']","(1000,[230,233,282,297,324,327,420,468,469,494,515,517,560,784,837,839,895,912,996],[0.6871770135734415,0.667530016189645,3.4440173788450834,3.125563647726549,3.4440173788450834,2.5277266469709283,3.172083663361442,2.246314187532743,3.2208738275308737,4.019381523748645,3.914021008090819,0.6753425559264385,3.0385522707369192,2.958509563063383,0.691153161953081,3.7316994512968646,3.577548771469606,0.6832166123573445,2.958509563063383])",0.0
F239,"['civil','matter','seem','turn','radio','family','fly','drive','likely','type','dream','put','think','name','—','shocking','claims','celebrity','scandal','surface','internet']","(1000,[101,225,230,233,284,285,301,319,322,383,512,517,529,700,811,837,885,907,912,922,932],[4.019381523748645,3.8187108282864943,0.6871770135734415,0.667530016189645,3.383392757028649,3.3262343431887,3.2208738275308737,5.117993812416755,5.117993812416755,2.345405090176974,4.019381523748645,0.6753425559264385,3.2208738275308737,4.137164559405029,2.5277266469709283,0.691153161953081,3.125563647726549,3.6516567436233283,0.6832166123573445,3.7316994512968646,2.849310271098391])",0.0
F084,"['college','image','computer','anyone','—','shocking','claims','miracle','drug','surface','internet']","(1000,[230,233,414,421,466,517,576,639,665,837,912],[0.6871770135734415,0.667530016189645,3.914021008090819,3.383392757028649,3.172083663361442,0.6753425559264385,3.577548771469606,3.125563647726549,2.7826188965997183,0.691153161953081,0.6832166123573445])",0.0
R120,"['beyond','nice','travel','human','cup','must','pick','consider','strong','activity','until','experts','discuss','ongoing','developments','election']","(1000,[21,47,77,139,174,212,227,242,297,321,359,466,567,578,841,995],[3.383392757028649,3.2208738275308737,3.577548771469606,3.577548771469606,3.4440173788450834,0.6753425559264385,3.914021008090819,2.8844015909096608,3.125563647726549,0.667530016189645,4.270695952029551,3.172083663361442,0.6792718340663283,3.914021008090819,4.42484663185681,0.691153161953081])",1.0
F207,"['main','occur','research','shake','first','pass','specific','order','piece','thus','book','machine','yard','sense','follow','—','shocking','claims','government','cover-up','surface','internet']","(1000,[83,142,144,168,230,233,282,420,469,517,542,608,837,864,866,873,912,927,949,962,996,999],[4.137164559405029,3.8187108282864943,3.383392757028649,2.661258039595451,0.6871770135734415,0.667530016189645,3.4440173788450834,3.172083663361442,3.2208738275308737,0.6753425559264385,2.366458499374806,4.137164559405029,0.691153161953081,4.830311739964974,2.6902455764687034,2.60568818844064,0.6832166123573445,3.4440173788450834,3.5085558999826545,3.172083663361442,2.958509563063383,3.914021008090819])",0.0
R158,"['family','next','despite','author','name','process','decade','within','commercial','experts','discuss','ongoing','developments','economic','growth']","(1000,[49,113,212,222,301,321,464,535,553,567,636,800,883,922,995],[3.7316994512968646,4.270695952029551,0.6753425559264385,3.3262343431887,3.2208738275308737,0.667530016189645,3.125563647726549,2.6902455764687034,2.920769235080536,0.6792718340663283,4.830311739964974,3.8187108282864943,2.997730276216664,3.7316994512968646,0.691153161953081])",1.0
R097,"['require','general','full','claim','practice','something','attack','friend','dark','require','director','strategy','talk','company','experts','discuss','ongoing','developments','technology','breakthrough']","(1000,[193,194,201,212,321,383,387,567,599,648,685,697,730,746,787,840,873,915,953,995],[4.137164559405029,2.8844015909096608,3.577548771469606,0.6753425559264385,0.667530016189645,2.345405090176974,4.830311739964974,0.6792718340663283,2.7200985396183848,3.4440173788450834,3.7316994512968646,3.8187108282864943,4.607168188650764,3.2721671219184243,4.270695952029551,3.6516567436233283,2.60568818844064,3.125563647726549,3.7316994512968646,0.691153161953081])",1.0
R092,"['help','prepare','store','magazine','memory','edge','evening','actually','cause','discussion','past','campaign','pattern','watch','reason','experts','discuss','ongoing','developments','technology','breakthrough']","(1000,[146,195,207,212,260,321,383,433,465,476,544,567,577,599,602,775,885,895,970,995,997],[4.607168188650764,3.6516567436233283,4.42484663185681,0.6753425559264385,3.7316994512968646,0.667530016189645,2.345405090176974,3.2208738275308737,4.42484663185681,3.914021008090819,3.8187108282864943,0.6792718340663283,2.920769235080536,2.7200985396183848,3.7316994512968646,2.997730276216664,3.125563647726549,3.577548771469606,5.523458920524919,0.691153161953081,3.8187108282864943])",1.0
F172,"['resource','brother','development','tree','staff','clear','impact','difference','interest','common','carry','—','shocking','claims','hoax','surface','internet']","(1000,[17,27,67,230,233,345,395,455,468,517,521,596,698,761,837,839,912],[2.958509563063383,3.2721671219184243,2.7826188965997183,0.6871770135734415,0.667530016189645,4.42484663185681,3.914021008090819,3.2721671219184243,2.246314187532743,0.6753425559264385,3.914021008090819,4.137164559405029,3.2208738275308737,3.2721671219184243,0.691153161953081,3.7316994512968646,0.6832166123573445])",0.0
R182,"['fire','newspaper','relationship','mother','reduce','teach','serious','experts','discuss','ongoing','developments','economic','growth']","(1000,[53,65,134,212,321,453,535,543,553,567,875,995],[4.019381523748645,3.8187108282864943,4.42484663185681,0.6753425559264385,0.667530016189645,3.2208738275308737,2.6902455764687034,4.830311739964974,2.920769235080536,0.6792718340663283,5.995460552433328,0.691153161953081])",1.0
F014,"['company','serious','still','force','nation','central','difficult','main','cold','significant','—','shocking','claims','secret','cure','surface','internet']","(1000,[125,140,230,233,284,301,324,381,396,453,469,517,540,837,912,946,996],[3.383392757028649,2.38796470459577,0.6871770135734415,0.667530016189645,3.383392757028649,3.2208738275308737,3.4440173788450834,4.270695952029551,2.5530444549552183,3.2208738275308737,3.2208738275308737,0.6753425559264385,5.523458920524919,0.691153161953081,0.6832166123573445,3.4440173788450834,2.958509563063383])",0.0
R230,"['authority','someone','pull','glass','phone','lay','about','behind','guess','plan','big','represent','social','class','forward','kid','experts','discuss','ongoing','developments','election']","(1000,[14,27,212,242,303,321,352,362,374,501,531,555,567,573,600,702,855,873,885,926,995],[4.42484663185681,3.2721671219184243,0.6753425559264385,2.8844015909096608,3.172083663361442,0.667530016189645,3.8187108282864943,3.577548771469606,3.7316994512968646,3.8187108282864943,3.2208738275308737,2.3045830956567186,0.6792718340663283,4.830311739964974,3.914021008090819,3.914021008090819,3.5085558999826545,2.60568818844064,3.125563647726549,3.914021008090819,0.691153161953081])",1.0
F223,"['trouble','fear','land','official','available','wide','establish','despite','serve','rise','support','go','even','—','shocking','claims','government','cover-up','surface','internet']","(1000,[168,180,216,230,233,464,517,542,626,633,642,782,804,837,854,866,876,912,958,969],[2.661258039595451,3.8187108282864943,3.172083663361442,0.6871770135734415,0.667530016189645,3.125563647726549,0.6753425559264385,2.366458499374806,4.270695952029551,3.577548771469606,4.42484663185681,3.4440173788450834,3.125563647726549,0.691153161953081,3.2208738275308737,2.6902455764687034,3.5085558999826545,0.6832166123573445,4.270695952029551,5.117993812416755])",0.0
R221,"['everyone','town','man','everybody','experts','discuss','ongoing','developments','policy']","(1000,[212,234,235,321,518,560,567,722,995],[0.6753425559264385,2.6902455764687034,3.2721671219184243,0.667530016189645,4.270695952029551,3.0385522707369192,0.6792718340663283,4.019381523748645,0.691153161953081])",1.0
R173,"['hospital','protect','worker','inside','bring','three','experts','discuss','ongoing','developments','climate','change']","(1000,[87,189,212,321,413,440,542,567,625,702,819,995],[2.8154087194227095,3.2721671219184243,0.6753425559264385,0.667530016189645,4.137164559405029,3.0811118851557153,2.366458499374806,0.6792718340663283,2.849310271098391,3.914021008090819,2.958509563063383,0.691153161953081])",1.0
F249,"['talk','simple','institution','type','prove','—','shocking','claims','immortal','jellyfish','surface','internet']","(1000,[29,190,230,233,321,450,517,605,700,837,883,912],[2.6902455764687034,3.3262343431887,0.6871770135734415,0.667530016189645,0.667530016189645,4.830311739964974,0.6753425559264385,2.7508701982851385,4.137164559405029,0.691153161953081,2.997730276216664,0.6832166123573445])",0.0
F112,"['language','campaign','reason','simple','social','but','look','measure','oil','however','use','sell','—','shocking','claims','government','cover-up','surface','internet']","(1000,[8,36,146,220,230,233,433,517,542,600,687,767,816,837,866,883,912,943,946],[5.523458920524919,4.137164559405029,4.607168188650764,4.019381523748645,0.6871770135734415,0.667530016189645,3.2208738275308737,0.6753425559264385,2.366458499374806,3.914021008090819,3.5085558999826545,3.7316994512968646,4.270695952029551,0.691153161953081,2.6902455764687034,2.997730276216664,0.6832166123573445,4.607168188650764,3.4440173788450834])",0.0
R058,"['person','child','throw','protect','church','shoulder','particularly','office','property','act','land','speak','happy','everybody','anything','pay','experts','discuss','ongoing','developments','budget','report']","(1000,[14,90,106,114,121,212,311,321,534,555,559,560,567,607,686,781,798,819,876,890,995],[4.42484663185681,3.125563647726549,2.661258039595451,4.42484663185681,3.914021008090819,0.6753425559264385,3.5085558999826545,0.667530016189645,6.888034757690167,2.3045830956567186,4.137164559405029,3.0385522707369192,0.6792718340663283,3.7316994512968646,4.137164559405029,3.8187108282864943,3.0385522707369192,2.958509563063383,3.5085558999826545,4.137164559405029,0.691153161953081])",1.0
R159,"['ball','cell','improve','give','student','social','apply','test','rest','foot','late','guess','draw','experts','discuss','ongoing','developments','economic','growth']","(1000,[157,182,189,212,237,246,316,321,352,520,535,542,553,567,600,637,788,976,995],[2.997730276216664,3.7316994512968646,3.2721671219184243,0.6753425559264385,3.8187108282864943,3.2208738275308737,3.5085558999826545,0.667530016189645,3.8187108282864943,3.4440173788450834,2.6902455764687034,2.366458499374806,2.920769235080536,0.6792718340663283,3.914021008090819,4.137164559405029,3.6516567436233283,3.914021008090819,0.691153161953081])",1.0
R029,"['like','whatever','commercial','reach','book','far','city','big','player','experts','discuss','ongoing','developments','economic','growth']","(1000,[32,115,142,212,239,321,501,535,553,567,743,800,906,995,998],[3.4440173788450834,3.8187108282864943,3.8187108282864943,0.6753425559264385,5.117993812416755,0.667530016189645,3.8187108282864943,2.6902455764687034,2.920769235080536,0.6792718340663283,3.577548771469606,3.8187108282864943,3.8187108282864943,0.691153161953081,4.137164559405029])",1.0
R126,"['commercial','interest','possible','either','painting','federal','threat','table','relate','character','summer','development','buy','hot','character','keep','step','experts','discuss','ongoing','developments','research']","(1000,[24,63,67,116,168,212,279,321,394,410,446,447,542,555,567,596,601,617,723,778,995],[3.125563647726549,3.7316994512968646,2.7826188965997183,3.3262343431887,2.661258039595451,0.6753425559264385,2.997730276216664,0.667530016189645,7.828042016181638,4.270695952029551,3.5085558999826545,2.8844015909096608,2.366458499374806,2.3045830956567186,0.6792718340663283,4.137164559405029,4.137164559405029,3.125563647726549,3.8187108282864943,3.6516567436233283,0.691153161953081])",1.0
R132,"['miss','door','analysis','box','face','pm','mouth','experts','discuss','ongoing','developments','education']","(1000,[201,212,321,327,475,528,567,627,708,784,790,995],[3.577548771469606,0.6753425559264385,0.667530016189645,2.5277266469709283,3.4440173788450834,4.830311739964974,0.6792718340663283,4.830311739964974,3.3262343431887,2.958509563063383,3.5085558999826545,0.691153161953081])",1.0
R025,"['case','develop','somebody','attack','voice','ready','wonder','prove','spring','trouble','air','college','hope','personal','stand','fire','ahead','use','bed','experts','discuss','ongoing','developments','election']","(1000,[4,34,162,173,190,200,212,242,303,321,344,395,408,527,567,580,609,740,767,811,840,942,995],[3.914021008090819,4.830311739964974,3.914021008090819,3.577548771469606,6.6524686863774,3.914021008090819,0.6753425559264385,2.8844015909096608,3.172083663361442,0.667530016189645,3.4440173788450834,3.914021008090819,3.5085558999826545,3.2208738275308737,0.6792718340663283,2.997730276216664,3.914021008090819,3.577548771469606,3.7316994512968646,2.5277266469709283,3.6516567436233283,4.270695952029551,0.691153161953081])",1.0
F214,"['without','use','responsibility','still','military','street','beat','evening','local','according','drug','check','present','manager','area','maybe','line','news','effort','—','shocking','claims','secret','cure','surface','internet']","(1000,[23,25,140,180,207,230,233,243,316,324,336,396,452,466,517,633,665,667,710,748,767,837,843,912,928,945],[3.7316994512968646,3.7316994512968646,2.38796470459577,3.8187108282864943,4.42484663185681,0.6871770135734415,0.667530016189645,3.8187108282864943,3.5085558999826545,3.4440173788450834,3.577548771469606,2.5530444549552183,3.2208738275308737,3.172083663361442,0.6753425559264385,3.577548771469606,2.7826188965997183,3.4440173788450834,4.270695952029551,3.914021008090819,3.7316994512968646,0.691153161953081,3.6516567436233283,0.6832166123573445,3.8187108282864943,3.914021008090819])",0.0
R177,"['control','run','response','cost','crime','address','sort','mission','challenge','yes','officer','development','kid','customer','another','beyond','approach','experts','discuss','ongoing','developments','policy']","(1000,[67,139,157,174,212,233,234,303,310,321,371,442,567,584,591,703,746,755,788,915,949,995],[2.7826188965997183,3.577548771469606,2.997730276216664,3.4440173788450834,0.6753425559264385,0.667530016189645,2.6902455764687034,3.172083663361442,2.5530444549552183,0.667530016189645,4.830311739964974,3.577548771469606,0.6792718340663283,3.8187108282864943,4.270695952029551,4.019381523748645,3.2721671219184243,4.42484663185681,3.6516567436233283,3.125563647726549,3.5085558999826545,0.691153161953081])",1.0
R196,"['trade','run','picture','establish','part','account','ask','look','experts','discuss','ongoing','developments','budget','report']","(1000,[93,106,212,233,321,374,555,567,781,816,833,854,979,995],[3.172083663361442,2.661258039595451,0.6753425559264385,0.667530016189645,0.667530016189645,3.7316994512968646,2.3045830956567186,0.6792718340663283,3.8187108282864943,4.270695952029551,3.383392757028649,3.2208738275308737,4.607168188650764,0.691153161953081])",1.0
R135,"['seek','push','culture','arrive','special','official','either','morning','opportunity','sing','experts','discuss','ongoing','developments','budget','report']","(1000,[81,106,143,212,216,321,352,542,555,567,583,598,743,822,938,995],[3.172083663361442,2.661258039595451,3.6516567436233283,0.6753425559264385,3.172083663361442,0.667530016189645,3.8187108282864943,2.366458499374806,2.3045830956567186,0.6792718340663283,4.42484663185681,5.117993812416755,3.577548771469606,4.137164559405029,2.455405985391302,0.691153161953081])",1.0
F152,"['ten','different','floor','process','sound','class','theory','guess','turn','watch','morning','mother','better','rather','activity','explain','fly','effort','relationship','—','shocking','claims','government','cover-up','surface','internet']","(1000,[65,75,81,154,230,233,301,352,358,359,374,517,542,544,564,583,667,831,837,866,875,883,907,912,921],[3.8187108282864943,4.270695952029551,3.172083663361442,4.137164559405029,0.6871770135734415,0.667530016189645,3.2208738275308737,3.8187108282864943,4.019381523748645,4.270695952029551,3.7316994512968646,0.6753425559264385,2.366458499374806,3.8187108282864943,3.914021008090819,4.42484663185681,6.888034757690167,3.4440173788450834,0.691153161953081,2.6902455764687034,2.997730276216664,2.997730276216664,3.6516567436233283,0.6832166123573445,3.125563647726549])",0.0
F180,"['officer','level','republican','second','young','share','year','game','administration','skill','late','leader','per','specific','sound','third','smile','history','participant','win','month','—','shocking','claims','secret','cure','surface','internet']","(1000,[58,96,140,144,154,157,230,233,294,297,316,334,343,396,399,477,517,571,615,617,638,659,666,837,909,912,919,941],[4.019381523748645,3.7316994512968646,2.38796470459577,3.383392757028649,4.137164559405029,2.997730276216664,0.6871770135734415,0.667530016189645,3.914021008090819,3.125563647726549,3.5085558999826545,4.270695952029551,4.137164559405029,2.5530444549552183,4.019381523748645,3.914021008090819,0.6753425559264385,3.914021008090819,3.914021008090819,3.125563647726549,3.7316994512968646,5.523458920524919,4.019381523748645,0.691153161953081,3.914021008090819,0.6832166123573445,4.137164559405029,3.914021008090819])",0.0
F003,"['energy','result','begin','energy','way','kind','simple','recent','dark','cut','chair','ok','buy','—','shocking','claims','secret','cure','surface','internet']","(1000,[24,50,140,194,230,233,263,274,286,292,379,396,517,554,556,694,837,854,883,912],[3.125563647726549,3.8187108282864943,2.38796470459577,2.8844015909096608,0.6871770135734415,0.667530016189645,5.117993812416755,3.8187108282864943,3.383392757028649,4.607168188650764,3.7316994512968646,2.5530444549552183,0.6753425559264385,4.137164559405029,4.137164559405029,3.383392757028649,0.691153161953081,3.2208738275308737,2.997730276216664,0.6832166123573445])",0.0
F244,"['recent','network','yes','image','listen','item','record','american','early','—','shocking','claims','celebrity','scandal','surface','internet']","(1000,[61,92,230,233,297,300,466,517,676,753,811,837,912,932,940,949],[4.019381523748645,4.019381523748645,0.6871770135734415,0.667530016189645,3.125563647726549,3.8187108282864943,3.172083663361442,0.6753425559264385,4.607168188650764,4.137164559405029,2.5277266469709283,0.691153161953081,0.6832166123573445,2.849310271098391,4.137164559405029,3.5085558999826545])",0.0
F194,"['also','offer','open','movie','general','current','—','shocking','claims','immortal','jellyfish','surface','internet']","(1000,[29,89,119,230,233,247,517,605,730,740,837,848,912],[2.6902455764687034,3.577548771469606,3.3262343431887,0.6871770135734415,0.667530016189645,3.577548771469606,0.6753425559264385,2.7508701982851385,4.607168188650764,3.577548771469606,0.691153161953081,4.270695952029551,0.6832166123573445])",0.0
R044,"['wear','heavy','company','every','until','experts','discuss','ongoing','developments','policy']","(1000,[139,149,212,234,321,478,550,567,685,995],[3.577548771469606,3.7316994512968646,0.6753425559264385,2.6902455764687034,0.667530016189645,3.5085558999826545,3.3262343431887,0.6792718340663283,3.7316994512968646,0.691153161953081])",1.0
R141,"['leader','true','structure','pick','six','ground','training','experts','discuss','ongoing','developments','economic','growth']","(1000,[77,90,138,212,287,321,535,553,567,580,680,921,995],[3.577548771469606,3.125563647726549,4.607168188650764,0.6753425559264385,5.117993812416755,0.667530016189645,2.6902455764687034,2.920769235080536,0.6792718340663283,2.997730276216664,3.6516567436233283,3.125563647726549,0.691153161953081])",1.0
R188,"['edge','red','party','leave','cold','stuff','hear','reflect','oil','whether','two','experts','discuss','ongoing','developments','climate','change']","(1000,[87,94,162,212,220,288,301,321,405,408,531,567,586,625,678,952,995],[2.8154087194227095,4.137164559405029,3.914021008090819,0.6753425559264385,4.019381523748645,2.920769235080536,3.2208738275308737,0.667530016189645,3.914021008090819,3.5085558999826545,3.2208738275308737,0.6792718340663283,3.7316994512968646,2.849310271098391,4.270695952029551,4.42484663185681,0.691153161953081])",1.0
F010,"['allow','yet','protect','style','effect','table','lot','gun','bad','inside','statement','drug','understand','event','—','shocking','claims','aliens','surface','internet']","(1000,[189,230,233,283,286,421,429,497,517,585,601,665,718,819,837,851,852,912,929,962],[3.2721671219184243,0.6871770135734415,0.667530016189645,3.6516567436233283,3.383392757028649,3.383392757028649,3.4440173788450834,3.2721671219184243,0.6753425559264385,4.137164559405029,4.137164559405029,2.7826188965997183,3.914021008090819,2.958509563063383,0.691153161953081,3.4440173788450834,5.523458920524919,0.6832166123573445,2.920769235080536,3.172083663361442])",0.0
R106,"['day','step','situation','quickly','everybody','day','star','western','tough','seat','receive','cover','experts','discuss','ongoing','developments','economic','growth']","(1000,[7,29,117,168,196,212,321,357,383,535,553,560,567,611,840,938,981,995],[3.6516567436233283,2.6902455764687034,4.42484663185681,2.661258039595451,4.42484663185681,0.6753425559264385,0.667530016189645,3.2721671219184243,2.345405090176974,2.6902455764687034,2.920769235080536,3.0385522707369192,0.6792718340663283,3.7316994512968646,3.6516567436233283,2.455405985391302,2.997730276216664,0.691153161953081])",1.0
R049,"['cell','player','current','ahead','hit','experts','discuss','ongoing','developments','research']","(1000,[162,212,247,321,447,567,784,889,995,998],[3.914021008090819,0.6753425559264385,3.577548771469606,0.667530016189645,2.8844015909096608,0.6792718340663283,2.958509563063383,3.577548771469606,0.691153161953081,4.137164559405029])",1.0
R144,"['approach','event','religious','bring','first','better','treat','environment','add','great','experts','discuss','ongoing','developments','budget','report']","(1000,[106,211,212,275,321,417,440,555,567,588,634,718,915,921,949,995],[2.661258039595451,4.42484663185681,0.6753425559264385,4.607168188650764,0.667530016189645,4.270695952029551,3.0811118851557153,2.3045830956567186,0.6792718340663283,3.8187108282864943,3.914021008090819,3.914021008090819,3.125563647726549,3.125563647726549,3.5085558999826545,0.691153161953081])",1.0
F199,"['threat','behavior','respond','save','citizen','theory','commercial','page','seem','—','shocking','claims','celebrity','scandal','surface','internet']","(1000,[186,230,233,337,372,415,492,517,667,699,800,811,837,885,912,932],[5.117993812416755,0.6871770135734415,0.667530016189645,3.914021008090819,4.42484663185681,3.577548771469606,4.137164559405029,0.6753425559264385,3.4440173788450834,3.7316994512968646,3.8187108282864943,2.5277266469709283,0.691153161953081,3.125563647726549,0.6832166123573445,2.849310271098391])",0.0
F215,"['consider','arrive','material','city','together','source','chance','look','question','part','beyond','human','attack','about','—','shocking','claims','secret','cure','surface','internet']","(1000,[47,86,93,139,140,143,230,233,344,396,517,573,622,648,760,798,816,837,840,906,912],[3.2208738275308737,3.383392757028649,3.172083663361442,3.577548771469606,2.38796470459577,3.6516567436233283,0.6871770135734415,0.667530016189645,3.4440173788450834,2.5530444549552183,0.6753425559264385,4.830311739964974,4.137164559405029,3.4440173788450834,3.8187108282864943,3.0385522707369192,4.270695952029551,0.691153161953081,3.6516567436233283,3.8187108282864943,0.6832166123573445])",0.0
R176,"['position','study','small','congress','make','anyone','house','room','movement','kid','peace','worry','economy','stop','rich','among','laugh','appear','experts','discuss','ongoing','developments','economic','growth']","(1000,[67,129,181,212,223,271,289,303,321,340,414,469,475,497,535,553,567,576,590,818,902,995],[2.7826188965997183,3.914021008090819,4.270695952029551,0.6753425559264385,4.137164559405029,4.270695952029551,3.914021008090819,3.172083663361442,0.667530016189645,4.607168188650764,3.914021008090819,6.441747655061747,3.4440173788450834,6.544334243836849,2.6902455764687034,2.920769235080536,0.6792718340663283,3.577548771469606,4.137164559405029,3.914021008090819,3.8187108282864943,0.691153161953081])",1.0
F105,"['letter','despite','simple','people','establish','western','expert','building','site','—','shocking','claims','hoax','surface','internet']","(1000,[24,230,233,249,464,468,472,504,517,549,837,854,883,912,938],[3.125563647726549,0.6871770135734415,0.667530016189645,3.7316994512968646,3.125563647726549,2.246314187532743,4.42484663185681,4.019381523748645,0.6753425559264385,2.920769235080536,0.691153161953081,3.2208738275308737,2.997730276216664,0.6832166123573445,2.455405985391302])",0.0
F031,"['science','data','doctor','suffer','onto','hard','game','significant','surface','health','to','still','ability','different','boy','wind','two','recognize','great','sport','owner','debate','station','event','—','shocking','claims','miracle','drug','surface','internet']","(1000,[173,197,230,233,324,453,508,517,520,580,612,613,615,632,639,663,665,678,707,718,831,837,856,895,897,904,912,915,946,989],[3.577548771469606,4.019381523748645,1.374354027146883,0.667530016189645,3.4440173788450834,3.2208738275308737,3.8187108282864943,0.6753425559264385,3.4440173788450834,2.997730276216664,3.2721671219184243,2.997730276216664,3.914021008090819,4.42484663185681,3.125563647726549,3.6516567436233283,2.7826188965997183,4.270695952029551,4.607168188650764,3.914021008090819,3.4440173788450834,0.691153161953081,4.137164559405029,3.577548771469606,3.914021008090819,4.42484663185681,0.6832166123573445,3.125563647726549,3.4440173788450834,4.42484663185681])",0.0
R206,"['question','strong','fall','peace','experts','discuss','ongoing','developments','research']","(1000,[77,212,321,447,466,479,567,818,995],[3.577548771469606,0.6753425559264385,0.667530016189645,2.8844015909096608,3.172083663361442,3.6516567436233283,0.6792718340663283,3.914021008090819,0.691153161953081])",1.0
F238,"['thank','music','value','put','history','interview','customer','clear','result','husband','throughout','determine','call','behind','determine','financial','water','—','shocking','claims','secret','cure','surface','internet']","(1000,[12,17,56,82,97,101,140,230,233,288,316,396,517,556,559,660,702,768,837,903,912,915,981],[4.830311739964974,2.958509563063383,9.214336377301528,3.383392757028649,3.7316994512968646,4.019381523748645,2.38796470459577,0.6871770135734415,0.667530016189645,2.920769235080536,3.5085558999826545,2.5530444549552183,0.6753425559264385,4.137164559405029,4.137164559405029,4.830311739964974,3.914021008090819,4.42484663185681,0.691153161953081,3.6516567436233283,0.6832166123573445,3.125563647726549,2.997730276216664])",0.0
R027,"['reason','beat','month','indicate','whether','check','keep','school','film','marriage','bring','lot','experts','discuss','ongoing','developments','climate','change']","(1000,[60,87,212,234,279,288,316,321,348,408,421,440,567,617,625,748,824,995],[4.830311739964974,2.8154087194227095,0.6753425559264385,2.6902455764687034,2.997730276216664,2.920769235080536,3.5085558999826545,0.667530016189645,3.8187108282864943,3.5085558999826545,3.383392757028649,3.0811118851557153,0.6792718340663283,3.125563647726549,2.849310271098391,3.914021008090819,3.7316994512968646,0.691153161953081])",1.0
F169,"['speak','area','might','admit','identify','easy','result','staff','civil','impact','student','effort','whole','together','produce','its','—','shocking','claims','government','cover-up','surface','internet']","(1000,[7,222,230,233,241,266,271,306,455,466,517,521,542,556,560,648,667,706,788,837,866,912,974],[3.6516567436233283,3.3262343431887,0.6871770135734415,0.667530016189645,3.5085558999826545,4.42484663185681,4.270695952029551,4.019381523748645,3.2721671219184243,3.172083663361442,0.6753425559264385,3.914021008090819,2.366458499374806,4.137164559405029,3.0385522707369192,3.4440173788450834,3.4440173788450834,4.830311739964974,3.6516567436233283,0.691153161953081,2.6902455764687034,0.6832166123573445,3.3262343431887])",0.0
F208,"['something','tree','pretty','environment','option','security','improve','them','—','shocking','claims','aliens','surface','internet']","(1000,[230,233,241,246,275,276,288,517,644,698,835,837,912,929],[0.6871770135734415,0.667530016189645,3.5085558999826545,3.2208738275308737,4.607168188650764,4.270695952029551,2.920769235080536,0.6753425559264385,4.830311739964974,3.2208738275308737,4.019381523748645,0.691153161953081,0.6832166123573445,2.920769235080536])",0.0
F212,"['direction','may','information','heart','pull','hit','town','wrong','cause','thousand','democrat','food','guy','professional','claim','scientist','law','fact','cell','—','shocking','claims','miracle','drug','surface','internet']","(1000,[90,125,132,157,201,216,230,233,235,288,468,479,517,520,567,613,639,665,761,775,784,837,841,885,912],[3.125563647726549,3.383392757028649,4.137164559405029,2.997730276216664,3.577548771469606,3.172083663361442,0.6871770135734415,0.667530016189645,6.544334243836849,2.920769235080536,2.246314187532743,3.6516567436233283,0.6753425559264385,3.4440173788450834,0.6792718340663283,2.997730276216664,3.125563647726549,2.7826188965997183,3.2721671219184243,2.997730276216664,2.958509563063383,0.691153161953081,4.42484663185681,3.125563647726549,0.6832166123573445])",0.0
F032,"['stuff','style','toward','positive','station','benefit','south','special','end','authority','—','shocking','claims','hoax','surface','internet']","(1000,[62,105,116,230,233,347,455,468,508,517,829,837,851,857,912,938],[3.914021008090819,3.7316994512968646,3.3262343431887,0.6871770135734415,0.667530016189645,4.607168188650764,3.2721671219184243,2.246314187532743,3.8187108282864943,0.6753425559264385,2.8154087194227095,0.691153161953081,3.4440173788450834,3.914021008090819,0.6832166123573445,2.455405985391302])",0.0
F109,"['friend','start','call','protect','important','teach','serious','near','—','shocking','claims','hoax','surface','internet']","(1000,[52,230,233,453,468,517,606,623,819,837,875,912,981],[4.607168188650764,0.6871770135734415,0.667530016189645,3.2208738275308737,2.246314187532743,0.6753425559264385,4.137164559405029,4.137164559405029,2.958509563063383,0.691153161953081,2.997730276216664,0.6832166123573445,5.995460552433328])",0.0
R111,"['debate','order','perhaps','per','must','story','family','individual','assume','defense','matter','else','third','unit','experts','discuss','ongoing','developments','policy']","(1000,[178,184,212,227,234,308,321,496,512,529,567,569,572,673,685,909,919,995,999],[3.6516567436233283,4.137164559405029,0.6753425559264385,3.914021008090819,2.6902455764687034,3.914021008090819,0.667530016189645,4.137164559405029,4.019381523748645,3.2208738275308737,0.6792718340663283,3.914021008090819,3.6516567436233283,3.3262343431887,3.7316994512968646,3.914021008090819,4.137164559405029,0.691153161953081,3.914021008090819])",1.0
F078,"['nature','painting','beyond','protect','image','bar','first','board','because','protect','behind','prepare','dream','guy','specific','control','might','—','shocking','claims','aliens','surface','internet']","(1000,[119,139,144,222,225,230,233,429,466,517,617,702,731,761,770,819,837,895,912,929,938,949],[3.3262343431887,3.577548771469606,3.383392757028649,3.3262343431887,3.8187108282864943,0.6871770135734415,0.667530016189645,3.4440173788450834,3.172083663361442,0.6753425559264385,3.125563647726549,3.914021008090819,4.137164559405029,3.2721671219184243,4.019381523748645,5.917019126126766,0.691153161953081,3.577548771469606,0.6832166123573445,2.920769235080536,2.455405985391302,3.5085558999826545])",0.0
R105,"['shake','hand','begin','plant','soldier','situation','nearly','fund','experts','discuss','ongoing','developments','budget','report']","(1000,[50,106,196,212,256,264,321,363,555,567,607,796,853,995],[3.8187108282864943,2.661258039595451,4.42484663185681,0.6753425559264385,3.383392757028649,3.125563647726549,0.667530016189645,4.42484663185681,2.3045830956567186,0.6792718340663283,3.7316994512968646,5.117993812416755,4.137164559405029,0.691153161953081])",1.0
F196,"['tough','national','life','popular','send','station','bed','hot','buy','career','—','shocking','claims','government','cover-up','surface','internet']","(1000,[24,151,200,230,233,368,499,508,517,542,696,778,803,837,866,912,997],[3.125563647726549,3.8187108282864943,3.914021008090819,0.6871770135734415,0.667530016189645,4.137164559405029,4.270695952029551,3.8187108282864943,0.6753425559264385,2.366458499374806,4.607168188650764,3.6516567436233283,3.7316994512968646,0.691153161953081,2.6902455764687034,0.6832166123573445,3.8187108282864943])",0.0
F118,"['end','travel','front','approach','relationship','three','citizen','walk','focus','economic','many','either','region','despite','drug','local','particular','establish','ago','dream','side','—','shocking','claims','immortal','jellyfish','surface','internet']","(1000,[15,21,29,32,57,65,225,230,233,314,360,372,413,464,517,535,542,561,605,612,665,681,703,710,836,837,854,912],[4.137164559405029,3.383392757028649,2.6902455764687034,3.4440173788450834,4.137164559405029,3.8187108282864943,3.8187108282864943,0.6871770135734415,0.667530016189645,4.019381523748645,4.137164559405029,4.42484663185681,4.137164559405029,3.125563647726549,0.6753425559264385,2.6902455764687034,2.366458499374806,3.383392757028649,2.7508701982851385,3.2721671219184243,2.7826188965997183,4.137164559405029,4.019381523748645,4.270695952029551,4.607168188650764,0.691153161953081,3.2208738275308737,0.6832166123573445])",0.0
F077,"['better','pattern','analysis','dark','grow','practice','city','body','prove','possible','raise','—','shocking','claims','secret','cure','surface','internet']","(1000,[17,63,140,190,194,230,233,260,336,396,429,517,656,787,790,837,906,912],[2.958509563063383,3.7316994512968646,2.38796470459577,3.3262343431887,2.8844015909096608,0.6871770135734415,0.667530016189645,3.7316994512968646,3.577548771469606,2.5530444549552183,3.4440173788450834,0.6753425559264385,4.42484663185681,4.270695952029551,3.5085558999826545,0.691153161953081,3.8187108282864943,0.6832166123573445])",0.0
F070,"['population','strong','experience','professional','visit','born','though','wrong','far','statement','pattern','result','page','economy','spring','account','hot','safe','memory','—','shocking','claims','government','cover-up','surface','internet']","(1000,[32,216,230,233,252,260,302,414,466,492,517,542,556,577,585,609,613,690,709,778,833,837,866,871,912,948],[3.4440173788450834,3.172083663361442,0.6871770135734415,0.667530016189645,2.997730276216664,3.7316994512968646,4.019381523748645,3.914021008090819,3.172083663361442,4.137164559405029,0.6753425559264385,2.366458499374806,4.137164559405029,2.920769235080536,4.137164559405029,3.914021008090819,2.997730276216664,3.2721671219184243,4.42484663185681,3.6516567436233283,3.383392757028649,0.691153161953081,2.6902455764687034,3.5085558999826545,0.6832166123573445,3.577548771469606])",0.0
F041,"['lose','true','begin','red','issue','fish','couple','society','next','cup','hundred','perform','short','task','defense','they','—','shocking','claims','immortal','jellyfish','surface','internet']","(1000,[21,29,50,90,158,169,178,222,230,233,288,297,448,452,460,517,527,605,833,837,912],[3.383392757028649,2.6902455764687034,3.8187108282864943,3.125563647726549,3.577548771469606,4.270695952029551,3.6516567436233283,3.3262343431887,0.6871770135734415,0.667530016189645,2.920769235080536,3.125563647726549,3.383392757028649,6.441747655061747,4.019381523748645,0.6753425559264385,3.2208738275308737,2.7508701982851385,3.383392757028649,0.691153161953081,1.366433224714689])",0.0
R026,"['action','visit','effect','defense','church','her','leave','return','business','model','especially','blue','experts','discuss','ongoing','developments','policy']","(1000,[94,178,212,234,264,280,283,321,567,602,673,690,798,804,871,962,995],[4.137164559405029,3.6516567436233283,0.6753425559264385,2.6902455764687034,3.125563647726549,4.830311739964974,3.6516567436233283,0.667530016189645,0.6792718340663283,3.7316994512968646,3.3262343431887,3.2721671219184243,3.0385522707369192,3.125563647726549,3.5085558999826545,3.172083663361442,0.691153161953081])",1.0
R207,"['service','become','gas','name','provide','dream','really','example','strategy','recent','experts','discuss','ongoing','developments','policy']","(1000,[212,225,234,279,321,348,486,567,648,694,805,820,922,995],[0.6753425559264385,3.8187108282864943,2.6902455764687034,2.997730276216664,0.667530016189645,3.8187108282864943,3.8187108282864943,0.6792718340663283,3.4440173788450834,6.766785514057298,4.42484663185681,3.383392757028649,3.7316994512968646,0.691153161953081])",1.0
F163,"['audience','peace','small','bad','staff','traditional','federal','certainly','south','value','gun','society','behind','action','open','practice','surface','—','shocking','claims','secret','cure','surface','internet']","(1000,[89,105,140,230,233,286,396,429,446,455,460,469,517,702,743,787,818,829,837,873,903,912],[3.577548771469606,3.7316994512968646,2.38796470459577,1.374354027146883,1.33506003237929,3.383392757028649,2.5530444549552183,3.4440173788450834,3.5085558999826545,3.2721671219184243,4.019381523748645,3.2208738275308737,0.6753425559264385,3.914021008090819,3.577548771469606,4.270695952029551,3.914021008090819,2.8154087194227095,0.691153161953081,2.60568818844064,3.6516567436233283,0.6832166123573445])",0.0
F171,"['key','ahead','special','without','worry','buy','cup','million','development','pass','case','painting','tend','choose','—','shocking','claims','government','cover-up','surface','internet']","(1000,[10,24,51,67,162,168,230,233,252,297,468,497,517,542,617,837,847,866,912,931,938],[4.019381523748645,3.125563647726549,3.8187108282864943,2.7826188965997183,3.914021008090819,2.661258039595451,0.6871770135734415,0.667530016189645,2.997730276216664,3.125563647726549,2.246314187532743,3.2721671219184243,0.6753425559264385,2.366458499374806,3.125563647726549,0.691153161953081,4.270695952029551,2.6902455764687034,0.6832166123573445,3.8187108282864943,2.455405985391302])",0.0
F139,"['open','power','eat','development','state','follow','score','participant','night','give','wear','land','service','serious','appear','worker','protect','artist','majority','religious','—','shocking','claims','immortal','jellyfish','surface','internet']","(1000,[29,67,77,119,148,182,230,233,404,420,453,497,517,519,527,542,550,588,605,638,782,819,829,837,876,912,940],[2.6902455764687034,2.7826188965997183,3.577548771469606,3.3262343431887,3.6516567436233283,3.7316994512968646,0.6871770135734415,0.667530016189645,3.914021008090819,3.172083663361442,3.2208738275308737,3.2721671219184243,0.6753425559264385,4.42484663185681,3.2208738275308737,2.366458499374806,3.3262343431887,3.8187108282864943,2.7508701982851385,3.7316994512968646,3.4440173788450834,2.958509563063383,2.8154087194227095,0.691153161953081,3.5085558999826545,0.6832166123573445,4.137164559405029])",0.0
F120,"['news','long','board','beyond','check','wish','process','common','language','current','despite','color','before','—','shocking','claims','miracle','drug','surface','internet']","(1000,[27,119,139,194,230,233,247,257,316,344,464,517,520,639,652,665,801,837,883,912],[3.2721671219184243,3.3262343431887,3.577548771469606,2.8844015909096608,0.6871770135734415,0.667530016189645,3.577548771469606,4.270695952029551,3.5085558999826545,3.4440173788450834,3.125563647726549,0.6753425559264385,3.4440173788450834,3.125563647726549,4.270695952029551,2.7826188965997183,4.42484663185681,0.691153161953081,2.997730276216664,0.6832166123573445])",0.0
F146,"['later','however','save','win','discover','price','performance','accept','recognize','—','shocking','claims','mind','control','surface','internet']","(1000,[58,78,81,197,230,233,310,337,517,572,837,912,938,943,966,971],[4.019381523748645,3.8187108282864943,3.172083663361442,4.019381523748645,0.6871770135734415,0.667530016189645,2.5530444549552183,3.914021008090819,0.6753425559264385,3.6516567436233283,0.691153161953081,0.6832166123573445,2.455405985391302,4.607168188650764,3.4440173788450834,4.42484663185681])",0.0
R115,"['check','smile','involve','box','successful','thought','others','risk','office','ball','close','watch','unit','western','mother','quality','trouble','decision','bring','raise','space','congress','experts','discuss','ongoing','developments','research']","(1000,[7,36,148,184,212,223,295,311,321,323,336,403,440,447,475,544,567,571,580,722,823,875,879,938,939,942,995],[3.6516567436233283,4.137164559405029,3.6516567436233283,4.137164559405029,0.6753425559264385,4.137164559405029,4.270695952029551,3.5085558999826545,0.667530016189645,5.117993812416755,3.577548771469606,3.3262343431887,3.0811118851557153,2.8844015909096608,3.4440173788450834,3.8187108282864943,0.6792718340663283,3.914021008090819,2.997730276216664,4.019381523748645,3.577548771469606,2.997730276216664,4.019381523748645,2.455405985391302,4.607168188650764,4.270695952029551,0.691153161953081])",1.0
F039,"['return','loss','focus','two','need','others','quickly','lose','long','sometimes','save','—','shocking','claims','aliens','surface','internet']","(1000,[194,230,232,233,337,383,517,579,613,678,836,837,845,879,912,929,961],[2.8844015909096608,0.6871770135734415,4.137164559405029,0.667530016189645,3.914021008090819,2.345405090176974,0.6753425559264385,4.42484663185681,2.997730276216664,4.270695952029551,4.607168188650764,0.691153161953081,4.607168188650764,4.019381523748645,0.6832166123573445,2.920769235080536,3.577548771469606])",0.0
F225,"['act','reach','training','health','successful','deal','choose','successful','republican','speech','approach','opportunity','personal','agent','build','choose','space','—','shocking','claims','hoax','surface','internet']","(1000,[10,115,144,148,230,233,285,295,449,457,468,469,477,517,703,707,811,822,837,912,921],[8.03876304749729,3.8187108282864943,3.383392757028649,3.6516567436233283,0.6871770135734415,0.667530016189645,3.3262343431887,8.541391904059102,4.42484663185681,4.830311739964974,2.246314187532743,3.2208738275308737,3.914021008090819,0.6753425559264385,4.019381523748645,4.607168188650764,2.5277266469709283,4.137164559405029,0.691153161953081,0.6832166123573445,3.125563647726549])",0.0
F140,"['consumer','much','white','edge','treat','recognize','partner','else','drug','great','young','sell','law','—','shocking','claims','aliens','surface','internet']","(1000,[132,197,230,233,415,446,517,572,634,665,799,837,905,912,915,929,941,946,997],[4.137164559405029,4.019381523748645,0.6871770135734415,0.667530016189645,3.577548771469606,3.5085558999826545,0.6753425559264385,3.6516567436233283,3.914021008090819,2.7826188965997183,3.914021008090819,0.691153161953081,4.270695952029551,0.6832166123573445,3.125563647726549,2.920769235080536,3.914021008090819,3.4440173788450834,3.8187108282864943])",0.0
F122,"['learn','heavy','trial','usually','land','young','cell','color','occur','move','really','understand','seek','either','child','provide','—','shocking','claims','mind','control','surface','internet']","(1000,[14,38,149,172,230,232,233,283,310,344,517,520,542,734,770,805,820,837,873,876,912,938,941],[4.42484663185681,3.8187108282864943,3.7316994512968646,4.830311739964974,0.6871770135734415,4.137164559405029,0.667530016189645,3.6516567436233283,2.5530444549552183,3.4440173788450834,0.6753425559264385,3.4440173788450834,2.366458499374806,4.137164559405029,4.019381523748645,4.42484663185681,3.383392757028649,0.691153161953081,2.60568818844064,3.5085558999826545,0.6832166123573445,2.455405985391302,3.914021008090819])",0.0
R070,"['performance','republican','idea','us','us','born','type','support','science','act','few','experts','discuss','ongoing','developments','budget','report']","(1000,[106,121,158,180,212,243,247,302,321,477,555,567,700,766,918,995],[2.661258039595451,3.914021008090819,3.577548771469606,3.8187108282864943,0.6753425559264385,3.8187108282864943,3.577548771469606,4.019381523748645,0.667530016189645,3.914021008090819,2.3045830956567186,0.6792718340663283,4.137164559405029,3.8187108282864943,8.84969326371362,0.691153161953081])",1.0
F248,"['write','indicate','avoid','read','include','attorney','hear','hot','pay','protect','pattern','memory','figure','suffer','home','audience','under','—','shocking','claims','celebrity','scandal','surface','internet']","(1000,[173,183,230,233,260,348,478,517,531,541,577,661,699,723,778,792,811,819,837,890,912,932,948,988],[3.577548771469606,4.137164559405029,0.6871770135734415,0.667530016189645,3.7316994512968646,3.8187108282864943,3.5085558999826545,0.6753425559264385,3.2208738275308737,5.117993812416755,2.920769235080536,4.019381523748645,3.7316994512968646,3.8187108282864943,3.6516567436233283,3.914021008090819,2.5277266469709283,2.958509563063383,0.691153161953081,4.137164559405029,0.6832166123573445,2.849310271098391,3.577548771469606,3.8187108282864943])",0.0
R016,"['room','artist','value','maybe','real','mr','leave','experts','discuss','ongoing','developments','technology','breakthrough']","(1000,[94,119,212,243,321,383,567,599,736,760,838,903,995],[4.137164559405029,3.3262343431887,0.6753425559264385,3.8187108282864943,0.667530016189645,2.345405090176974,0.6792718340663283,2.7200985396183848,4.270695952029551,3.8187108282864943,4.42484663185681,3.6516567436233283,0.691153161953081])",1.0
R148,"['mrs','rather','evidence','painting','magazine','five','detail','read','be','already','drop','save','minute','experts','discuss','ongoing','developments','technology','breakthrough']","(1000,[69,179,212,219,246,321,337,343,358,383,476,567,599,617,677,758,948,963,995],[4.137164559405029,3.914021008090819,0.6753425559264385,4.42484663185681,3.2208738275308737,0.667530016189645,3.914021008090819,4.137164559405029,4.019381523748645,2.345405090176974,3.914021008090819,0.6792718340663283,2.7200985396183848,3.125563647726549,4.019381523748645,3.914021008090819,3.577548771469606,4.019381523748645,0.691153161953081])",1.0
R142,"['available','real','hot','option','man','production','purpose','animal','kind','agency','congress','protect','experts','discuss','ongoing','developments','budget','report']","(1000,[106,212,223,241,252,274,321,451,518,555,567,575,604,736,775,778,819,995],[2.661258039595451,0.6753425559264385,4.137164559405029,3.5085558999826545,2.997730276216664,3.8187108282864943,0.667530016189645,4.830311739964974,4.270695952029551,2.3045830956567186,0.6792718340663283,4.270695952029551,3.914021008090819,4.270695952029551,2.997730276216664,3.6516567436233283,2.958509563063383,0.691153161953081])",1.0
F141,"['indeed','arm','information','society','nice','moment','hour','—','shocking','claims','miracle','drug','surface','internet']","(1000,[90,93,230,233,460,517,555,578,639,665,837,847,877,912],[3.125563647726549,3.172083663361442,0.6871770135734415,0.667530016189645,4.019381523748645,0.6753425559264385,2.3045830956567186,3.914021008090819,3.125563647726549,2.7826188965997183,0.691153161953081,4.270695952029551,3.383392757028649,0.6832166123573445])",0.0
R076,"['government','head','business','professor','item','want','early','room','bad','really','experts','discuss','ongoing','developments','technology','breakthrough']","(1000,[81,92,181,212,286,321,383,488,562,567,584,599,753,804,820,995],[3.172083663361442,4.019381523748645,4.270695952029551,0.6753425559264385,3.383392757028649,0.667530016189645,2.345405090176974,3.6516567436233283,3.914021008090819,0.6792718340663283,3.8187108282864943,2.7200985396183848,4.137164559405029,3.125563647726549,3.383392757028649,0.691153161953081])",1.0
R180,"['single','risk','less','method','girl','finally','hold','inside','where','experts','discuss','ongoing','developments','budget','report']","(1000,[106,189,212,245,321,394,544,555,567,722,877,883,899,966,995],[2.661258039595451,3.2721671219184243,0.6753425559264385,4.42484663185681,0.667530016189645,3.914021008090819,3.8187108282864943,2.3045830956567186,0.6792718340663283,4.019381523748645,3.383392757028649,2.997730276216664,3.914021008090819,3.4440173788450834,0.691153161953081])",1.0
F126,"['congress','floor','hour','interview','read','detail','material','feel','challenge','information','standard','compare','such','—','shocking','claims','aliens','surface','internet']","(1000,[69,90,97,230,233,254,403,420,517,564,580,591,622,837,847,870,912,929,948],[4.137164559405029,3.125563647726549,3.7316994512968646,0.6871770135734415,0.667530016189645,4.830311739964974,3.3262343431887,3.172083663361442,0.6753425559264385,3.914021008090819,2.997730276216664,4.270695952029551,4.137164559405029,0.691153161953081,4.270695952029551,5.117993812416755,0.6832166123573445,2.920769235080536,3.577548771469606])",0.0
R134,"['drug','party','glass','color','set','center','include','course','break','strategy','owner','sing','people','past','last','strategy','way','experts','discuss','ongoing','developments','economic','growth']","(1000,[100,138,212,303,321,344,352,390,405,504,523,535,553,555,567,602,648,790,792,854,897,995],[4.019381523748645,4.607168188650764,0.6753425559264385,3.172083663361442,0.667530016189645,3.4440173788450834,3.8187108282864943,4.270695952029551,3.914021008090819,4.019381523748645,3.4440173788450834,2.6902455764687034,2.920769235080536,2.3045830956567186,0.6792718340663283,3.7316994512968646,6.888034757690167,3.5085558999826545,3.914021008090819,3.2208738275308737,3.914021008090819,0.691153161953081])",1.0
F132,"['campaign','note','sit','common','they','must','wall','job','think','road','religious','former','feel','natural','feeling','past','though','free','—','shocking','claims','mind','control','surface','internet']","(1000,[21,27,46,67,109,227,230,233,252,285,310,484,517,580,588,602,620,837,843,850,912,931,935,938,974],[3.383392757028649,3.2721671219184243,3.8187108282864943,2.7826188965997183,4.019381523748645,3.914021008090819,0.6871770135734415,0.667530016189645,2.997730276216664,3.3262343431887,2.5530444549552183,4.019381523748645,0.6753425559264385,2.997730276216664,3.8187108282864943,3.7316994512968646,3.6516567436233283,0.691153161953081,3.6516567436233283,4.270695952029551,0.6832166123573445,3.8187108282864943,4.42484663185681,2.455405985391302,3.3262343431887])",0.0
F230,"['new','worry','mr','democrat','page','population','notice','certainly','real','choose','reality','real','include','yes','administration','vote','speak','among','seek','report','guy','—','shocking','claims','immortal','jellyfish','surface','internet']","(1000,[10,29,38,96,128,230,233,240,288,492,497,517,534,590,605,736,761,792,812,823,829,837,838,861,912,949,973],[4.019381523748645,2.6902455764687034,3.8187108282864943,3.7316994512968646,3.7316994512968646,0.6871770135734415,0.667530016189645,4.42484663185681,2.920769235080536,4.137164559405029,3.2721671219184243,0.6753425559264385,3.4440173788450834,4.137164559405029,2.7508701982851385,8.541391904059102,3.2721671219184243,3.914021008090819,4.019381523748645,3.577548771469606,2.8154087194227095,0.691153161953081,4.42484663185681,4.137164559405029,0.6832166123573445,3.5085558999826545,4.607168188650764])",0.0
F243,"['blood','impact','hold','war','treat','later','environment','laugh','anyone','every','front','school','soon','over','—','shocking','claims','aliens','surface','internet']","(1000,[15,67,230,233,234,275,291,475,510,517,521,550,576,634,722,775,837,877,912,929],[4.137164559405029,2.7826188965997183,0.6871770135734415,0.667530016189645,2.6902455764687034,4.607168188650764,4.270695952029551,3.4440173788450834,4.137164559405029,0.6753425559264385,3.914021008090819,3.3262343431887,3.577548771469606,3.914021008090819,4.019381523748645,2.997730276216664,0.691153161953081,3.383392757028649,0.6832166123573445,2.920769235080536])",0.0
R191,"['series','wind','popular','oil','night','despite','live','environmental','sound','sport','child','buy','experts','discuss','ongoing','developments','budget','report']","(1000,[14,24,106,154,158,212,220,321,404,417,464,555,567,679,803,856,989,995],[4.42484663185681,3.125563647726549,2.661258039595451,4.137164559405029,3.577548771469606,0.6753425559264385,4.019381523748645,0.667530016189645,3.914021008090819,4.270695952029551,3.125563647726549,2.3045830956567186,0.6792718340663283,4.830311739964974,3.7316994512968646,4.137164559405029,4.42484663185681,0.691153161953081])",1.0
R130,"['either','major','kitchen','left','imagine','go','attack','compare','wonder','thought','must','entire','father','during','experts','discuss','ongoing','developments','public','health']","(1000,[25,36,55,65,212,227,321,403,427,491,567,574,618,740,840,921,925,958,990,995],[3.7316994512968646,4.137164559405029,4.270695952029551,3.8187108282864943,0.6753425559264385,3.914021008090819,0.667530016189645,3.3262343431887,4.137164559405029,2.958509563063383,0.6792718340663283,5.117993812416755,2.958509563063383,3.577548771469606,3.6516567436233283,3.125563647726549,3.172083663361442,4.270695952029551,4.42484663185681,0.691153161953081])",1.0
F081,"['decade','apply','treat','last','seem','success','gun','thought','whose','different','yard','—','shocking','claims','mind','control','surface','internet']","(1000,[36,230,233,237,282,310,428,429,507,517,523,634,831,837,885,912,938,967],[4.137164559405029,0.6871770135734415,0.667530016189645,3.8187108282864943,3.4440173788450834,2.5530444549552183,4.830311739964974,3.4440173788450834,4.270695952029551,0.6753425559264385,3.4440173788450834,3.914021008090819,3.4440173788450834,0.691153161953081,3.125563647726549,0.6832166123573445,2.455405985391302,3.7316994512968646])",0.0
R209,"['heart','thousand','middle','note','better','government','finish','particularly','lawyer','yet','model','avoid','involve','experts','discuss','ongoing','developments','technology','breakthrough']","(1000,[212,264,321,383,403,468,484,491,497,534,567,599,663,738,866,871,921,988,995],[0.6753425559264385,3.125563647726549,0.667530016189645,2.345405090176974,3.3262343431887,2.246314187532743,4.019381523748645,2.958509563063383,3.2721671219184243,3.4440173788450834,0.6792718340663283,2.7200985396183848,3.6516567436233283,3.914021008090819,2.6902455764687034,3.5085558999826545,3.125563647726549,3.8187108282864943,0.691153161953081])",1.0
F228,"['car','others','sort','water','forward','camera','different','key','dark','pretty','push','answer','religious','anyone','man','tax','company','—','shocking','claims','hoax','surface','internet']","(1000,[12,81,163,194,230,233,270,276,310,324,362,380,468,517,518,576,588,654,685,831,837,879,912],[4.830311739964974,3.172083663361442,5.117993812416755,2.8844015909096608,0.6871770135734415,0.667530016189645,4.019381523748645,4.270695952029551,2.5530444549552183,3.4440173788450834,3.577548771469606,4.270695952029551,2.246314187532743,0.6753425559264385,4.270695952029551,3.577548771469606,3.8187108282864943,3.7316994512968646,3.7316994512968646,3.4440173788450834,0.691153161953081,4.019381523748645,0.6832166123573445])",0.0
R030,"['scene','international','whether','nice','theory','assume','writer','despite','tax','person','site','sister','mission','decide','experts','discuss','ongoing','developments','budget','report']","(1000,[106,176,212,270,312,321,329,408,442,464,472,496,555,567,578,593,667,873,881,995],[2.661258039595451,5.117993812416755,0.6753425559264385,4.019381523748645,4.270695952029551,0.667530016189645,3.914021008090819,3.5085558999826545,3.577548771469606,3.125563647726549,4.42484663185681,4.137164559405029,2.3045830956567186,0.6792718340663283,3.914021008090819,4.019381523748645,3.4440173788450834,2.60568818844064,4.42484663185681,0.691153161953081])",1.0
R214,"['entire','threat','pass','also','key','investment','everyone','experts','discuss','ongoing','developments','education']","(1000,[116,168,212,299,321,324,327,441,513,567,761,995],[3.3262343431887,2.661258039595451,0.6753425559264385,5.117993812416755,0.667530016189645,3.4440173788450834,2.5277266469709283,4.42484663185681,5.523458920524919,0.6792718340663283,3.2721671219184243,0.691153161953081])",1.0
R175,"['hit','tell','phone','federal','dark','treat','wrong','benefit','day','same','another','tax','beyond','suggest','main','exist','experts','discuss','ongoing','developments','economic','growth']","(1000,[139,194,212,216,270,321,381,446,531,535,553,567,634,699,788,807,840,857,915,927,933,995],[3.577548771469606,2.8844015909096608,0.6753425559264385,3.172083663361442,4.019381523748645,0.667530016189645,4.270695952029551,3.5085558999826545,3.2208738275308737,2.6902455764687034,2.920769235080536,0.6792718340663283,3.914021008090819,3.7316994512968646,3.6516567436233283,3.914021008090819,3.6516567436233283,3.914021008090819,3.125563647726549,3.4440173788450834,3.914021008090819,0.691153161953081])",1.0
